Timestamp,Raw EDA,Cleaned EDA,SCR_Onsets,SCR_Peaks,SCR_Recovery,SCR_Half_Recovery
2024-03-01 11:19:20.000,0.830302,0.8303040828445271,1,0,0,0
2024-03-01 11:19:20.250,1.17781,1.1741729804468617,0,0,0,0
2024-03-01 11:19:20.500,1.616094,1.6265882133017573,0,0,0,0
2024-03-01 11:19:20.750,2.09413,2.1084255943233257,0,0,0,0
2024-03-01 11:19:21.000,2.48001,2.427579845221913,0,0,0,0
2024-03-01 11:19:21.250,2.469697,2.511896422034205,0,1,0,0
2024-03-01 11:19:21.500,2.47226,2.4743918914461274,0,0,0,0
2024-03-01 11:19:21.750,2.467135,2.4494679683405565,0,0,0,0
2024-03-01 11:19:22.000,2.464572,2.46334281868074,0,0,0,0
2024-03-01 11:19:22.250,2.459447,2.474015222570052,0,0,0,0
2024-03-01 11:19:22.500,2.456884,2.455485796194974,0,0,0,0
2024-03-01 11:19:22.750,2.447915,2.4309260729184823,0,0,0,0
2024-03-01 11:19:23.000,2.449196,2.4492305931753844,0,0,0,0
2024-03-01 11:19:23.250,2.465853,2.5017168428090266,0,0,0,1
2024-03-01 11:19:23.500,2.494043,2.4944783429341437,0,0,0,0
2024-03-01 11:19:23.750,2.520951,2.3951770967514436,0,0,0,0
2024-03-01 11:19:24.000,2.132707,2.3320932634270197,0,0,0,0
2024-03-01 11:19:24.250,2.52992,2.4076355300400967,0,0,0,0
2024-03-01 11:19:24.500,2.526076,2.525441213547599,0,0,0,0
2024-03-01 11:19:24.750,2.517107,2.551516714704962,0,0,0,0
2024-03-01 11:19:25.000,2.511981,2.5097208854444184,0,0,0,0
2024-03-01 11:19:25.250,2.503012,2.4908338336047944,0,0,1,0
2024-03-01 11:19:25.500,2.497887,2.500705540333655,0,0,0,0
2024-03-01 11:19:25.750,2.495324,2.4974131918442097,0,0,0,0
2024-03-01 11:19:26.000,2.490199,2.4859136467885157,0,0,0,0
2024-03-01 11:19:26.250,2.494043,2.4967982342474238,0,0,0,0
2024-03-01 11:19:26.500,2.492761,2.511395560574332,0,0,0,0
2024-03-01 11:19:26.750,2.519669,2.474735956338205,0,0,0,0
2024-03-01 11:19:27.000,2.342846,2.3839435139357956,0,0,0,0
2024-03-01 11:19:27.250,2.322344,2.3130106199678933,0,0,0,0
2024-03-01 11:19:27.500,2.355659,2.336250719182341,0,0,0,0
2024-03-01 11:19:27.750,2.431257,2.4579734464525407,0,0,0,0
2024-03-01 11:19:28.000,2.631145,2.6196705445188786,0,0,0,0
2024-03-01 11:19:28.250,2.768248,2.756508589859145,0,0,0,0
2024-03-01 11:19:28.500,2.825907,2.845629459930824,1,0,0,0
2024-03-01 11:19:28.750,2.911757,2.9041049168268214,0,0,0,0
2024-03-01 11:19:29.000,2.957885,2.951381854574037,0,0,0,0
2024-03-01 11:19:29.250,2.982543,2.9881454180698004,0,0,0,0
2024-03-01 11:19:29.500,2.995356,3.0042324110583665,0,0,0,0
2024-03-01 11:19:29.750,3.017138,3.0033166536594766,0,0,0,0
2024-03-01 11:19:30.000,3.031233,3.0242572476011897,0,0,0,0
2024-03-01 11:19:30.250,3.078642,3.1017961716384654,0,0,0,0
2024-03-01 11:19:30.500,3.181149,3.181510905077181,0,1,0,0
2024-03-01 11:19:30.750,3.168335,3.142458815178375,0,0,0,0
2024-03-01 11:19:31.000,2.954353,2.9554939615473668,0,0,0,1
2024-03-01 11:19:31.250,2.705775,2.7431924397777636,0,0,1,0
2024-03-01 11:19:31.500,2.659647,2.6298988773793575,0,0,0,0
2024-03-01 11:19:31.750,2.617363,2.6132746641998668,0,0,0,0
2024-03-01 11:19:32.000,2.610956,2.6253850353000514,0,0,0,0
2024-03-01 11:19:32.250,2.635302,2.633484621327324,0,0,0,0
2024-03-01 11:19:32.500,2.644271,2.638048766640042,0,0,0,0
2024-03-01 11:19:32.750,2.63402,2.6366974798884657,0,0,0,0
2024-03-01 11:19:33.000,2.625051,2.626833534905778,0,0,0,0
2024-03-01 11:19:33.250,2.616082,2.614672532836179,0,0,0,0
2024-03-01 11:19:33.500,2.607112,2.6063259920544213,0,0,0,0
2024-03-01 11:19:33.750,2.599424,2.6012589270293467,0,0,0,0
2024-03-01 11:19:34.000,2.598143,2.5962307778504403,0,0,0,0
2024-03-01 11:19:34.250,2.587893,2.58956218644135,0,0,0,0
2024-03-01 11:19:34.500,2.582767,2.582306032376284,0,0,0,0
2024-03-01 11:19:34.750,2.580204,2.577619488286411,0,0,0,0
2024-03-01 11:19:35.000,2.571235,2.576789331503607,0,0,0,0
2024-03-01 11:19:35.250,2.580204,2.575436787428087,0,0,0,0
2024-03-01 11:19:35.500,2.567391,2.56830517969238,0,0,0,0
2024-03-01 11:19:35.750,2.557141,2.558378124577609,0,0,0,0
2024-03-01 11:19:36.000,2.555859,2.5554000789744555,0,0,0,0
2024-03-01 11:19:36.250,2.564828,2.564292033399987,0,0,0,0
2024-03-01 11:19:36.500,2.578923,2.5796618957713497,0,0,0,0
2024-03-01 11:19:36.750,2.593018,2.59213080809488,0,0,0,0
2024-03-01 11:19:37.000,2.59558,2.597015527300044,0,0,0,0
2024-03-01 11:19:37.250,2.599424,2.596670759743105,0,0,0,0
2024-03-01 11:19:37.500,2.591737,2.595688140627104,1,0,0,0
2024-03-01 11:19:37.750,2.598143,2.594775100774178,0,0,0,0
2024-03-01 11:19:38.000,2.589174,2.5910284908657104,0,0,0,0
2024-03-01 11:19:38.250,2.58533,2.5838263362489897,0,0,0,0
2024-03-01 11:19:38.500,2.575079,2.5765557516901865,0,0,0,0
2024-03-01 11:19:38.750,2.571235,2.571524949933954,0,0,0,0
2024-03-01 11:19:39.000,2.569954,2.5673221272160305,0,0,0,0
2024-03-01 11:19:39.250,2.559703,2.5623377829998644,0,0,0,0
2024-03-01 11:19:39.500,2.557141,2.5567919347710695,0,0,0,0
2024-03-01 11:19:39.750,2.552015,2.550833064881072,0,0,0,0
2024-03-01 11:19:40.000,2.544327,2.544551883096971,0,0,0,0
2024-03-01 11:19:40.250,2.53792,2.539518438939713,0,0,0,0
2024-03-01 11:19:40.500,2.539202,2.5372700255708796,0,0,0,0
2024-03-01 11:19:40.750,2.536639,2.5370982940827873,0,0,0,0
2024-03-01 11:19:41.000,2.535358,2.5367621664214024,0,0,0,0
2024-03-01 11:19:41.250,2.536639,2.5346284402321246,0,0,0,0
2024-03-01 11:19:41.500,2.530232,2.531127388752841,0,0,0,0
2024-03-01 11:19:41.750,2.52767,2.528123232512315,0,0,0,0
2024-03-01 11:19:42.000,2.526389,2.5260768663406488,0,0,0,0
2024-03-01 11:19:42.250,2.523826,2.5227360001486714,0,0,0,0
2024-03-01 11:19:42.500,2.513575,2.5157983443927625,0,0,0,0
2024-03-01 11:19:42.750,2.50845,2.506695599392823,0,0,0,0
2024-03-01 11:19:43.000,2.502043,2.5017941616562513,0,0,0,0
2024-03-01 11:19:43.250,2.507169,2.508510256016952,0,0,0,0
2024-03-01 11:19:43.500,2.52767,2.5278077198405438,0,0,0,0
2024-03-01 11:19:43.750,2.553297,2.5519931373525564,0,0,0,0
2024-03-01 11:19:44.000,2.572516,2.571573519189108,0,0,0,0
2024-03-01 11:19:44.250,2.577642,2.5806964497939933,0,0,0,0
2024-03-01 11:19:44.500,2.57636,2.578025703099059,0,0,0,0
2024-03-01 11:19:44.750,2.581486,2.5725340232216865,0,0,0,0
2024-03-01 11:19:45.000,2.577642,2.5799581527972086,0,0,0,0
2024-03-01 11:19:45.250,2.572516,2.5900282623246684,0,1,0,0
2024-03-01 11:19:45.500,2.572516,2.5512472476084054,0,0,0,0
2024-03-01 11:19:45.750,2.427726,2.427250797806819,0,0,1,1
2024-03-01 11:19:46.000,2.241621,2.2540436651972384,0,0,0,0
2024-03-01 11:19:46.250,2.09683,2.103962198680994,0,0,0,0
2024-03-01 11:19:46.500,2.04814,2.02264806046795,0,0,0,0
2024-03-01 11:19:46.750,2.026357,2.0323167221423692,0,0,0,0
2024-03-01 11:19:47.000,2.107081,2.13925715725808,0,0,0,0
2024-03-01 11:19:47.250,2.340283,2.2990347714284587,0,0,0,0
2024-03-01 11:19:47.500,2.4146,2.4325234908861293,1,0,0,0
2024-03-01 11:19:47.750,2.505575,2.5064629891626335,0,0,0,0
2024-03-01 11:19:48.000,2.555547,2.5534708888228588,0,0,0,0
2024-03-01 11:19:48.250,2.605519,2.607715384786769,0,0,0,0
2024-03-01 11:19:48.500,2.670866,2.663145287236665,0,0,0,0
2024-03-01 11:19:48.750,2.684961,2.694185662446846,0,1,0,0
2024-03-01 11:19:49.000,2.687524,2.6886343377035216,0,0,0,0
2024-03-01 11:19:49.250,2.679836,2.661514548432224,0,0,0,0
2024-03-01 11:19:49.500,2.619613,2.643854559808645,0,0,0,0
2024-03-01 11:19:49.750,2.658053,2.648081509426322,0,0,0,0
2024-03-01 11:19:50.000,2.658053,2.6515797546619018,0,0,0,0
2024-03-01 11:19:50.250,2.623457,2.6292414125088373,0,0,0,0
2024-03-01 11:19:50.500,2.581173,2.5861574399263096,0,0,0,1
2024-03-01 11:19:50.750,2.552984,2.5453072713608784,0,0,0,0
2024-03-01 11:19:51.000,2.522232,2.5217438433846167,0,0,0,0
2024-03-01 11:19:51.250,2.508137,2.5119082139075464,0,0,1,0
2024-03-01 11:19:51.500,2.485073,2.4945599000471597,0,0,0,0
2024-03-01 11:19:51.750,2.476104,2.4598984556533927,0,0,0,0
2024-03-01 11:19:52.000,2.459447,2.44021168915778,0,0,0,0
2024-03-01 11:19:52.250,2.388973,2.456685257563254,0,0,0,0
2024-03-01 11:19:52.500,2.496605,2.4464206455853548,0,0,0,0
2024-03-01 11:19:52.750,2.372316,2.3489216317191635,0,0,0,0
2024-03-01 11:19:53.000,2.204462,2.2474346378603225,0,0,0,0
2024-03-01 11:19:53.250,2.259559,2.276540310233033,0,0,0,0
2024-03-01 11:19:53.500,2.465853,2.4120057524710785,0,0,0,0
2024-03-01 11:19:53.750,2.487636,2.5087254257090934,0,0,0,0
2024-03-01 11:19:54.000,2.499168,2.512250015039498,0,0,0,0
2024-03-01 11:19:54.250,2.496605,2.4899694181332057,0,0,0,0
2024-03-01 11:19:54.500,2.499168,2.492711900244153,0,0,0,0
2024-03-01 11:19:54.750,2.503012,2.5043541743895807,0,0,0,0
2024-03-01 11:19:55.000,2.497887,2.5043505333483016,0,0,0,0
2024-03-01 11:19:55.250,2.503012,2.4992721176796513,0,0,0,0
2024-03-01 11:19:55.500,2.501731,2.498655875579776,0,0,0,0
2024-03-01 11:19:55.750,2.495324,2.500393364260228,0,0,0,0
2024-03-01 11:19:56.000,2.500449,2.4997424275093034,0,0,0,0
2024-03-01 11:19:56.250,2.504293,2.49839626209652,0,0,0,0
2024-03-01 11:19:56.500,2.495324,2.503936905158524,0,0,0,0
2024-03-01 11:19:56.750,2.526076,2.5204336936616376,0,0,0,0
2024-03-01 11:19:57.000,2.538889,2.5395826803280293,0,0,0,0
2024-03-01 11:19:57.250,2.544015,2.547324413751647,0,0,0,0
2024-03-01 11:19:57.500,2.546577,2.543571743878159,0,0,0,0
2024-03-01 11:19:57.750,2.554265,2.5489036556764124,0,0,0,0
2024-03-01 11:19:58.000,2.567079,2.5775007765014624,0,0,0,0
2024-03-01 11:19:58.250,2.600393,2.6077509938227523,0,0,0,0
2024-03-01 11:19:58.500,2.64524,2.6094492321445304,0,0,0,0
2024-03-01 11:19:58.750,2.560672,2.5974439969062746,0,0,0,0
2024-03-01 11:19:59.000,2.620894,2.613042135934287,1,0,0,0
2024-03-01 11:19:59.250,2.668304,2.656220246340379,0,0,0,0
2024-03-01 11:19:59.500,2.682398,2.689385957803694,0,0,0,0
2024-03-01 11:19:59.750,2.700337,2.70106083631662,0,0,0,0
2024-03-01 11:20:00.000,2.71315,2.7147488895480913,0,0,0,0
2024-03-01 11:20:00.250,2.745183,2.7419864321096346,0,0,0,0
2024-03-01 11:20:00.500,2.768248,2.7680430080902925,0,0,0,0
2024-03-01 11:20:00.750,2.779779,2.7812609643299906,0,0,0,0
2024-03-01 11:20:01.000,2.787467,2.7868910506677054,0,0,0,0
2024-03-01 11:20:01.250,2.787467,2.7892375878801174,0,1,0,0
2024-03-01 11:20:01.500,2.782342,2.7815251498335227,0,0,0,0
2024-03-01 11:20:01.750,2.768248,2.762044600870958,0,0,0,0
2024-03-01 11:20:02.000,2.733652,2.744587141845706,0,0,0,0
2024-03-01 11:20:02.250,2.746465,2.740625590655561,0,0,0,0
2024-03-01 11:20:02.500,2.745183,2.743154613187571,0,0,0,0
2024-03-01 11:20:02.750,2.736214,2.7396044757039473,0,0,0,0
2024-03-01 11:20:03.000,2.729808,2.7294711555422255,0,0,0,0
2024-03-01 11:20:03.250,2.720838,2.7196724221332924,0,0,0,0
2024-03-01 11:20:03.500,2.711869,2.71232610017438,0,0,0,1
2024-03-01 11:20:03.750,2.704181,2.7050762417648397,0,0,0,0
2024-03-01 11:20:04.000,2.700337,2.6980144960639043,0,0,0,0
2024-03-01 11:20:04.250,2.691368,2.6940572708879666,0,0,0,0
2024-03-01 11:20:04.500,2.69393,2.6922816296342003,0,0,0,0
2024-03-01 11:20:04.750,2.68368,2.684513196162035,0,0,0,0
2024-03-01 11:20:05.000,2.663178,2.663415685344252,0,0,0,0
2024-03-01 11:20:05.250,2.637552,2.6346073537565697,0,0,1,0
2024-03-01 11:20:05.500,2.610644,2.6142072460032413,0,0,0,0
2024-03-01 11:20:05.750,2.609362,2.6097900368456295,0,0,0,0
2024-03-01 11:20:06.000,2.613206,2.6106525119900734,0,0,0,0
2024-03-01 11:20:06.250,2.605519,2.603848941937459,0,0,0,0
2024-03-01 11:20:06.500,2.586298,2.5917196247777636,0,0,0,0
2024-03-01 11:20:06.750,2.586298,2.584764945211043,0,0,0,0
2024-03-01 11:20:07.000,2.591424,2.5837230934824293,0,0,0,0
2024-03-01 11:20:07.250,2.561953,2.574968713034436,0,0,0,0
2024-03-01 11:20:07.500,2.547858,2.543539066323192,0,0,0,0
2024-03-01 11:20:07.750,2.5107,2.4953104591682855,0,0,0,0
2024-03-01 11:20:08.000,2.435102,2.459569593413081,0,0,0,0
2024-03-01 11:20:08.250,2.464572,2.453098323030773,0,0,0,0
2024-03-01 11:20:08.500,2.459447,2.4553809995244777,0,0,0,0
2024-03-01 11:20:08.750,2.438946,2.442461903183044,0,0,0,0
2024-03-01 11:20:09.000,2.422288,2.4255515238671173,0,0,0,0
2024-03-01 11:20:09.250,2.43382,2.431429028974183,0,0,0,0
2024-03-01 11:20:09.500,2.465853,2.463944183117777,0,0,0,0
2024-03-01 11:20:09.750,2.503012,2.5054444618797973,0,0,0,0
2024-03-01 11:20:10.000,2.542733,2.5417001219055466,0,0,0,0
2024-03-01 11:20:10.250,2.569641,2.570377927016799,0,0,0,0
2024-03-01 11:20:10.500,2.593987,2.5929901005965075,0,0,0,0
2024-03-01 11:20:10.750,2.608081,2.6087264974835906,0,0,0,0
2024-03-01 11:20:11.000,2.614488,2.614970998744619,0,0,0,0
2024-03-01 11:20:11.250,2.611925,2.6104627176749555,0,0,0,0
2024-03-01 11:20:11.500,2.596549,2.5977613969220017,0,0,0,0
2024-03-01 11:20:11.750,2.582454,2.5820826628996802,0,0,0,0
2024-03-01 11:20:12.000,2.567079,2.567326035452815,0,0,0,0
2024-03-01 11:20:12.250,2.555547,2.555334345004685,0,0,0,0
2024-03-01 11:20:12.500,2.550421,2.5498761573351754,0,0,0,0
2024-03-01 11:20:12.750,2.556828,2.5573418445087985,0,0,0,0
2024-03-01 11:20:13.000,2.57861,2.579289000357323,0,0,0,0
2024-03-01 11:20:13.250,2.6068,2.60633842455963,0,0,0,0
2024-03-01 11:20:13.500,2.62602,2.624868086931807,0,0,0,0
2024-03-01 11:20:13.750,2.628582,2.6297706736835584,0,0,0,0
2024-03-01 11:20:14.000,2.62602,2.6257786000590473,0,0,0,0
2024-03-01 11:20:14.250,2.615769,2.616627426435146,0,0,0,0
2024-03-01 11:20:14.500,2.601675,2.6001169457799325,0,0,0,0
2024-03-01 11:20:14.750,2.576048,2.5767011697882927,0,0,0,0
2024-03-01 11:20:15.000,2.556828,2.555997079580581,0,0,0,0
2024-03-01 11:20:15.250,2.545296,2.548165107768225,0,0,0,0
2024-03-01 11:20:15.500,2.555547,2.55289517856329,0,0,0,0
2024-03-01 11:20:15.750,2.564516,2.5644474834415107,0,0,0,0
2024-03-01 11:20:16.000,2.583736,2.5838243476900145,1,0,0,0
2024-03-01 11:20:16.250,2.613206,2.6155402393545613,0,0,0,0
2024-03-01 11:20:16.500,2.65549,2.654596091213036,0,0,0,0
2024-03-01 11:20:16.750,2.692649,2.6888577698679126,0,0,0,0
2024-03-01 11:20:17.000,2.709306,2.712884028381214,0,0,0,0
2024-03-01 11:20:17.250,2.724682,2.7267200447486113,0,1,0,0
2024-03-01 11:20:17.500,2.728526,2.725050406529784,0,0,0,0
2024-03-01 11:20:17.750,2.706744,2.7043336709157804,0,0,0,0
2024-03-01 11:20:18.000,2.670866,2.678494728826046,0,0,0,0
2024-03-01 11:20:18.250,2.677273,2.670027786299271,0,0,0,1
2024-03-01 11:20:18.500,2.678554,2.6807262498988114,0,0,0,0
2024-03-01 11:20:18.750,2.673429,2.679710996686764,0,0,0,0
2024-03-01 11:20:19.000,2.641396,2.6304395737949027,0,0,1,0
2024-03-01 11:20:19.250,2.52992,2.53581022143118,0,0,0,0
2024-03-01 11:20:19.500,2.447915,2.449542127166875,0,0,0,0
2024-03-01 11:20:19.750,2.435102,2.4277963445580815,0,0,0,0
2024-03-01 11:20:20.000,2.454321,2.4685120476915445,0,0,0,0
2024-03-01 11:20:20.250,2.527357,2.5142081586624077,0,0,0,0
2024-03-01 11:20:20.500,2.522232,2.521895446799361,0,0,0,0
2024-03-01 11:20:20.750,2.504293,2.5104592416270495,0,0,0,0
2024-03-01 11:20:21.000,2.515825,2.52107251674231,0,0,0,0
2024-03-01 11:20:21.250,2.56836,2.5550712590165863,0,0,0,0
2024-03-01 11:20:21.500,2.576048,2.5816022927298694,0,0,0,0
2024-03-01 11:20:21.750,2.582454,2.586376046536574,0,0,0,0
2024-03-01 11:20:22.000,2.583736,2.5808265735282236,0,0,0,0
2024-03-01 11:20:22.250,2.579892,2.576414141595049,0,0,0,0
2024-03-01 11:20:22.500,2.56836,2.5731315345347814,0,0,0,0
2024-03-01 11:20:22.750,2.565797,2.5687812836869166,0,0,0,0
2024-03-01 11:20:23.000,2.583736,2.573088672871764,0,0,0,0
2024-03-01 11:20:23.250,2.6068,2.608671583072235,0,0,0,0
2024-03-01 11:20:23.500,2.661897,2.682051890635778,1,0,0,0
2024-03-01 11:20:23.750,2.787467,2.7592973046952967,0,0,0,0
2024-03-01 11:20:24.000,2.787467,2.7999419206726164,0,0,0,0
2024-03-01 11:20:24.250,2.804125,2.8071110686464973,0,0,0,0
2024-03-01 11:20:24.500,2.814375,2.8121480017181377,0,0,0,0
2024-03-01 11:20:24.750,2.827189,2.8239171395178038,0,0,0,0
2024-03-01 11:20:25.000,2.822063,2.8259643941355015,0,1,0,0
2024-03-01 11:20:25.250,2.815657,2.811752673706177,0,0,0,0
2024-03-01 11:20:25.500,2.79003,2.794007674467341,0,0,0,0
2024-03-01 11:20:25.750,2.782342,2.782037643183581,0,0,0,0
2024-03-01 11:20:26.000,2.773373,2.770042556648889,0,0,0,0
2024-03-01 11:20:26.250,2.750309,2.751709856282363,0,0,0,0
2024-03-01 11:20:26.500,2.729808,2.7323296636050256,0,0,0,1
2024-03-01 11:20:26.750,2.72212,2.719413497952406,0,0,0,0
2024-03-01 11:20:27.000,2.710588,2.711059674416016,0,0,0,0
2024-03-01 11:20:27.250,2.700337,2.7007454347207505,0,0,0,0
2024-03-01 11:20:27.500,2.687524,2.688292403363547,0,0,0,0
2024-03-01 11:20:27.750,2.68368,2.681200352060803,0,0,0,0
2024-03-01 11:20:28.000,2.68368,2.6848688591099363,0,0,0,0
2024-03-01 11:20:28.250,2.688805,2.6925619128952225,0,0,0,0
2024-03-01 11:20:28.500,2.696493,2.6936216622200275,0,0,0,0
2024-03-01 11:20:28.750,2.704181,2.695930624544089,0,0,0,0
2024-03-01 11:20:29.000,2.708025,2.7165228515483717,0,0,0,0
2024-03-01 11:20:29.250,2.715713,2.733547317676672,0,0,0,0
2024-03-01 11:20:29.500,2.727245,2.688912842801932,0,0,0,0
2024-03-01 11:20:29.750,2.555547,2.5720019738399422,0,0,1,0
2024-03-01 11:20:30.000,2.429976,2.4520403918891835,0,0,0,0
2024-03-01 11:20:30.250,2.422288,2.3921425949848865,0,0,0,0
2024-03-01 11:20:30.500,2.372316,2.3838580253931765,0,0,0,0
2024-03-01 11:20:30.750,2.390255,2.391542652136258,0,0,0,0
2024-03-01 11:20:31.000,2.406912,2.4067999067456998,0,0,0,0
2024-03-01 11:20:31.250,2.440227,2.4373035060475705,0,0,0,0
2024-03-01 11:20:31.500,2.477385,2.477604017898955,0,0,0,0
2024-03-01 11:20:31.750,2.501731,2.5061235477131256,0,0,0,0
2024-03-01 11:20:32.000,2.505575,2.5061104237321454,0,0,0,0
2024-03-01 11:20:32.250,2.5107,2.496081385902387,0,0,0,0
2024-03-01 11:20:32.500,2.513263,2.5270979683002803,1,0,0,0
2024-03-01 11:20:32.750,2.610644,2.622624533346068,0,0,0,0
2024-03-01 11:20:33.000,2.768248,2.737143818425448,0,0,0,0
2024-03-01 11:20:33.250,2.787467,2.803646211127789,0,1,0,0
2024-03-01 11:20:33.500,2.783623,2.7970744206687037,0,0,0,0
2024-03-01 11:20:33.750,2.754153,2.7317064012171413,0,0,0,0
2024-03-01 11:20:34.000,2.631145,2.6369593953549297,0,0,0,1
2024-03-01 11:20:34.250,2.540171,2.55137616738251,0,0,1,0
2024-03-01 11:20:34.500,2.513263,2.5029925990398554,0,0,0,0
2024-03-01 11:20:34.750,2.487636,2.4882757831656557,0,0,0,0
2024-03-01 11:20:35.000,2.486355,2.4890864548897764,0,0,0,0
2024-03-01 11:20:35.250,2.499168,2.4982054093782105,0,0,0,0
2024-03-01 11:20:35.500,2.513263,2.5136878396895996,0,0,0,0
2024-03-01 11:20:35.750,2.524795,2.5251206278867455,0,0,0,0
2024-03-01 11:20:36.000,2.524795,2.522071477935941,0,0,0,0
2024-03-01 11:20:36.250,2.505575,2.508468666675489,0,0,0,0
2024-03-01 11:20:36.500,2.496605,2.4954835035680207,0,0,0,0
2024-03-01 11:20:36.750,2.481229,2.4825296352585116,0,0,0,0
2024-03-01 11:20:37.000,2.459447,2.459938478380936,0,0,0,0
2024-03-01 11:20:37.250,2.441508,2.4346195552703023,0,0,0,0
2024-03-01 11:20:37.500,2.427413,2.432813133676356,0,0,0,0
2024-03-01 11:20:37.750,2.451759,2.4600766895352444,0,0,0,0
2024-03-01 11:20:38.000,2.492761,2.481576192555948,0,0,0,0
2024-03-01 11:20:38.250,2.479948,2.472102870178144,0,0,0,0
2024-03-01 11:20:38.500,2.438946,2.4595128528542425,0,0,0,0
2024-03-01 11:20:38.750,2.487636,2.4786996847178395,0,0,0,0
2024-03-01 11:20:39.000,2.514544,2.5116289198458572,0,0,0,0
2024-03-01 11:20:39.250,2.522232,2.519645053173234,0,0,0,0
2024-03-01 11:20:39.500,2.500449,2.5091710192760575,0,0,0,0
2024-03-01 11:20:39.750,2.523513,2.5179795263773563,0,0,0,0
2024-03-01 11:20:40.000,2.547858,2.552278498585605,0,0,0,0
2024-03-01 11:20:40.250,2.585017,2.579433997029953,0,0,0,0
2024-03-01 11:20:40.500,2.579892,2.5793420817407533,0,0,0,0
2024-03-01 11:20:40.750,2.561953,2.568095563177949,0,0,0,0
2024-03-01 11:20:41.000,2.564516,2.5654233506910784,0,0,0,0
2024-03-01 11:20:41.250,2.581173,2.5705541471814457,0,0,0,0
2024-03-01 11:20:41.500,2.574767,2.5821994791240552,1,0,0,0
2024-03-01 11:20:41.750,2.609362,2.6110395132470012,0,0,0,0
2024-03-01 11:20:42.000,2.656772,2.6555682488242756,0,0,0,0
2024-03-01 11:20:42.250,2.697774,2.6934340603702065,0,0,0,0
2024-03-01 11:20:42.500,2.710588,2.712934593145418,0,0,0,0
2024-03-01 11:20:42.750,2.727245,2.7285036980856825,0,0,0,0
2024-03-01 11:20:43.000,2.747746,2.7526462080643284,0,0,0,0
2024-03-01 11:20:43.250,2.79003,2.7781732095889438,0,0,0,0
2024-03-01 11:20:43.500,2.793874,2.79862670781578,0,0,0,0
2024-03-01 11:20:43.750,2.80925,2.816771061898993,0,0,0,0
2024-03-01 11:20:44.000,2.825907,2.8221942597591965,0,1,0,0
2024-03-01 11:20:44.250,2.806687,2.7922984888327833,0,0,0,0
2024-03-01 11:20:44.500,2.701618,2.7260657606913345,0,0,0,0
2024-03-01 11:20:44.750,2.668304,2.6512009131764316,0,0,0,1
2024-03-01 11:20:45.000,2.591424,2.595156490592739,0,0,1,0
2024-03-01 11:20:45.250,2.563235,2.566042770004286,0,0,0,0
2024-03-01 11:20:45.500,2.555547,2.554611533936573,0,0,0,0
2024-03-01 11:20:45.750,2.545296,2.5434227683128143,0,0,0,0
2024-03-01 11:20:46.000,2.522232,2.5231306491676087,0,0,0,0
2024-03-01 11:20:46.250,2.504293,2.5049475291682626,0,0,0,0
2024-03-01 11:20:46.500,2.5107,2.509830950458761,0,0,0,0
2024-03-01 11:20:46.750,2.542733,2.544055428095129,0,0,0,0
2024-03-01 11:20:47.000,2.591424,2.5906745046052944,0,0,0,0
2024-03-01 11:20:47.250,2.627301,2.626149688794888,0,0,0,0
2024-03-01 11:20:47.500,2.640114,2.641308128308839,0,0,0,0
2024-03-01 11:20:47.750,2.642677,2.6427886620598944,0,0,0,0
2024-03-01 11:20:48.000,2.637552,2.6377198229689074,0,0,0,0
2024-03-01 11:20:48.250,2.62602,2.625443230848853,0,0,0,0
2024-03-01 11:20:48.500,2.6068,2.6063588958447856,0,0,0,0
2024-03-01 11:20:48.750,2.590142,2.5903069776874257,0,0,0,0
2024-03-01 11:20:49.000,2.586298,2.587526211269634,0,0,0,0
2024-03-01 11:20:49.250,2.593987,2.5944602388603624,0,0,0,0
2024-03-01 11:20:49.500,2.601675,2.598666703876942,0,0,0,0
2024-03-01 11:20:49.750,2.596549,2.5967587479622503,0,0,0,0
2024-03-01 11:20:50.000,2.591424,2.5941845959483016,0,0,0,0
2024-03-01 11:20:50.250,2.583736,2.5887367307347993,0,0,0,0
2024-03-01 11:20:50.500,2.592705,2.5760747306670204,0,0,0,0
2024-03-01 11:20:50.750,2.559391,2.571953016290469,0,0,0,0
2024-03-01 11:20:51.000,2.593987,2.5995864051182225,0,0,0,0
2024-03-01 11:20:51.250,2.667022,2.6527237106274755,1,0,0,0
2024-03-01 11:20:51.500,2.695212,2.70122661956889,0,0,0,0
2024-03-01 11:20:51.750,2.728526,2.7313922535611863,0,0,0,0
2024-03-01 11:20:52.000,2.755434,2.752753239170571,0,0,0,0
2024-03-01 11:20:52.250,2.77081,2.770944969495574,0,0,0,0
2024-03-01 11:20:52.500,2.779779,2.779255859424441,0,0,0,0
2024-03-01 11:20:52.750,2.773373,2.7754581909811398,0,0,0,0
2024-03-01 11:20:53.000,2.773373,2.7709094411285524,0,0,0,0
2024-03-01 11:20:53.250,2.778498,2.7773159774971967,0,0,0,0
2024-03-01 11:20:53.500,2.778498,2.7859461723447296,0,1,0,0
2024-03-01 11:20:53.750,2.774654,2.7691688619613912,0,0,0,0
2024-03-01 11:20:54.000,2.72212,2.714882992293909,0,0,0,1
2024-03-01 11:20:54.250,2.636271,2.6507116233097165,0,0,1,0
2024-03-01 11:20:54.500,2.622176,2.61446544061551,0,0,0,0
2024-03-01 11:20:54.750,2.609362,2.6084721491278433,0,0,0,0
2024-03-01 11:20:55.000,2.601675,2.6042559354110715,0,0,0,0
2024-03-01 11:20:55.250,2.58758,2.5886500803240033,0,0,0,0
2024-03-01 11:20:55.500,2.595268,2.588416008830074,0,0,0,0
2024-03-01 11:20:55.750,2.634989,2.639438497345363,1,0,0,0
2024-03-01 11:20:56.000,2.718276,2.7289759444546746,0,0,0,0
2024-03-01 11:20:56.250,2.805406,2.785549152760244,0,1,0,0
2024-03-01 11:20:56.500,2.737496,2.7504553050383413,0,0,0,0
2024-03-01 11:20:56.750,2.656772,2.6486565103377955,0,0,1,1
2024-03-01 11:20:57.000,2.54914,2.561262664446062,0,0,0,0
2024-03-01 11:20:57.250,2.54914,2.5377210113304924,0,0,0,0
2024-03-01 11:20:57.500,2.556828,2.5627635892654097,0,0,0,0
2024-03-01 11:20:57.750,2.605519,2.600183184468309,0,0,0,0
2024-03-01 11:20:58.000,2.628582,2.635609503815916,0,0,0,0
2024-03-01 11:20:58.250,2.675992,2.670557599534303,0,0,0,0
2024-03-01 11:20:58.500,2.696493,2.699263235047515,0,0,0,0
2024-03-01 11:20:58.750,2.709306,2.7087834726662523,0,0,0,0
2024-03-01 11:20:59.000,2.699056,2.6963749876778738,0,0,0,0
2024-03-01 11:20:59.250,2.670866,2.675089621500547,0,0,0,0
2024-03-01 11:20:59.500,2.661897,2.660677695582468,0,0,0,0
2024-03-01 11:20:59.750,2.661897,2.659569539918223,0,0,0,0
2024-03-01 11:21:00.000,2.668304,2.669030301093455,0,0,0,0
2024-03-01 11:21:00.250,2.67471,2.6776595430621346,0,0,0,0
2024-03-01 11:21:00.500,2.665741,2.665929988582528,0,0,0,0
2024-03-01 11:21:00.750,2.632427,2.6245136253030834,0,0,0,0
2024-03-01 11:21:01.000,2.56836,2.575936779160409,0,0,0,0
2024-03-01 11:21:01.250,2.558109,2.558575237953467,0,0,0,0
2024-03-01 11:21:01.500,2.58758,2.5839743565323876,0,0,0,0
2024-03-01 11:21:01.750,2.62602,2.6266363204290637,0,0,0,0
2024-03-01 11:21:02.000,2.656772,2.6576334944602524,0,0,0,0
2024-03-01 11:21:02.250,2.672148,2.671749319695012,0,0,0,0
2024-03-01 11:21:02.500,2.678554,2.6791048927717904,0,0,0,0
2024-03-01 11:21:02.750,2.684961,2.6843603305050054,0,0,0,0
2024-03-01 11:21:03.000,2.681117,2.682118128104922,0,0,0,0
2024-03-01 11:21:03.250,2.670866,2.6683836572417508,0,0,0,0
2024-03-01 11:21:03.500,2.646521,2.6491202176174085,0,0,0,0
2024-03-01 11:21:03.750,2.634989,2.6347126899911886,0,0,0,0
2024-03-01 11:21:04.000,2.631145,2.629601947297655,0,0,0,0
2024-03-01 11:21:04.250,2.629864,2.6306260994889734,0,0,0,0
2024-03-01 11:21:04.500,2.631145,2.6323102627374326,0,0,0,0
2024-03-01 11:21:04.750,2.632427,2.630703181651494,0,0,0,0
2024-03-01 11:21:05.000,2.624738,2.6250746111236136,0,0,0,0
2024-03-01 11:21:05.250,2.61705,2.618322972534951,0,0,0,0
2024-03-01 11:21:05.500,2.615769,2.614103754966693,0,0,0,0
2024-03-01 11:21:05.750,2.611925,2.613068577734306,0,0,0,0
2024-03-01 11:21:06.000,2.613206,2.6128962783338103,0,0,0,0
2024-03-01 11:21:06.250,2.611925,2.6113290602620043,0,0,0,0
2024-03-01 11:21:06.500,2.6068,2.608053484786149,0,0,0,0
2024-03-01 11:21:06.750,2.605519,2.6036894586322736,0,0,0,0
2024-03-01 11:21:07.000,2.595268,2.598038192430046,0,0,0,0
2024-03-01 11:21:07.250,2.593987,2.5908432908604664,0,0,0,0
2024-03-01 11:21:07.500,2.582454,2.583814628614843,0,0,0,0
2024-03-01 11:21:07.750,2.577329,2.5789474865772832,0,0,0,0
2024-03-01 11:21:08.000,2.577329,2.574510576335118,0,0,0,0
2024-03-01 11:21:08.250,2.564516,2.566175613637673,0,0,0,0
2024-03-01 11:21:08.500,2.552984,2.5526849867501817,0,0,0,0
2024-03-01 11:21:08.750,2.537608,2.5375096550099516,0,0,0,0
2024-03-01 11:21:09.000,2.524795,2.524950733890957,0,0,0,0
2024-03-01 11:21:09.250,2.517107,2.516548790059825,0,0,0,0
2024-03-01 11:21:09.500,2.509419,2.5106481125422824,0,0,0,0
2024-03-01 11:21:09.750,2.505575,2.504351359196118,0,0,0,0
2024-03-01 11:21:10.000,2.496605,2.4964292711088705,0,0,0,0
2024-03-01 11:21:10.250,2.486355,2.488391184404602,0,0,0,0
2024-03-01 11:21:10.500,2.485073,2.482548495294868,0,0,0,0
2024-03-01 11:21:10.750,2.478667,2.47945041625782,0,0,0,0
2024-03-01 11:21:11.000,2.474823,2.47650326904785,0,0,0,0
2024-03-01 11:21:11.250,2.470979,2.469426588907692,0,0,0,0
2024-03-01 11:21:11.500,2.459447,2.4576580924287272,0,0,0,0
2024-03-01 11:21:11.750,2.44279,2.4467213500121536,0,0,0,0
2024-03-01 11:21:12.000,2.44279,2.4410079392809396,0,0,0,0
2024-03-01 11:21:12.250,2.438946,2.437263636497644,0,0,0,0
2024-03-01 11:21:12.500,2.427413,2.430525201488049,0,0,0,0
2024-03-01 11:21:12.750,2.426132,2.423308271541943,0,0,0,0
2024-03-01 11:21:13.000,2.422288,2.42310625161657,0,0,0,0
2024-03-01 11:21:13.250,2.428695,2.431768452742462,1,0,0,0
2024-03-01 11:21:13.500,2.447915,2.442732458277515,0,0,0,0
2024-03-01 11:21:13.750,2.447915,2.450195643328782,0,0,0,0
2024-03-01 11:21:14.000,2.45304,2.455526974123292,0,0,0,0
2024-03-01 11:21:14.250,2.465853,2.461713555149666,0,0,0,0
2024-03-01 11:21:14.500,2.464572,2.4671018983697084,0,0,0,0
2024-03-01 11:21:14.750,2.468416,2.467651474463677,0,1,0,0
2024-03-01 11:21:15.000,2.460728,2.4613175736306787,0,0,0,0
2024-03-01 11:21:15.250,2.450477,2.4493463885919975,0,0,0,0
2024-03-01 11:21:15.500,2.435102,2.43586781873167,0,0,0,0
2024-03-01 11:21:15.750,2.424851,2.4250537194471797,0,0,0,1
2024-03-01 11:21:16.000,2.417163,2.4169282928905504,0,0,0,0
2024-03-01 11:21:16.250,2.408194,2.4079303139064656,0,0,0,0
2024-03-01 11:21:16.500,2.396662,2.396551527818914,0,0,0,0
2024-03-01 11:21:16.750,2.385129,2.3857719942767304,0,0,1,0
2024-03-01 11:21:17.000,2.378723,2.3787707206144026,0,0,0,0
2024-03-01 11:21:17.250,2.37616,2.374640153685879,0,0,0,0
2024-03-01 11:21:17.500,2.367191,2.369761355805643,0,0,0,0
2024-03-01 11:21:17.750,2.364628,2.3623400885959995,0,0,0,0
2024-03-01 11:21:18.000,2.354378,2.354758022613636,0,0,0,0
2024-03-01 11:21:18.250,2.349252,2.3507936076455445,0,0,0,0
2024-03-01 11:21:18.500,2.351815,2.350274255400949,0,0,0,0
2024-03-01 11:21:18.750,2.347971,2.3486584867234486,0,0,0,0
2024-03-01 11:21:19.000,2.344127,2.3430735826464444,0,0,0,0
2024-03-01 11:21:19.250,2.333876,2.3357472021814374,0,0,0,0
2024-03-01 11:21:19.500,2.331314,2.3298633188456197,0,0,0,0
2024-03-01 11:21:19.750,2.324907,2.325111665607045,0,0,0,0
2024-03-01 11:21:20.000,2.3185,2.319281113231273,0,0,0,0
2024-03-01 11:21:20.250,2.313375,2.31221147439996,0,0,0,0
2024-03-01 11:21:20.500,2.305687,2.3061889408295397,0,0,0,0
2024-03-01 11:21:20.750,2.301843,2.3028959765041956,0,0,0,0
2024-03-01 11:21:21.000,2.303124,2.301696720259909,0,0,0,0
2024-03-01 11:21:21.250,2.301843,2.300708110706534,0,0,0,0
2024-03-01 11:21:21.500,2.292874,2.296510485333463,0,0,0,0
2024-03-01 11:21:21.750,2.285186,2.2852290961173836,0,0,0,0
2024-03-01 11:21:22.000,2.281342,2.2729315360109843,0,0,0,0
2024-03-01 11:21:22.250,2.271091,2.281922742738441,0,0,0,0
2024-03-01 11:21:22.500,2.335158,2.3305704102429754,0,0,0,0
2024-03-01 11:21:22.750,2.406912,2.405542898819622,1,0,0,0
2024-03-01 11:21:23.000,2.464572,2.468872682830903,0,0,0,0
2024-03-01 11:21:23.250,2.503012,2.494852539366417,0,0,0,0
2024-03-01 11:21:23.500,2.479948,2.489655670085406,0,0,0,0
2024-03-01 11:21:23.750,2.479948,2.4765890875730037,0,0,0,0
2024-03-01 11:21:24.000,2.482511,2.475108916631075,0,0,0,0
2024-03-01 11:21:24.250,2.479948,2.4929193826187666,0,0,0,0
2024-03-01 11:21:24.500,2.532483,2.5235303988431754,0,0,0,0
2024-03-01 11:21:24.750,2.547858,2.549684155484922,0,0,0,0
2024-03-01 11:21:25.000,2.558109,2.558120722993505,0,1,0,0
2024-03-01 11:21:25.250,2.546577,2.5494583716979555,0,0,0,0
2024-03-01 11:21:25.500,2.536327,2.531177001404028,0,0,0,0
2024-03-01 11:21:25.750,2.504293,2.5093714076141924,0,0,0,0
2024-03-01 11:21:26.000,2.494043,2.491209266901849,0,0,0,1
2024-03-01 11:21:26.250,2.488917,2.4864923317490883,0,0,0,0
2024-03-01 11:21:26.500,2.490199,2.4972137858049073,0,0,0,0
2024-03-01 11:21:26.750,2.511981,2.508380115004311,0,0,0,0
2024-03-01 11:21:27.000,2.506856,2.5017520520268035,0,0,0,0
2024-03-01 11:21:27.250,2.47226,2.479893272547706,0,0,0,0
2024-03-01 11:21:27.500,2.465853,2.4629380622501023,0,0,0,0
2024-03-01 11:21:27.750,2.460728,2.460671121773778,0,0,0,0
2024-03-01 11:21:28.000,2.463291,2.4625783456815586,0,0,0,0
2024-03-01 11:21:28.250,2.455603,2.4566419601249736,0,0,0,0
2024-03-01 11:21:28.500,2.445352,2.4445592208537508,0,0,0,0
2024-03-01 11:21:28.750,2.43382,2.434981345996199,0,0,0,0
2024-03-01 11:21:29.000,2.431257,2.430539323356173,0,0,0,0
2024-03-01 11:21:29.250,2.427413,2.4269579211447994,0,0,0,0
2024-03-01 11:21:29.500,2.421007,2.421451744930819,0,0,0,0
2024-03-01 11:21:29.750,2.415881,2.4163104829386426,0,0,0,0
2024-03-01 11:21:30.000,2.4146,2.413788477418344,0,0,0,0
2024-03-01 11:21:30.250,2.410756,2.41178084956349,0,0,0,0
2024-03-01 11:21:30.500,2.408194,2.4071922123024034,0,0,0,0
2024-03-01 11:21:30.750,2.401787,2.401403768466676,0,0,0,0
2024-03-01 11:21:31.000,2.396662,2.398645954829489,0,0,0,0
2024-03-01 11:21:31.250,2.400506,2.39906307006193,0,0,0,0
2024-03-01 11:21:31.500,2.397943,2.3976142909615854,0,0,0,0
2024-03-01 11:21:31.750,2.390255,2.391216974882266,0,0,0,0
2024-03-01 11:21:32.000,2.383848,2.3829725931257024,0,0,0,0
2024-03-01 11:21:32.250,2.37616,2.3772874323310393,0,0,0,0
2024-03-01 11:21:32.500,2.374879,2.374265577641207,0,0,0,0
2024-03-01 11:21:32.750,2.372316,2.37120642277154,0,0,0,0
2024-03-01 11:21:33.000,2.364628,2.366377205493083,0,0,0,0
2024-03-01 11:21:33.250,2.358222,2.358559532458716,0,0,0,0
2024-03-01 11:21:33.500,2.349252,2.3462634128278737,0,0,0,0
2024-03-01 11:21:33.750,2.32747,2.3304849169967667,0,0,1,0
2024-03-01 11:21:34.000,2.315938,2.3151022892241864,0,0,0,0
2024-03-01 11:21:34.250,2.303124,2.302511782046246,0,0,0,0
2024-03-01 11:21:34.500,2.291592,2.291985172324048,0,0,0,0
2024-03-01 11:21:34.750,2.282623,2.282816081315826,0,0,0,0
2024-03-01 11:21:35.000,2.276217,2.2755826645600203,0,0,0,0
2024-03-01 11:21:35.250,2.268528,2.2699207715514533,0,0,0,0
2024-03-01 11:21:35.500,2.265966,2.264002818530931,0,0,0,0
2024-03-01 11:21:35.750,2.255715,2.257071390159778,0,0,0,0
2024-03-01 11:21:36.000,2.25059,2.2507024476349127,0,0,0,0
2024-03-01 11:21:36.250,2.248027,2.2468245080350573,0,0,0,0
2024-03-01 11:21:36.500,2.244183,2.2452338890526136,0,0,0,0
2024-03-01 11:21:36.750,2.242902,2.243044279077363,0,0,0,0
2024-03-01 11:21:37.000,2.237777,2.2368471886568084,0,0,0,0
2024-03-01 11:21:37.250,2.226244,2.226709927354553,0,0,0,0
2024-03-01 11:21:37.500,2.217275,2.2172466316178823,0,0,0,0
2024-03-01 11:21:37.750,2.21215,2.2125013835156873,0,0,0,0
2024-03-01 11:21:38.000,2.210869,2.210672267614578,0,0,0,0
2024-03-01 11:21:38.250,2.207025,2.2066600245407897,0,0,0,0
2024-03-01 11:21:38.500,2.199337,2.199126122096784,0,0,0,0
2024-03-01 11:21:38.750,2.190367,2.191638721754871,0,0,0,0
2024-03-01 11:21:39.000,2.187804,2.1867744743120756,0,0,0,0
2024-03-01 11:21:39.250,2.182679,2.1828239072145106,0,0,0,0
2024-03-01 11:21:39.500,2.177554,2.1773395476608934,0,0,0,0
2024-03-01 11:21:39.750,2.169866,2.170587004494892,0,0,0,0
2024-03-01 11:21:40.000,2.164741,2.1643467773251,0,0,0,0
2024-03-01 11:21:40.250,2.160897,2.160670135450061,0,0,0,0
2024-03-01 11:21:40.500,2.163459,2.163444495799712,0,0,0,0
2024-03-01 11:21:40.750,2.177554,2.178084268994659,0,0,0,0
2024-03-01 11:21:41.000,2.207025,2.206825396033921,0,0,0,0
2024-03-01 11:21:41.250,2.245465,2.2447339535737445,0,0,0,0
2024-03-01 11:21:41.500,2.28006,2.2812728923066214,0,0,0,0
2024-03-01 11:21:41.750,2.306968,2.306830673212362,0,0,0,0
2024-03-01 11:21:42.000,2.322344,2.320464133323072,0,0,0,0
2024-03-01 11:21:42.250,2.330032,2.33197423259116,0,0,0,0
2024-03-01 11:21:42.500,2.353096,2.353357720740973,0,0,0,0
2024-03-01 11:21:42.750,2.388973,2.387836893522623,1,0,0,0
2024-03-01 11:21:43.000,2.429976,2.42950460601838,0,0,0,0
2024-03-01 11:21:43.250,2.469697,2.4707168964654445,0,0,0,0
2024-03-01 11:21:43.500,2.504293,2.506378454264569,0,0,0,0
2024-03-01 11:21:43.750,2.541452,2.5362701666190484,0,0,0,0
2024-03-01 11:21:44.000,2.564516,2.566332545235105,0,0,0,0
2024-03-01 11:21:44.250,2.593987,2.600179830860888,0,0,0,0
2024-03-01 11:21:44.500,2.637552,2.6291892456415678,0,0,0,0
2024-03-01 11:21:44.750,2.640114,2.6418465780066596,0,1,0,0
2024-03-01 11:21:45.000,2.636271,2.639871130152395,0,0,0,0
2024-03-01 11:21:45.250,2.633708,2.632757593752494,0,0,0,0
2024-03-01 11:21:45.500,2.62602,2.6226339399756484,0,0,0,0
2024-03-01 11:21:45.750,2.604237,2.6059739837400233,0,0,0,0
2024-03-01 11:21:46.000,2.57861,2.582607146815155,0,0,0,0
2024-03-01 11:21:46.250,2.561953,2.5552728775573317,0,0,0,0
2024-03-01 11:21:46.500,2.523513,2.527337700971556,0,0,0,1
2024-03-01 11:21:46.750,2.503012,2.5030093635164703,0,0,0,0
2024-03-01 11:21:47.000,2.483792,2.4834661462649303,0,0,0,0
2024-03-01 11:21:47.250,2.465853,2.464920754052423,0,0,0,0
2024-03-01 11:21:47.500,2.445352,2.445323785772992,0,0,0,0
2024-03-01 11:21:47.750,2.426132,2.428225385033902,0,0,1,0
2024-03-01 11:21:48.000,2.418444,2.4161579857923754,0,0,0,0
2024-03-01 11:21:48.250,2.40435,2.405583879362598,0,0,0,0
2024-03-01 11:21:48.500,2.392817,2.392338597314385,0,0,0,0
2024-03-01 11:21:48.750,2.378723,2.3781374484897766,0,0,0,0
2024-03-01 11:21:49.000,2.36591,2.367485121822164,0,0,0,0
2024-03-01 11:21:49.250,2.360784,2.3599428519026886,0,0,0,0
2024-03-01 11:21:49.500,2.350533,2.3501688890129078,0,0,0,0
2024-03-01 11:21:49.750,2.336439,2.3361352452536632,0,0,0,0
2024-03-01 11:21:50.000,2.321063,2.322529369491859,0,0,0,0
2024-03-01 11:21:50.250,2.314656,2.3139160626328454,0,0,0,0
2024-03-01 11:21:50.500,2.309531,2.308644414989375,0,0,0,0
2024-03-01 11:21:50.750,2.300562,2.3019652767588155,0,0,0,0
2024-03-01 11:21:51.000,2.292874,2.292223501683761,0,0,0,0
2024-03-01 11:21:51.250,2.282623,2.282055647448688,0,0,0,0
2024-03-01 11:21:51.500,2.273654,2.2747901688134813,0,0,0,0
2024-03-01 11:21:51.750,2.271091,2.2706364993462613,0,0,0,0
2024-03-01 11:21:52.000,2.267247,2.2671601661648233,0,0,0,0
2024-03-01 11:21:52.250,2.264684,2.263851885016769,0,0,0,0
2024-03-01 11:21:52.500,2.262122,2.2636875683064748,0,0,0,0
2024-03-01 11:21:52.750,2.268528,2.2683088599700314,0,0,0,0
2024-03-01 11:21:53.000,2.276217,2.274546727419767,0,0,0,0
2024-03-01 11:21:53.250,2.276217,2.277684340521233,0,0,0,0
2024-03-01 11:21:53.500,2.274935,2.2755155293647054,0,0,0,0
2024-03-01 11:21:53.750,2.271091,2.269133987687434,0,0,0,0
2024-03-01 11:21:54.000,2.262122,2.263919679658408,0,0,0,0
2024-03-01 11:21:54.250,2.271091,2.269225044087851,0,0,0,0
2024-03-01 11:21:54.500,2.28903,2.2913129779752266,1,0,0,0
2024-03-01 11:21:54.750,2.326188,2.325288232855216,0,0,0,0
2024-03-01 11:21:55.000,2.359503,2.358233490973585,0,0,0,0
2024-03-01 11:21:55.250,2.380004,2.3809498981349746,0,0,0,0
2024-03-01 11:21:55.500,2.391536,2.3925147346736146,0,0,0,0
2024-03-01 11:21:55.750,2.39538,2.3944928302082933,0,1,0,0
2024-03-01 11:21:56.000,2.388973,2.387896498023028,0,0,0,0
2024-03-01 11:21:56.250,2.374879,2.376593320685627,0,0,0,0
2024-03-01 11:21:56.500,2.367191,2.366570402966558,0,0,0,0
2024-03-01 11:21:56.750,2.359503,2.3595390255873716,0,0,0,0
2024-03-01 11:21:57.000,2.351815,2.351799793489584,0,0,0,0
2024-03-01 11:21:57.250,2.341564,2.3405326915924936,0,0,0,0
2024-03-01 11:21:57.500,2.324907,2.3274713953141206,0,0,0,0
2024-03-01 11:21:57.750,2.3185,2.315682034888279,0,0,0,1
2024-03-01 11:21:58.000,2.304406,2.3059261058470293,0,0,0,0
2024-03-01 11:21:58.250,2.296718,2.297113074521566,0,0,0,0
2024-03-01 11:21:58.500,2.290311,2.288372743619775,0,0,0,0
2024-03-01 11:21:58.750,2.277498,2.2798535810393727,0,0,0,0
2024-03-01 11:21:59.000,2.273654,2.2720854070692598,0,0,1,0
2024-03-01 11:21:59.250,2.264684,2.265100845923598,0,0,0,0
2024-03-01 11:21:59.500,2.258278,2.2582156896455436,0,0,0,0
2024-03-01 11:21:59.750,2.249308,2.2502955198909884,0,0,0,0
2024-03-01 11:22:00.000,2.242902,2.2406092678758487,0,0,0,0
2024-03-01 11:22:00.250,2.227526,2.2299468847763793,0,0,0,0
2024-03-01 11:22:00.500,2.221119,2.2201790827290693,0,0,0,0
2024-03-01 11:22:00.750,2.213431,2.2124400669920283,0,0,0,0
2024-03-01 11:22:01.000,2.204462,2.2062102151321024,0,0,0,0
2024-03-01 11:22:01.250,2.200618,2.199975787005384,0,0,0,0
2024-03-01 11:22:01.500,2.194211,2.1933084950969444,0,0,0,0
2024-03-01 11:22:01.750,2.187804,2.1884419807776223,0,0,0,0
2024-03-01 11:22:02.000,2.186523,2.1872179937485705,0,0,0,0
2024-03-01 11:22:02.250,2.186523,2.1864071872964783,0,0,0,0
2024-03-01 11:22:02.500,2.182679,2.180942411825964,0,0,0,0
2024-03-01 11:22:02.750,2.171147,2.1724169981222246,0,0,0,0
2024-03-01 11:22:03.000,2.167303,2.1683683286264976,0,0,0,0
2024-03-01 11:22:03.250,2.17371,2.1719646930453864,0,0,0,0
2024-03-01 11:22:03.500,2.177554,2.1783331505836068,0,0,0,0
2024-03-01 11:22:03.750,2.182679,2.1824080010943794,0,0,0,0
2024-03-01 11:22:04.000,2.185242,2.1848367549285403,0,0,0,0
2024-03-01 11:22:04.250,2.186523,2.1885813214614864,0,0,0,0
2024-03-01 11:22:04.500,2.198055,2.195953707780441,0,0,0,0
2024-03-01 11:22:04.750,2.213431,2.2127705190787395,0,0,0,0
2024-03-01 11:22:05.000,2.246746,2.2482672921823013,0,0,0,0
2024-03-01 11:22:05.250,2.300562,2.3028412398031697,1,0,0,0
2024-03-01 11:22:05.500,2.36591,2.361158985681894,0,0,0,0
2024-03-01 11:22:05.750,2.40435,2.4056494479834605,0,0,0,0
2024-03-01 11:22:06.000,2.428695,2.4311818753649606,0,0,0,0
2024-03-01 11:22:06.250,2.441508,2.4407603145750048,0,0,0,0
2024-03-01 11:22:06.500,2.440227,2.437797603163621,0,0,0,0
2024-03-01 11:22:06.750,2.429976,2.4306900994900644,0,0,0,0
2024-03-01 11:22:07.000,2.429976,2.4329969445959927,0,0,0,0
2024-03-01 11:22:07.250,2.451759,2.449293910687729,0,0,0,0
2024-03-01 11:22:07.500,2.469697,2.4691323339579117,0,0,0,0
2024-03-01 11:22:07.750,2.479948,2.480824280355443,0,0,0,0
2024-03-01 11:22:08.000,2.482511,2.483096763512592,0,1,0,0
2024-03-01 11:22:08.250,2.479948,2.4792883016096914,0,0,0,0
2024-03-01 11:22:08.500,2.468416,2.4683416927421176,0,0,0,0
2024-03-01 11:22:08.750,2.446633,2.447082831301094,0,0,0,0
2024-03-01 11:22:09.000,2.418444,2.417289861921705,0,0,0,0
2024-03-01 11:22:09.250,2.383848,2.3857633502507674,0,0,0,0
2024-03-01 11:22:09.500,2.359503,2.3581056619335037,0,0,0,1
2024-03-01 11:22:09.750,2.335158,2.3349192764750613,0,0,0,0
2024-03-01 11:22:10.000,2.312094,2.3136874710506286,0,0,0,0
2024-03-01 11:22:10.250,2.294155,2.2925796631042057,0,0,1,0
2024-03-01 11:22:10.500,2.272372,2.272747648687252,0,0,0,0
2024-03-01 11:22:10.750,2.256996,2.2573299415053296,0,0,0,0
2024-03-01 11:22:11.000,2.246746,2.2469694671530953,0,0,0,0
2024-03-01 11:22:11.250,2.237777,2.2371196290038498,0,0,0,0
2024-03-01 11:22:11.500,2.2224,2.2228641602545336,0,0,0,0
2024-03-01 11:22:11.750,2.207025,2.206684139126254,0,0,0,0
2024-03-01 11:22:12.000,2.198055,2.1976756778626423,0,0,0,0
2024-03-01 11:22:12.250,2.198055,2.1990420489418923,0,0,0,0
2024-03-01 11:22:12.500,2.196774,2.1971440730546687,0,0,0,0
2024-03-01 11:22:12.750,2.172429,2.1713088371760376,0,0,0,0
2024-03-01 11:22:13.000,2.121175,2.122888049804246,0,0,0,0
2024-03-01 11:22:13.250,2.09683,2.087230108599478,0,0,0,0
2024-03-01 11:22:13.500,2.078892,2.097194351245754,0,0,0,0
2024-03-01 11:22:13.750,2.145521,2.1361148473926947,0,0,0,0
2024-03-01 11:22:14.000,2.164741,2.1540879554282535,0,0,0,0
2024-03-01 11:22:14.250,2.117331,2.1329661811700995,0,0,0,0
2024-03-01 11:22:14.500,2.107081,2.1047626932325367,0,0,0,0
2024-03-01 11:22:14.750,2.114769,2.1049917317871207,0,0,0,0
2024-03-01 11:22:15.000,2.126301,2.1357048248258557,0,0,0,0
2024-03-01 11:22:15.250,2.17371,2.1718559924586676,0,0,0,0
2024-03-01 11:22:15.500,2.186523,2.186073775361568,0,0,0,0
2024-03-01 11:22:15.750,2.180117,2.1735030659033154,0,0,0,0
2024-03-01 11:22:16.000,2.145521,2.1564791861268793,0,0,0,0
2024-03-01 11:22:16.250,2.159615,2.1554670113909458,0,0,0,0
2024-03-01 11:22:16.500,2.167303,2.1646177247810807,0,0,0,0
2024-03-01 11:22:16.750,2.169866,2.1693600471916055,0,0,0,0
2024-03-01 11:22:17.000,2.166022,2.171150642298376,0,0,0,0
2024-03-01 11:22:17.250,2.178835,2.177097543517308,0,0,0,0
2024-03-01 11:22:17.500,2.185242,2.1814157940555665,0,0,0,0
2024-03-01 11:22:17.750,2.171147,2.174880093253143,0,0,0,0
2024-03-01 11:22:18.000,2.162178,2.1609628255606057,0,0,0,0
2024-03-01 11:22:18.250,2.148083,2.1495530099445075,0,0,0,0
2024-03-01 11:22:18.500,2.145521,2.1430735912777306,0,0,0,0
2024-03-01 11:22:18.750,2.136551,2.1369554281575036,0,0,0,0
2024-03-01 11:22:19.000,2.123738,2.1275247791268805,0,0,0,0
2024-03-01 11:22:19.250,2.121175,2.11497116086903,0,0,0,0
2024-03-01 11:22:19.500,2.098111,2.1025553852536354,0,0,0,0
2024-03-01 11:22:19.750,2.094267,2.0935751529425066,0,0,0,0
2024-03-01 11:22:20.000,2.087861,2.087116792679446,0,0,0,0
2024-03-01 11:22:20.250,2.080173,2.079614458423042,0,0,0,0
2024-03-01 11:22:20.500,2.069922,2.071349930390601,0,0,0,0
2024-03-01 11:22:20.750,2.067359,2.066414525688973,0,0,0,0
2024-03-01 11:22:21.000,2.064797,2.065271395273252,0,0,0,0
2024-03-01 11:22:21.250,2.062234,2.062385247836557,0,0,0,0
2024-03-01 11:22:21.500,2.054546,2.0537907247287093,0,0,0,0
2024-03-01 11:22:21.750,2.044296,2.043720773560548,0,0,0,0
2024-03-01 11:22:22.000,2.036608,2.039108694852215,0,0,0,0
2024-03-01 11:22:22.250,2.040452,2.0390263140313505,0,0,0,0
2024-03-01 11:22:22.500,2.037889,2.0374263150866683,0,0,0,0
2024-03-01 11:22:22.750,2.03917,2.0378920927712425,0,0,0,0
2024-03-01 11:22:23.000,2.051983,2.0553628502411105,0,0,0,0
2024-03-01 11:22:23.250,2.098111,2.0971610126787343,1,0,0,0
2024-03-01 11:22:23.500,2.153209,2.150474456591347,0,0,0,0
2024-03-01 11:22:23.750,2.191648,2.195075584570044,0,0,0,0
2024-03-01 11:22:24.000,2.224963,2.2221006812855664,0,0,0,0
2024-03-01 11:22:24.250,2.232651,2.235280332901163,0,0,0,0
2024-03-01 11:22:24.500,2.241621,2.240232840772038,0,0,0,0
2024-03-01 11:22:24.750,2.240339,2.239793811088499,0,0,0,0
2024-03-01 11:22:25.000,2.236495,2.2375211335943948,0,0,0,0
2024-03-01 11:22:25.250,2.239058,2.2392281058006045,0,0,0,0
2024-03-01 11:22:25.500,2.25059,2.249406372727053,0,0,0,0
2024-03-01 11:22:25.750,2.267247,2.267819855585489,0,0,0,0
2024-03-01 11:22:26.000,2.287748,2.288864489132237,0,0,0,0
2024-03-01 11:22:26.250,2.305687,2.3038285941848327,0,1,0,0
2024-03-01 11:22:26.500,2.305687,2.306873631988516,0,0,0,0
2024-03-01 11:22:26.750,2.300562,2.299946198335025,0,0,0,0
2024-03-01 11:22:27.000,2.28903,2.2885769951130364,0,0,0,0
2024-03-01 11:22:27.250,2.26981,2.272785791486695,0,0,0,0
2024-03-01 11:22:27.500,2.251871,2.2494453292091157,0,0,0,1
2024-03-01 11:22:27.750,2.23137,2.2272319621599346,0,0,0,0
2024-03-01 11:22:28.000,2.218556,2.2274729394214914,0,0,1,0
2024-03-01 11:22:28.250,2.264684,2.25796100788762,0,0,0,0
2024-03-01 11:22:28.500,2.291592,2.2969076564065984,0,0,0,0
2024-03-01 11:22:28.750,2.326188,2.3215910679887193,0,0,0,0
2024-03-01 11:22:29.000,2.34669,2.3397396481425408,0,0,0,0
2024-03-01 11:22:29.250,2.344127,2.3580073122175405,0,0,0,0
2024-03-01 11:22:29.500,2.317219,2.335179270536053,0,0,0,0
2024-03-01 11:22:29.750,2.301843,2.2358168156852005,0,0,0,0
2024-03-01 11:22:30.000,2.062234,2.1251447362063898,0,0,0,0
2024-03-01 11:22:30.250,2.123738,2.1099523940147353,0,0,0,0
2024-03-01 11:22:30.500,2.187804,2.177943644299584,0,0,0,0
2024-03-01 11:22:30.750,2.207025,2.212241559543469,0,0,0,0
2024-03-01 11:22:31.000,2.203181,2.1770107020123013,0,0,0,0
2024-03-01 11:22:31.250,2.108362,2.1635811003482046,0,0,0,0
2024-03-01 11:22:31.500,2.265966,2.2311398583696764,0,0,0,0
2024-03-01 11:22:31.750,2.33772,2.3237726741096134,0,0,0,0
2024-03-01 11:22:32.000,2.347971,2.3756535481931946,0,0,0,0
2024-03-01 11:22:32.250,2.396662,2.389488039324617,0,0,0,0
2024-03-01 11:22:32.500,2.383848,2.383475264069131,0,0,0,0
2024-03-01 11:22:32.750,2.368472,2.3543718419445394,0,0,0,0
2024-03-01 11:22:33.000,2.295436,2.313738996177421,0,0,0,0
2024-03-01 11:22:33.250,2.291592,2.2905846974122746,0,0,0,0
2024-03-01 11:22:33.500,2.303124,2.2905234144139173,0,0,0,0
2024-03-01 11:22:33.750,2.291592,2.299225761139609,0,0,0,0
2024-03-01 11:22:34.000,2.317219,2.315924721861973,0,0,0,0
2024-03-01 11:22:34.250,2.340283,2.347886755460014,0,0,0,0
2024-03-01 11:22:34.500,2.401787,2.3928011218535783,0,0,0,0
2024-03-01 11:22:34.750,2.467135,2.4508936978587528,0,0,0,0
2024-03-01 11:22:35.000,2.47226,2.521118457994509,0,0,0,0
2024-03-01 11:22:35.250,2.618332,2.5747465684325794,0,0,0,0
2024-03-01 11:22:35.500,2.583736,2.5822700198540303,0,0,0,0
2024-03-01 11:22:35.750,2.531201,2.563349819755076,0,0,0,0
2024-03-01 11:22:36.000,2.570923,2.553296250709315,0,0,0,0
2024-03-01 11:22:36.250,2.550421,2.5434389610721673,0,0,0,0
2024-03-01 11:22:36.500,2.508137,2.512117644657189,0,0,0,0
2024-03-01 11:22:36.750,2.465853,2.4785350931529475,0,0,0,0
2024-03-01 11:22:37.000,2.490199,2.4772018860392486,0,0,0,0
2024-03-01 11:22:37.250,2.514544,2.5110975950909915,0,0,0,0
2024-03-01 11:22:37.500,2.541452,2.5572960251828953,0,0,0,0
2024-03-01 11:22:37.750,2.605519,2.597803086970083,1,0,0,0
2024-03-01 11:22:38.000,2.654209,2.6376419710208987,0,0,0,0
2024-03-01 11:22:38.250,2.66446,2.6935608391135384,0,0,0,0
2024-03-01 11:22:38.500,2.766966,2.754632094855983,0,0,0,0
2024-03-01 11:22:38.750,2.784905,2.7765806612143784,0,1,0,0
2024-03-01 11:22:39.000,2.738777,2.74073578140925,0,0,0,0
2024-03-01 11:22:39.250,2.667022,2.683533717796429,0,0,1,1
2024-03-01 11:22:39.500,2.656772,2.6409902668542093,0,0,0,0
2024-03-01 11:22:39.750,2.6068,2.6062135345443784,0,0,0,0
2024-03-01 11:22:40.000,2.554265,2.566187202446264,0,0,0,0
2024-03-01 11:22:40.250,2.555547,2.540780933891193,0,0,0,0
2024-03-01 11:22:40.500,2.546577,2.5574091773949297,0,0,0,0
2024-03-01 11:22:40.750,2.604237,2.6066506734256403,0,0,0,0
2024-03-01 11:22:41.000,2.66446,2.6495071083763397,0,0,0,0
2024-03-01 11:22:41.250,2.65549,2.6700260866594863,0,0,0,0
2024-03-01 11:22:41.500,2.706744,2.698141612467738,0,0,0,0
2024-03-01 11:22:41.750,2.76056,2.765207750241732,1,0,0,0
2024-03-01 11:22:42.000,2.850253,2.854530095055217,0,0,0,0
2024-03-01 11:22:42.250,2.934821,2.9208811372583443,0,0,0,0
2024-03-01 11:22:42.500,2.938977,2.950067253779826,0,0,0,0
2024-03-01 11:22:42.750,2.972292,2.965287039953854,0,0,0,0
2024-03-01 11:22:43.000,2.953072,2.9730489828267084,0,1,0,0
2024-03-01 11:22:43.250,2.981261,2.949182679780012,0,0,0,0
2024-03-01 11:22:43.500,2.877473,2.8942379422505393,0,0,0,1
2024-03-01 11:22:43.750,2.841596,2.847634575914527,0,0,0,0
2024-03-01 11:22:44.000,2.823657,2.821422618225007,0,0,1,0
2024-03-01 11:22:44.250,2.792905,2.782752033826179,0,0,0,0
2024-03-01 11:22:44.500,2.735245,2.731727959234433,0,0,0,0
2024-03-01 11:22:44.750,2.703212,2.7229646650559505,0,0,0,0
2024-03-01 11:22:45.000,2.771123,2.77238699984361,0,0,0,0
2024-03-01 11:22:45.250,2.853128,2.821217705214107,0,0,0,0
2024-03-01 11:22:45.500,2.810844,2.832961105417887,0,0,0,0
2024-03-01 11:22:45.750,2.836471,2.8459096770409227,1,0,0,0
2024-03-01 11:22:46.000,2.905663,2.894428582457306,0,0,0,0
2024-03-01 11:22:46.250,2.97101,2.9592345224738774,0,0,0,0
2024-03-01 11:22:46.500,3.003044,3.0195068570877845,0,0,0,0
2024-03-01 11:22:46.750,3.07608,3.0736225668158905,0,0,0,0
2024-03-01 11:22:47.000,3.088893,3.0974542779861647,0,1,0,0
2024-03-01 11:22:47.250,3.096581,3.0641253936237125,0,0,0,0
2024-03-01 11:22:47.500,2.97998,3.0053028060200244,0,0,0,0
2024-03-01 11:22:47.750,2.954353,2.9677269951142726,0,0,0,0
2024-03-01 11:22:48.000,2.944103,2.923535391492517,0,0,0,1
2024-03-01 11:22:48.250,2.840315,2.8232916898216853,0,0,1,0
2024-03-01 11:22:48.500,2.68143,2.716798976107379,0,0,0,0
2024-03-01 11:22:48.750,2.71987,2.7102994387138746,0,0,0,0
2024-03-01 11:22:49.000,2.828783,2.814909417970343,1,0,0,0
2024-03-01 11:22:49.250,2.919757,2.9290081716701932,0,0,0,0
2024-03-01 11:22:49.500,2.956916,2.962836201503359,0,1,0,0
2024-03-01 11:22:49.750,2.937696,2.9194386731418978,0,0,0,0
2024-03-01 11:22:50.000,2.837752,2.8597968774827733,0,0,0,1
2024-03-01 11:22:50.250,2.841596,2.8281436613031654,0,0,0,0
2024-03-01 11:22:50.500,2.819813,2.8216101459702063,0,0,1,0
2024-03-01 11:22:50.750,2.815969,2.820051618099265,0,0,0,0
2024-03-01 11:22:51.000,2.830064,2.822840928975699,0,0,0,0
2024-03-01 11:22:51.250,2.833908,2.8389498823557124,0,0,0,0
2024-03-01 11:22:51.500,2.844159,2.8522474997450127,0,0,0,0
2024-03-01 11:22:51.750,2.84544,2.8300678374610015,0,0,0,0
2024-03-01 11:22:52.000,2.774967,2.7722315141922156,0,0,0,0
2024-03-01 11:22:52.250,2.687836,2.710605818109496,0,0,0,0
2024-03-01 11:22:52.500,2.655803,2.6498074631773143,0,0,0,0
2024-03-01 11:22:52.750,2.599424,2.5691486466048348,0,0,0,0
2024-03-01 11:22:53.000,2.462322,2.497976115744049,0,0,0,0
2024-03-01 11:22:53.250,2.519982,2.507366296136118,0,0,0,0
2024-03-01 11:22:53.500,2.598143,2.5966864396275176,0,0,0,0
2024-03-01 11:22:53.750,2.655803,2.6661612013233014,0,0,0,0
2024-03-01 11:22:54.000,2.67246,2.645762605188999,0,0,0,0
2024-03-01 11:22:54.250,2.569954,2.5925927103743813,0,0,0,0
2024-03-01 11:22:54.500,2.599424,2.60651607677109,0,0,0,0
2024-03-01 11:22:54.750,2.7109,2.6919540784700655,0,0,0,0
2024-03-01 11:22:55.000,2.76856,2.7711740618649987,0,0,0,0
2024-03-01 11:22:55.250,2.800593,2.8059996434428878,0,0,0,0
2024-03-01 11:22:55.500,2.824939,2.828118508884253,0,0,0,0
2024-03-01 11:22:55.750,2.863379,2.8583643988885514,0,0,0,0
2024-03-01 11:22:56.000,2.872348,2.870506665911545,0,0,0,0
2024-03-01 11:22:56.250,2.841596,2.85001088258223,0,0,0,0
2024-03-01 11:22:56.500,2.856972,2.833102923588034,0,0,0,0
2024-03-01 11:22:56.750,2.810844,2.8501902706280537,0,0,0,0
2024-03-01 11:22:57.000,2.882599,2.8687207151028526,0,0,0,0
2024-03-01 11:22:57.250,2.900537,2.850366829336068,0,0,0,0
2024-03-01 11:22:57.500,2.74934,2.8307116715502363,0,0,0,0
2024-03-01 11:22:57.750,2.908225,2.8676847234353757,0,0,0,0
2024-03-01 11:22:58.000,2.968448,2.9499176130172087,0,0,0,0
2024-03-01 11:22:58.250,2.994074,3.0233792301170253,0,0,0,0
2024-03-01 11:22:58.500,3.054297,3.057407380533742,0,0,0,0
2024-03-01 11:22:58.750,3.072236,3.0466064242090187,0,0,0,0
2024-03-01 11:22:59.000,2.994074,3.0101114153411754,0,0,0,0
2024-03-01 11:22:59.250,3.001762,2.9936444284291204,0,0,0,0
2024-03-01 11:22:59.500,2.986386,3.010152897053098,0,0,0,0
2024-03-01 11:22:59.750,3.032514,3.00726064264123,0,0,0,0
2024-03-01 11:23:00.000,2.969729,2.9601320406689835,0,0,0,0
2024-03-01 11:23:00.250,2.914632,2.944739908037585,0,0,0,0
2024-03-01 11:23:00.500,3.040202,3.036274557464936,1,0,0,0
2024-03-01 11:23:00.750,3.208057,3.186363669837141,0,0,0,0
2024-03-01 11:23:01.000,3.274686,3.2871680113250035,0,0,0,0
2024-03-01 11:23:01.250,3.310563,3.311713759545596,0,1,0,0
2024-03-01 11:23:01.500,3.310563,3.3111811245697553,0,0,0,0
2024-03-01 11:23:01.750,3.310563,3.310875276429843,0,0,0,0
2024-03-01 11:23:02.000,3.291343,3.2867440696094503,0,0,0,0
2024-03-01 11:23:02.250,3.24009,3.2335044282951424,0,0,0,0
2024-03-01 11:23:02.500,3.165773,3.1927229564874917,0,0,0,1
2024-03-01 11:23:02.750,3.233683,3.2011787205331665,0,0,0,0
2024-03-01 11:23:03.000,3.229839,3.244672346410528,0,0,0,0
2024-03-01 11:23:03.250,3.256747,3.272569344830147,0,0,0,0
2024-03-01 11:23:03.500,3.286218,3.2504297727464047,0,0,0,0
2024-03-01 11:23:03.750,3.176023,3.201844638740363,0,0,0,0
2024-03-01 11:23:04.000,3.187555,3.18609526310444,0,0,0,0
2024-03-01 11:23:04.250,3.229839,3.2218888739356757,0,0,0,0
2024-03-01 11:23:04.500,3.256747,3.2597538848450056,0,0,0,0
2024-03-01 11:23:04.750,3.246497,3.2499534421983403,0,0,0,0
2024-03-01 11:23:05.000,3.22087,3.2119183237191176,0,0,0,0
2024-03-01 11:23:05.250,3.20165,3.202514713388825,0,0,0,0
2024-03-01 11:23:05.500,3.195243,3.215343357043547,0,0,0,0
2024-03-01 11:23:05.750,3.174742,3.1662054622897675,0,0,0,0
2024-03-01 11:23:06.000,3.073517,3.0321853036778625,0,0,1,0
2024-03-01 11:23:06.250,2.89413,2.9389323631795388,0,0,0,0
2024-03-01 11:23:06.500,2.973573,3.0028765549912153,1,0,0,0
2024-03-01 11:23:06.750,3.233683,3.1551780536037493,0,0,0,0
2024-03-01 11:23:07.000,3.211901,3.2476053818571096,0,0,0,0
2024-03-01 11:23:07.250,3.224714,3.246259419024991,0,1,0,0
2024-03-01 11:23:07.500,3.210619,3.1995845985921423,0,0,0,0
2024-03-01 11:23:07.750,3.155522,3.1236298837209437,0,0,1,1
2024-03-01 11:23:08.000,2.995356,3.029909165990449,0,0,0,0
2024-03-01 11:23:08.250,2.969729,2.9683515599796824,0,0,0,0
2024-03-01 11:23:08.500,2.978698,2.9654487038271355,0,0,0,0
2024-03-01 11:23:08.750,2.992793,2.990028673799288,0,0,0,0
2024-03-01 11:23:09.000,2.991512,3.00448103107169,0,0,0,0
2024-03-01 11:23:09.250,2.99023,2.9931247718307623,0,0,0,0
2024-03-01 11:23:09.500,2.973573,2.952382615768517,0,0,0,0
2024-03-01 11:23:09.750,2.887724,2.9034256596364356,0,0,0,0
2024-03-01 11:23:10.000,2.887724,2.88785171031301,0,0,0,0
2024-03-01 11:23:10.250,2.913351,2.9110890756666636,0,0,0,0
2024-03-01 11:23:10.500,2.924882,2.925888433605077,0,0,0,0
2024-03-01 11:23:10.750,2.917195,2.909547421722319,0,0,0,0
2024-03-01 11:23:11.000,2.917195,2.917173364556972,0,0,0,0
2024-03-01 11:23:11.250,2.981261,3.0053301534576486,1,0,0,0
2024-03-01 11:23:11.500,3.158085,3.1315179355165474,0,0,0,0
2024-03-01 11:23:11.750,3.192681,3.196503904320474,0,0,0,0
2024-03-01 11:23:12.000,3.169617,3.1755639352934386,0,0,0,0
2024-03-01 11:23:12.250,3.138865,3.140706053099711,0,0,0,0
2024-03-01 11:23:12.500,3.156803,3.155013184425127,0,0,0,0
2024-03-01 11:23:12.750,3.210619,3.207319492238423,0,0,0,0
2024-03-01 11:23:13.000,3.25931,3.2545673065354728,0,0,0,0
2024-03-01 11:23:13.250,3.247778,3.2685255259134194,0,1,0,0
2024-03-01 11:23:13.500,3.258029,3.222412383515036,0,0,0,0
2024-03-01 11:23:13.750,3.026108,3.088456926622226,0,0,1,1
2024-03-01 11:23:14.000,2.992793,2.896519704898894,0,0,0,0
2024-03-01 11:23:14.250,2.664772,2.7528699048627,0,0,0,0
2024-03-01 11:23:14.500,2.755747,2.732787649360075,0,0,0,0
2024-03-01 11:23:14.750,2.819813,2.789563582474371,0,0,0,0
2024-03-01 11:23:15.000,2.817251,2.837355930038841,0,0,0,0
2024-03-01 11:23:15.250,2.855691,2.867895378992846,0,0,0,0
2024-03-01 11:23:15.500,2.928726,2.9146488830231014,0,0,0,0
2024-03-01 11:23:15.750,2.972292,2.9698213522165102,0,0,0,0
2024-03-01 11:23:16.000,2.9992,3.005113785653278,0,0,0,0
2024-03-01 11:23:16.250,3.022264,3.020992394293441,0,0,0,0
2024-03-01 11:23:16.500,3.023545,3.0298404996434782,0,0,0,0
2024-03-01 11:23:16.750,3.044046,3.0327156103539004,0,0,0,0
2024-03-01 11:23:17.000,3.041484,3.0386538595674537,0,0,0,0
2024-03-01 11:23:17.250,3.041484,3.0658615684948263,0,0,0,0
2024-03-01 11:23:17.500,3.129895,3.1057675757529424,0,0,0,0
2024-03-01 11:23:17.750,3.123489,3.127339464939008,0,0,0,0
2024-03-01 11:23:18.000,3.120926,3.1301049335251765,1,0,0,0
2024-03-01 11:23:18.250,3.160647,3.152537202867298,0,0,0,0
2024-03-01 11:23:18.500,3.211901,3.21698699105689,0,0,0,0
2024-03-01 11:23:18.750,3.300313,3.2990127457761003,0,0,0,0
2024-03-01 11:23:19.000,3.366942,3.361635922994891,0,0,0,0
2024-03-01 11:23:19.250,3.390006,3.3967943307712622,0,0,0,0
2024-03-01 11:23:19.500,3.420758,3.4192725677028837,0,0,0,0
2024-03-01 11:23:19.750,3.436134,3.4347338888542893,0,0,0,0
2024-03-01 11:23:20.000,3.433915,3.4337853115587924,0,1,0,0
2024-03-01 11:23:20.250,3.413414,3.41331637349344,0,0,0,0
2024-03-01 11:23:20.500,3.382662,3.384776202238104,0,0,0,0
2024-03-01 11:23:20.750,3.360879,3.358941315011946,0,0,0,0
2024-03-01 11:23:21.000,3.335253,3.3369132095419465,0,0,0,0
2024-03-01 11:23:21.250,3.323721,3.3208893164332713,0,0,0,0
2024-03-01 11:23:21.500,3.319877,3.318298184809096,0,0,0,0
2024-03-01 11:23:21.750,3.309626,3.3219377423615346,0,0,0,0
2024-03-01 11:23:22.000,3.314751,3.3009011831833135,0,0,0,0
2024-03-01 11:23:22.250,3.235309,3.2347763697201097,0,0,0,0
2024-03-01 11:23:22.500,3.134084,3.1481398648178778,0,0,0,1
2024-03-01 11:23:22.750,3.10205,3.0885040073859087,0,0,0,0
2024-03-01 11:23:23.000,3.071298,3.0760170780708043,0,0,0,0
2024-03-01 11:23:23.250,3.086674,3.088952310230563,0,0,0,0
2024-03-01 11:23:23.500,3.094362,3.0941974628241353,0,0,0,0
2024-03-01 11:23:23.750,3.094362,3.087032702005998,0,0,0,0
2024-03-01 11:23:24.000,3.090518,3.091722677883984,0,0,0,0
2024-03-01 11:23:24.250,3.087956,3.105412551167088,0,0,0,0
2024-03-01 11:23:24.500,3.081549,3.0662670707585593,0,0,0,0
2024-03-01 11:23:24.750,2.944447,2.935757233060018,0,0,1,0
2024-03-01 11:23:25.000,2.780436,2.796527529734838,0,0,0,0
2024-03-01 11:23:25.250,2.794187,2.7733354262248024,0,0,0,0
2024-03-01 11:23:25.500,2.778811,2.841739270749627,0,0,0,0
2024-03-01 11:23:25.750,2.918476,2.8299796168197506,0,0,0,0
2024-03-01 11:23:26.000,2.628895,2.654659178448123,0,0,0,0
2024-03-01 11:23:26.250,2.367503,2.426364316463218,0,0,0,0
2024-03-01 11:23:26.500,2.32747,2.274648647644619,0,0,0,0
2024-03-01 11:23:26.750,2.241621,2.2248227942928183,0,0,0,0
2024-03-01 11:23:27.000,2.249308,2.283243263857626,0,0,0,0
2024-03-01 11:23:27.250,2.441508,2.459201410197936,0,0,0,0
2024-03-01 11:23:27.500,2.711869,2.66862700956607,0,0,0,0
2024-03-01 11:23:27.750,2.777217,2.7801599361705893,0,0,0,0
2024-03-01 11:23:28.000,2.734933,2.7715259496187565,0,0,0,0
2024-03-01 11:23:28.250,2.756716,2.7312100167058366,0,0,0,0
2024-03-01 11:23:28.500,2.742621,2.735405205391765,0,0,0,0
2024-03-01 11:23:28.750,2.782342,2.8003462204603196,0,0,0,0
2024-03-01 11:23:29.000,2.911757,2.9086097440100005,1,0,0,0
2024-03-01 11:23:29.250,3.038608,3.02688503472805,0,0,0,0
2024-03-01 11:23:29.500,3.11452,3.1247226914051525,0,0,0,0
2024-03-01 11:23:29.750,3.195243,3.1920751914582626,0,0,0,0
2024-03-01 11:23:30.000,3.22087,3.2260173593675523,0,1,0,0
2024-03-01 11:23:30.250,3.228558,3.218865018610405,0,0,0,0
2024-03-01 11:23:30.500,3.173461,3.1788945016761145,0,0,0,0
2024-03-01 11:23:30.750,3.138865,3.1396133839845373,0,0,0,0
2024-03-01 11:23:31.000,3.12477,3.125661193985884,0,0,0,0
2024-03-01 11:23:31.250,3.128614,3.1243645501451773,0,0,0,0
2024-03-01 11:23:31.500,3.108113,3.1103461973705424,0,0,0,0
2024-03-01 11:23:31.750,3.085049,3.0917890044677514,0,0,0,1
2024-03-01 11:23:32.000,3.132458,3.1084494883141174,0,0,0,0
2024-03-01 11:23:32.250,3.133739,3.1581840945630772,0,0,0,0
2024-03-01 11:23:32.500,3.120926,3.1470930779858417,0,0,0,0
2024-03-01 11:23:32.750,3.07608,2.9996957514417524,0,0,0,0
2024-03-01 11:23:33.000,2.792905,2.820828414047118,0,0,1,0
2024-03-01 11:23:33.250,2.724995,2.8034751649732716,0,0,0,0
2024-03-01 11:23:33.500,3.051734,2.9558805775059422,1,0,0,0
2024-03-01 11:23:33.750,3.082486,3.0959286275917837,0,0,0,0
2024-03-01 11:23:34.000,3.079924,3.1204051746176757,0,0,0,0
2024-03-01 11:23:34.250,3.109394,3.0906792443689146,0,0,0,0
2024-03-01 11:23:34.500,3.077361,3.06752951398397,0,0,0,0
2024-03-01 11:23:34.750,3.035077,3.0404993555521544,0,0,0,0
2024-03-01 11:23:35.000,3.008169,3.013461800998018,0,0,0,0
2024-03-01 11:23:35.250,3.035077,3.0272942011724018,0,0,0,0
2024-03-01 11:23:35.500,3.072236,3.087140126376691,0,0,0,0
2024-03-01 11:23:35.750,3.16321,3.1424770086005,0,0,0,0
2024-03-01 11:23:36.000,3.14399,3.1534768254225325,0,1,0,0
2024-03-01 11:23:36.250,3.126051,3.1335679772886396,0,0,0,0
2024-03-01 11:23:36.500,3.12477,3.1144795998722503,0,0,0,0
2024-03-01 11:23:36.750,3.102988,3.10522754550371,0,0,0,0
2024-03-01 11:23:37.000,3.097862,3.100125584454331,0,0,0,0
2024-03-01 11:23:37.250,3.099144,3.098559373704947,0,0,0,1
2024-03-01 11:23:37.500,3.102988,3.101418406013578,0,0,0,0
2024-03-01 11:23:37.750,3.101706,3.103404978319342,0,0,0,0
2024-03-01 11:23:38.000,3.099144,3.098661097971097,0,0,0,0
2024-03-01 11:23:38.250,3.090174,3.0888896963196144,0,0,0,0
2024-03-01 11:23:38.500,3.079924,3.0816638712653033,0,0,0,0
2024-03-01 11:23:38.750,3.081205,3.0809485114546633,0,0,0,0
2024-03-01 11:23:39.000,3.082486,3.0823117937602222,0,0,0,0
2024-03-01 11:23:39.250,3.081205,3.080082670249928,0,0,1,0
2024-03-01 11:23:39.500,3.074798,3.0741786369382393,0,0,0,0
2024-03-01 11:23:39.750,3.058141,3.063625455907048,0,0,0,0
2024-03-01 11:23:40.000,3.046609,3.0426576091141575,0,0,0,0
2024-03-01 11:23:40.250,3.022264,3.0165743000575014,0,0,0,0
2024-03-01 11:23:40.500,2.9992,3.007074262575289,0,0,0,0
2024-03-01 11:23:40.750,3.014576,3.016405906443946,0,0,0,0
2024-03-01 11:23:41.000,3.005606,3.002371381869994,0,0,0,0
2024-03-01 11:23:41.250,2.936414,2.929193679897139,0,0,0,0
2024-03-01 11:23:41.500,2.830064,2.834992235235347,0,0,0,0
2024-03-01 11:23:41.750,2.790343,2.803611654286806,0,0,0,0
2024-03-01 11:23:42.000,2.890287,2.8659857212884976,0,0,0,0
2024-03-01 11:23:42.250,2.944103,2.9626239066816824,0,0,0,0
2024-03-01 11:23:42.500,3.00945,3.0124493825126653,0,0,0,0
2024-03-01 11:23:42.750,3.036358,3.004647869272602,0,0,0,0
2024-03-01 11:23:43.000,2.965885,3.004825330990792,0,0,0,0
2024-03-01 11:23:43.250,3.07608,3.0559641927216283,0,0,0,0
2024-03-01 11:23:43.500,3.08633,3.104796525057941,0,0,0,0
2024-03-01 11:23:43.750,3.123489,3.078426713338347,0,0,0,0
2024-03-01 11:23:44.000,2.951791,2.9999216973790865,0,0,0,0
2024-03-01 11:23:44.250,2.963322,2.955148789697794,0,0,0,0
2024-03-01 11:23:44.500,3.004325,2.981430569074866,0,0,0,0
2024-03-01 11:23:44.750,3.054297,3.0616171892993354,0,0,0,0
2024-03-01 11:23:45.000,3.155522,3.1810717167545444,1,0,0,0
2024-03-01 11:23:45.250,3.354128,3.321425254577675,0,0,0,0
2024-03-01 11:23:45.500,3.424602,3.4402710439597692,0,0,0,0
2024-03-01 11:23:45.750,3.508232,3.5061402959950403,0,0,0,0
2024-03-01 11:23:46.000,3.524889,3.5261169648330397,0,1,0,0
2024-03-01 11:23:46.250,3.526171,3.522834301622429,0,0,0,0
2024-03-01 11:23:46.500,3.506951,3.508727269288924,0,0,0,0
2024-03-01 11:23:46.750,3.485168,3.4869730174449196,0,0,0,0
2024-03-01 11:23:47.000,3.464667,3.462207473969228,0,0,0,0
2024-03-01 11:23:47.250,3.44801,3.4462508555333975,0,0,0,0
2024-03-01 11:23:47.500,3.446728,3.450929819352046,0,0,0,0
2024-03-01 11:23:47.750,3.469792,3.4715620824974143,0,0,0,0
2024-03-01 11:23:48.000,3.4967,3.487442875373832,0,0,0,0
2024-03-01 11:23:48.250,3.478762,3.486543512654349,0,0,0,0
2024-03-01 11:23:48.500,3.478762,3.4776260944621478,0,0,0,0
2024-03-01 11:23:48.750,3.472355,3.471428398479126,0,0,0,0
2024-03-01 11:23:49.000,3.465948,3.464865163065101,0,0,0,1
2024-03-01 11:23:49.250,3.449291,3.4509882913190415,0,0,0,0
2024-03-01 11:23:49.500,3.432634,3.4316494920074603,0,0,0,0
2024-03-01 11:23:49.750,3.412133,3.4129050127087837,0,0,0,0
2024-03-01 11:23:50.000,3.395475,3.395758788920017,0,0,0,0
2024-03-01 11:23:50.250,3.380099,3.377632081751219,0,0,1,0
2024-03-01 11:23:50.500,3.355754,3.3584968094322543,0,0,0,0
2024-03-01 11:23:50.750,3.340378,3.340191765938712,0,0,0,0
2024-03-01 11:23:51.000,3.325002,3.323627172221648,0,0,0,0
2024-03-01 11:23:51.250,3.312189,3.3123711839657206,0,0,0,0
2024-03-01 11:23:51.500,3.31347,3.3125309357680695,0,0,0,0
2024-03-01 11:23:51.750,3.314751,3.319231931506999,0,0,0,0
2024-03-01 11:23:52.000,3.31347,3.311516789955483,0,0,0,0
2024-03-01 11:23:52.250,3.285281,3.2777445121683675,0,0,0,0
2024-03-01 11:23:52.500,3.230183,3.2402892458431793,0,0,0,0
2024-03-01 11:23:52.750,3.23659,3.2347425368168756,0,0,0,0
2024-03-01 11:23:53.000,3.272467,3.2685709457795347,0,0,0,0
2024-03-01 11:23:53.250,3.317314,3.3186203511800403,0,0,0,0
2024-03-01 11:23:53.500,3.360879,3.3621107546288136,0,0,0,0
2024-03-01 11:23:53.750,3.39035,3.3917008175562726,0,0,0,0
2024-03-01 11:23:54.000,3.412133,3.40716749226123,0,0,0,0
2024-03-01 11:23:54.250,3.404444,3.4093814827806512,0,0,0,0
2024-03-01 11:23:54.500,3.403163,3.401847664998431,0,0,0,0
2024-03-01 11:23:54.750,3.392912,3.390617883344651,0,0,0,0
2024-03-01 11:23:55.000,3.378818,3.3808903463715088,0,0,0,0
2024-03-01 11:23:55.250,3.37113,3.37225822894849,0,0,0,0
2024-03-01 11:23:55.500,3.360879,3.35971921376432,0,0,0,0
2024-03-01 11:23:55.750,3.349347,3.346455919902171,0,0,0,0
2024-03-01 11:23:56.000,3.346785,3.349652656376103,0,0,0,0
2024-03-01 11:23:56.250,3.377537,3.377950499913988,0,0,0,0
2024-03-01 11:23:56.500,3.405726,3.4114067945660302,0,0,0,0
2024-03-01 11:23:56.750,3.445447,3.432053815353977,1,0,0,0
2024-03-01 11:23:57.000,3.465948,3.463283474051473,0,0,0,0
2024-03-01 11:23:57.250,3.500544,3.5272981899001614,0,0,0,0
2024-03-01 11:23:57.500,3.583831,3.573736514641397,0,1,0,0
2024-03-01 11:23:57.750,3.567173,3.5341886905232207,0,0,0,0
2024-03-01 11:23:58.000,3.414695,3.445797502212788,0,0,0,1
2024-03-01 11:23:58.250,3.399319,3.41603004251314,0,0,1,0
2024-03-01 11:23:58.500,3.500544,3.4641318451368255,0,0,0,0
2024-03-01 11:23:58.750,3.497982,3.5070948404480884,0,0,0,0
2024-03-01 11:23:59.000,3.483887,3.496949797263062,0,0,0,0
2024-03-01 11:23:59.250,3.476199,3.4689304669833323,0,0,0,0
2024-03-01 11:23:59.500,3.462104,3.460181440456922,0,0,0,0
2024-03-01 11:23:59.750,3.462104,3.4628027122093297,0,0,0,0
2024-03-01 11:24:00.000,3.455698,3.458018192747884,0,0,0,0
2024-03-01 11:24:00.250,3.44801,3.446255294245872,0,0,0,0
2024-03-01 11:24:00.500,3.437759,3.4374971025720846,0,0,0,0
2024-03-01 11:24:00.750,3.432634,3.4344279904810797,0,0,0,0
2024-03-01 11:24:01.000,3.432634,3.4310740055728663,0,0,0,0
2024-03-01 11:24:01.250,3.422383,3.4224602604741485,0,0,0,0
2024-03-01 11:24:01.500,3.412133,3.4117513265161366,0,0,0,0
2024-03-01 11:24:01.750,3.403163,3.4058559219544806,0,0,0,0
2024-03-01 11:24:02.000,3.40957,3.406325402681249,0,0,0,0
2024-03-01 11:24:02.250,3.408288,3.4090809243680122,0,0,0,0
2024-03-01 11:24:02.500,3.40957,3.410878110183063,0,0,0,0
2024-03-01 11:24:02.750,3.412133,3.4114867971247382,0,0,0,0
2024-03-01 11:24:03.000,3.413414,3.413031579162091,0,0,0,0
2024-03-01 11:24:03.250,3.422383,3.420993899546831,0,0,0,0
2024-03-01 11:24:03.500,3.436478,3.4397889690558676,0,0,0,0
2024-03-01 11:24:03.750,3.464667,3.4636812096981977,0,0,0,0
2024-03-01 11:24:04.000,3.482606,3.481303837282296,0,0,0,0
2024-03-01 11:24:04.250,3.495419,3.492780416311559,0,0,0,0
2024-03-01 11:24:04.500,3.501826,3.506818395463369,0,0,0,0
2024-03-01 11:24:04.750,3.509514,3.5138561799664645,0,0,0,0
2024-03-01 11:24:05.000,3.500544,3.485134604538563,0,0,0,0
2024-03-01 11:24:05.250,3.4006,3.415204548033449,0,0,0,0
2024-03-01 11:24:05.500,3.353191,3.344683477524198,0,0,0,0
2024-03-01 11:24:05.750,3.314751,3.319320190988996,0,0,0,0
2024-03-01 11:24:06.000,3.336534,3.339941401366333,0,0,0,0
2024-03-01 11:24:06.250,3.385225,3.3730148345940973,0,0,0,0
2024-03-01 11:24:06.500,3.39035,3.3988590125055906,0,0,0,0
2024-03-01 11:24:06.750,3.41982,3.4219657372325196,0,0,0,0
2024-03-01 11:24:07.000,3.441603,3.440123078983986,0,0,0,0
2024-03-01 11:24:07.250,3.446728,3.4402120401772884,0,0,0,0
2024-03-01 11:24:07.500,3.426227,3.426433197275503,0,0,0,0
2024-03-01 11:24:07.750,3.396756,3.41524920913579,0,0,0,0
2024-03-01 11:24:08.000,3.424946,3.4034521958839883,0,0,0,0
2024-03-01 11:24:08.250,3.378818,3.3801133546829742,0,0,0,0
2024-03-01 11:24:08.500,3.346785,3.3610119819058637,0,0,0,0
2024-03-01 11:24:08.750,3.378818,3.371297567174785,0,0,0,0
2024-03-01 11:24:09.000,3.413414,3.4108006920585296,0,0,0,0
2024-03-01 11:24:09.250,3.472355,3.471782895318404,1,0,0,0
2024-03-01 11:24:09.500,3.562048,3.5625517069235073,0,0,0,0
2024-03-01 11:24:09.750,3.659429,3.677518588590606,0,0,0,0
2024-03-01 11:24:10.000,3.808064,3.776205072796488,0,0,0,0
2024-03-01 11:24:10.250,3.810626,3.8231686115977386,0,1,0,0
2024-03-01 11:24:10.500,3.790125,3.8127621175081137,0,0,0,0
2024-03-01 11:24:10.750,3.767061,3.7357395378307494,0,0,0,0
2024-03-01 11:24:11.000,3.569736,3.5694981281018547,0,0,0,1
2024-03-01 11:24:11.250,3.278874,3.3299992530418883,0,0,1,0
2024-03-01 11:24:11.500,3.195587,3.1152509423548755,0,0,0,0
2024-03-01 11:24:11.750,3.020045,3.062597553347344,0,0,0,0
2024-03-01 11:24:12.000,3.168679,3.212523783909972,0,0,0,0
2024-03-01 11:24:12.250,3.512076,3.4291301224834614,0,0,0,0
2024-03-01 11:24:12.500,3.500544,3.5380278813194805,0,0,0,0
2024-03-01 11:24:12.750,3.504388,3.5179767131453827,0,0,0,0
2024-03-01 11:24:13.000,3.481324,3.469594935318134,0,0,0,0
2024-03-01 11:24:13.250,3.465948,3.457833711319437,0,0,0,0
2024-03-01 11:24:13.500,3.47748,3.484052726894465,1,0,0,0
2024-03-01 11:24:13.750,3.547954,3.5509006799946667,0,0,0,0
2024-03-01 11:24:14.000,3.661992,3.661113213830125,0,0,0,0
2024-03-01 11:24:14.250,3.783718,3.7794640772345454,0,0,0,0
2024-03-01 11:24:14.500,3.850348,3.853803059916669,0,0,0,0
2024-03-01 11:24:14.750,3.870849,3.8678741077164114,0,1,0,0
2024-03-01 11:24:15.000,3.843941,3.84846656586133,0,0,0,0
2024-03-01 11:24:15.250,3.829846,3.8264598263521803,0,0,0,0
2024-03-01 11:24:15.500,3.806782,3.80794824757795,0,0,0,0
2024-03-01 11:24:15.750,3.783718,3.782677479428175,0,0,0,0
2024-03-01 11:24:16.000,3.745279,3.747785066027379,0,0,0,0
2024-03-01 11:24:16.250,3.720933,3.71652913806433,0,0,0,0
2024-03-01 11:24:16.500,3.700432,3.703533916742913,0,0,0,0
2024-03-01 11:24:16.750,3.697869,3.7016063286489547,0,0,0,0
2024-03-01 11:24:17.000,3.6889,3.678347711237915,0,0,0,1
2024-03-01 11:24:17.250,3.591519,3.604745382985022,0,0,0,0
2024-03-01 11:24:17.500,3.501826,3.488293816989874,0,0,1,0
2024-03-01 11:24:17.750,3.360879,3.370950425763058,0,0,0,0
2024-03-01 11:24:18.000,3.29425,3.2896871028005075,0,0,0,0
2024-03-01 11:24:18.250,3.237871,3.2437999294476816,0,0,0,0
2024-03-01 11:24:18.500,3.221214,3.209861100890002,0,0,0,0
2024-03-01 11:24:18.750,3.173805,3.1812411198212365,0,0,0,0
2024-03-01 11:24:19.000,3.168679,3.1716128920899918,0,0,0,0
2024-03-01 11:24:19.250,3.186618,3.183037779316971,0,0,0,0
2024-03-01 11:24:19.500,3.204557,3.198632763775967,0,0,0,0
2024-03-01 11:24:19.750,3.199431,3.2091233413400855,0,0,0,0
2024-03-01 11:24:20.000,3.223777,3.2242067402528813,0,0,0,0
2024-03-01 11:24:20.250,3.273749,3.2566666058472733,0,0,0,0
2024-03-01 11:24:20.500,3.281437,3.3076882291918244,0,0,0,0
2024-03-01 11:24:20.750,3.385225,3.366956201773875,0,0,0,0
2024-03-01 11:24:21.000,3.427508,3.4275439871101234,0,0,0,0
2024-03-01 11:24:21.250,3.490294,3.4991796041829892,1,0,0,0
2024-03-01 11:24:21.500,3.594081,3.5919468266321566,0,0,0,0
2024-03-01 11:24:21.750,3.695307,3.6889866536412996,0,0,0,0
2024-03-01 11:24:22.000,3.749122,3.7551700989669623,0,0,0,0
2024-03-01 11:24:22.250,3.772187,3.771795149718565,0,1,0,0
2024-03-01 11:24:22.500,3.755529,3.7506534963987517,0,0,0,0
2024-03-01 11:24:22.750,3.711964,3.7175904340915564,0,0,0,0
2024-03-01 11:24:23.000,3.690181,3.6892585403370313,0,0,0,1
2024-03-01 11:24:23.250,3.66968,3.6666034589974443,0,0,0,0
2024-03-01 11:24:23.500,3.647897,3.6492285249433807,0,0,0,0
2024-03-01 11:24:23.750,3.645335,3.647676915901446,0,0,1,0
2024-03-01 11:24:24.000,3.677368,3.6736994798611304,0,0,0,0
2024-03-01 11:24:24.250,3.719652,3.7231544206562317,0,0,0,0
2024-03-01 11:24:24.500,3.778593,3.776551192016052,0,0,0,0
2024-03-01 11:24:24.750,3.817033,3.816192322504312,0,0,0,0
2024-03-01 11:24:25.000,3.836253,3.838390794519677,0,0,0,0
2024-03-01 11:24:25.250,3.849066,3.8481014197050487,0,0,0,0
2024-03-01 11:24:25.500,3.846504,3.8470938512702397,0,0,0,0
2024-03-01 11:24:25.750,3.834972,3.833233478680739,0,0,0,0
2024-03-01 11:24:26.000,3.806782,3.8084396917452428,0,0,0,0
2024-03-01 11:24:26.250,3.779874,3.779662766808817,0,0,0,0
2024-03-01 11:24:26.500,3.751685,3.7515866036493444,0,0,0,0
2024-03-01 11:24:26.750,3.724777,3.7239119474556333,0,0,0,0
2024-03-01 11:24:27.000,3.695307,3.696634045564916,0,0,0,0
2024-03-01 11:24:27.250,3.674805,3.6737644718592892,0,0,0,0
2024-03-01 11:24:27.500,3.659429,3.6603027485911683,0,0,0,0
2024-03-01 11:24:27.750,3.658148,3.6568485167179094,0,0,0,0
2024-03-01 11:24:28.000,3.655585,3.657183755976233,0,0,0,0
2024-03-01 11:24:28.250,3.653023,3.652792706181693,0,0,0,0
2024-03-01 11:24:28.500,3.646616,3.6458600518166775,0,0,0,0
2024-03-01 11:24:28.750,3.660711,3.658690897143152,0,0,0,0
2024-03-01 11:24:29.000,3.714527,3.717818624679046,0,0,0,0
2024-03-01 11:24:29.250,3.817033,3.818844507312452,1,0,0,0
2024-03-01 11:24:29.500,3.923383,3.9192369658935378,0,0,0,0
2024-03-01 11:24:29.750,3.982548,3.982839705425345,0,0,0,0
2024-03-01 11:24:30.000,4.024832,4.020551520604466,0,0,0,0
2024-03-01 11:24:30.250,4.047896,4.064747410028692,0,0,0,0
2024-03-01 11:24:30.500,4.133745,4.1154957676972295,0,0,0,0
2024-03-01 11:24:30.750,4.137589,4.142400037530569,0,1,0,0
2024-03-01 11:24:31.000,4.126057,4.131182392466778,0,0,0,0
2024-03-01 11:24:31.250,4.10043,4.097049487913435,0,0,0,0
2024-03-01 11:24:31.500,4.058146,4.057287229305539,0,0,0,0
2024-03-01 11:24:31.750,4.015862,4.016596525055117,0,0,0,1
2024-03-01 11:24:32.000,3.97486,3.9766360906435367,0,0,0,0
2024-03-01 11:24:32.250,3.945389,3.9419951836315485,0,0,1,0
2024-03-01 11:24:32.500,3.912075,3.9144266538262626,0,0,0,0
2024-03-01 11:24:32.750,3.887729,3.8885834053516044,0,0,0,0
2024-03-01 11:24:33.000,3.860821,3.8605995347952304,0,0,0,0
2024-03-01 11:24:33.250,3.848008,3.8414056064898894,0,0,0,0
2024-03-01 11:24:33.500,3.837758,3.8431444905705265,0,0,0,0
2024-03-01 11:24:33.750,3.826226,3.838019976932276,0,0,0,0
2024-03-01 11:24:34.000,3.786504,3.76357943058016,0,0,0,0
2024-03-01 11:24:34.250,3.593023,3.614101658127464,0,0,0,0
2024-03-01 11:24:34.500,3.535363,3.4978069757258976,0,0,0,0
2024-03-01 11:24:34.750,3.46489,3.528540300103118,0,0,0,0
2024-03-01 11:24:35.000,3.716031,3.6725232682936397,0,0,0,0
2024-03-01 11:24:35.250,3.803162,3.792236567596549,0,0,0,0
2024-03-01 11:24:35.500,3.808287,3.834825140150168,0,0,0,0
2024-03-01 11:24:35.750,3.869791,3.8706331955770326,0,0,0,0
2024-03-01 11:24:36.000,3.962047,3.949265044335169,1,0,0,0
2024-03-01 11:24:36.250,4.033801,4.032640731069838,0,0,0,0
2024-03-01 11:24:36.500,4.073523,4.079388460155641,0,0,0,0
2024-03-01 11:24:36.750,4.095305,4.098404146845791,0,0,0,0
2024-03-01 11:24:37.000,4.106837,4.103805819681823,0,0,0,0
2024-03-01 11:24:37.250,4.094024,4.089294669675707,0,0,0,0
2024-03-01 11:24:37.500,4.063272,4.065686956479087,0,0,0,0
2024-03-01 11:24:37.750,4.067116,4.071919804342259,0,0,0,0
2024-03-01 11:24:38.000,4.127338,4.126213412164704,0,0,0,0
2024-03-01 11:24:38.250,4.2055,4.198542258365218,0,0,0,0
2024-03-01 11:24:38.500,4.242658,4.248186594605426,0,0,0,0
2024-03-01 11:24:38.750,4.263159,4.264463564050141,0,1,0,0
2024-03-01 11:24:39.000,4.263159,4.25962389842248,0,0,0,0
2024-03-01 11:24:39.250,4.242658,4.244315929771773,0,0,0,0
2024-03-01 11:24:39.500,4.223438,4.222697724699824,0,0,0,0
2024-03-01 11:24:39.750,4.19653,4.198181444312042,0,0,0,0
2024-03-01 11:24:40.000,4.176029,4.173941257714593,0,0,0,0
2024-03-01 11:24:40.250,4.150403,4.151373923469482,0,0,0,0
2024-03-01 11:24:40.500,4.129901,4.129901804568801,0,0,0,0
2024-03-01 11:24:40.750,4.105556,4.1065969433517,0,0,0,1
2024-03-01 11:24:41.000,4.081211,4.07862724203441,0,0,0,0
2024-03-01 11:24:41.250,4.046615,4.048296072779637,0,0,0,0
2024-03-01 11:24:41.500,4.020988,4.021797962511944,0,0,0,0
2024-03-01 11:24:41.750,4.003049,4.000978126093566,0,0,0,0
2024-03-01 11:24:42.000,3.978704,3.981351821615742,0,0,1,0
2024-03-01 11:24:42.250,3.964609,3.961292037488413,0,0,0,0
2024-03-01 11:24:42.500,3.945389,3.947114037390799,0,0,0,0
2024-03-01 11:24:42.750,3.941545,3.941644642593263,0,0,0,0
2024-03-01 11:24:43.000,3.930013,3.9338032475867823,0,0,0,0
2024-03-01 11:24:43.250,3.922325,3.916532779800172,0,0,0,0
2024-03-01 11:24:43.500,3.9172,3.9094324824613924,0,0,0,0
2024-03-01 11:24:43.750,3.909512,3.9271055082975392,0,0,0,0
2024-03-01 11:24:44.000,3.909512,3.9247712914480943,0,0,0,0
2024-03-01 11:24:44.250,3.914637,3.8337731515569544,0,0,0,0
2024-03-01 11:24:44.500,3.536645,3.665056097335114,0,0,0,0
2024-03-01 11:24:44.750,3.65709,3.5166771985793663,0,0,0,0
2024-03-01 11:24:45.000,3.332913,3.4585711167443947,0,0,0,0
2024-03-01 11:24:45.250,3.540266,3.4622973186596275,0,0,0,0
2024-03-01 11:24:45.500,3.45826,3.4747762746908597,0,0,0,0
2024-03-01 11:24:45.750,3.509514,3.5105344250824846,0,0,0,0
2024-03-01 11:24:46.000,3.572299,3.6040466197169474,0,0,0,0
2024-03-01 11:24:46.250,3.759373,3.7108800797372594,0,0,0,0
2024-03-01 11:24:46.500,3.735028,3.754904553387057,0,0,0,0
2024-03-01 11:24:46.750,3.742716,3.7522008905338025,0,0,0,0
2024-03-01 11:24:47.000,3.80422,3.792929816887569,0,0,0,0
2024-03-01 11:24:47.250,3.908008,3.907996262476088,1,0,0,0
2024-03-01 11:24:47.500,4.011796,4.027418763288629,0,0,0,0
2024-03-01 11:24:47.750,4.106837,4.08875915557754,0,0,0,0
2024-03-01 11:24:48.000,4.151684,4.1361528312339315,0,0,0,0
2024-03-01 11:24:48.250,4.199093,4.231051255818901,0,0,0,0
2024-03-01 11:24:48.500,4.243939,4.279363369006806,0,1,0,0
2024-03-01 11:24:48.750,4.211906,4.1274237067786546,0,0,0,0
2024-03-01 11:24:49.000,3.913356,3.880186292464982,0,0,1,1
2024-03-01 11:24:49.250,3.654527,3.8552721842273314,1,0,0,0
2024-03-01 11:24:49.500,4.295193,4.114997442665304,0,0,0,0
2024-03-01 11:24:49.750,4.338758,4.356480548622062,0,0,0,0
2024-03-01 11:24:50.000,4.310569,4.366666469398192,0,1,0,0
2024-03-01 11:24:50.250,4.270847,4.260691697047746,0,0,0,0
2024-03-01 11:24:50.500,4.222157,4.201683312252998,0,0,0,0
2024-03-01 11:24:50.750,4.18628,4.186196213974763,0,0,0,1
2024-03-01 11:24:51.000,4.156809,4.166165211949073,0,0,0,0
2024-03-01 11:24:51.250,4.155528,4.160900169719293,0,0,0,0
2024-03-01 11:24:51.500,4.197812,4.189873121901328,0,0,0,0
2024-03-01 11:24:51.750,4.22472,4.220573203667356,0,0,0,0
2024-03-01 11:24:52.000,4.217031,4.222761537845519,0,0,0,0
2024-03-01 11:24:52.250,4.204218,4.207905228622422,0,0,0,0
2024-03-01 11:24:52.500,4.201655,4.195271160405434,0,0,0,0
2024-03-01 11:24:52.750,4.181154,4.181949375742297,0,0,0,0
2024-03-01 11:24:53.000,4.156809,4.158911234275155,0,0,0,0
2024-03-01 11:24:53.250,4.12862,4.128733603240828,0,0,0,0
2024-03-01 11:24:53.500,4.10043,4.098890030339364,0,0,1,0
2024-03-01 11:24:53.750,4.073523,4.073162702200752,0,0,0,0
2024-03-01 11:24:54.000,4.050458,4.052824222039263,0,0,0,0
2024-03-01 11:24:54.250,4.038927,4.037498862114138,0,0,0,0
2024-03-01 11:24:54.500,4.026113,4.024833939035297,0,0,0,0
2024-03-01 11:24:54.750,4.010737,4.013612940265916,0,0,0,0
2024-03-01 11:24:55.000,4.008174,4.005273580485855,0,0,0,0
2024-03-01 11:24:55.250,3.997924,4.0003890597027745,0,0,0,0
2024-03-01 11:24:55.500,3.997924,3.9963557664865,0,0,0,0
2024-03-01 11:24:55.750,3.990236,3.9902221683115653,0,0,0,0
2024-03-01 11:24:56.000,3.981267,3.9823438893404988,0,0,0,0
2024-03-01 11:24:56.250,3.977423,3.977284918522101,0,0,0,0
2024-03-01 11:24:56.500,3.985111,3.983219251771777,0,0,0,0
2024-03-01 11:24:56.750,4.006893,4.008384887627874,0,0,0,0
2024-03-01 11:24:57.000,4.050458,4.0524246544474325,0,0,0,0
2024-03-01 11:24:57.250,4.105556,4.102132077445715,0,0,0,0
2024-03-01 11:24:57.500,4.141433,4.141506883426929,0,0,0,0
2024-03-01 11:24:57.750,4.160653,4.164297310638342,0,0,0,0
2024-03-01 11:24:58.000,4.176029,4.172768513775351,0,0,0,0
2024-03-01 11:24:58.250,4.169622,4.169502608823701,0,0,0,0
2024-03-01 11:24:58.500,4.152965,4.155813198105228,0,0,0,0
2024-03-01 11:24:58.750,4.137589,4.1352481521444115,0,0,0,0
2024-03-01 11:24:59.000,4.115807,4.1148165983776135,0,0,0,0
2024-03-01 11:24:59.250,4.097868,4.100074346977989,0,0,0,0
2024-03-01 11:24:59.500,4.086336,4.088541608924063,0,0,0,0
2024-03-01 11:24:59.750,4.082492,4.077300776805461,0,0,0,0
2024-03-01 11:25:00.000,4.083773,4.082747002971508,0,0,0,0
2024-03-01 11:25:00.250,4.12862,4.136514092120642,0,0,0,0
2024-03-01 11:25:00.500,4.251627,4.247585339434842,0,0,0,0
2024-03-01 11:25:00.750,4.386167,4.381939176711627,1,0,0,0
2024-03-01 11:25:01.000,4.486111,4.493110639567351,0,0,0,0
2024-03-01 11:25:01.250,4.567614,4.561875506098518,0,0,0,0
2024-03-01 11:25:01.500,4.594522,4.596680639548874,0,0,0,0
2024-03-01 11:25:01.750,4.603492,4.6080051032441585,0,0,0,0
2024-03-01 11:25:02.000,4.607336,4.599902315769771,0,0,0,0
2024-03-01 11:25:02.250,4.585553,4.58613914222105,0,0,0,0
2024-03-01 11:25:02.500,4.586834,4.59401364270445,0,0,0,0
2024-03-01 11:25:02.750,4.643213,4.638345443249313,0,0,0,0
2024-03-01 11:25:03.000,4.705998,4.702653853455519,0,0,0,0
2024-03-01 11:25:03.250,4.748282,4.7555822366106755,0,0,0,0
2024-03-01 11:25:03.500,4.782878,4.7779016328313695,0,1,0,0
2024-03-01 11:25:03.750,4.771346,4.773331262015493,0,0,0,0
2024-03-01 11:25:04.000,4.767502,4.763473227340862,0,0,0,0
2024-03-01 11:25:04.250,4.761096,4.769049047617053,0,0,0,0
2024-03-01 11:25:04.500,4.79441,4.788485796800991,0,0,0,0
2024-03-01 11:25:04.750,4.800817,4.8014792572898015,0,0,0,0
2024-03-01 11:25:05.000,4.796973,4.796231702978049,0,0,0,0
2024-03-01 11:25:05.250,4.776471,4.7802483896474195,0,0,0,0
2024-03-01 11:25:05.500,4.763658,4.761454542169773,0,0,0,0
2024-03-01 11:25:05.750,4.73675,4.73473748429316,0,0,0,0
2024-03-01 11:25:06.000,4.690622,4.693495073014331,0,0,0,0
2024-03-01 11:25:06.250,4.643213,4.641868412740542,0,0,0,1
2024-03-01 11:25:06.500,4.588116,4.5892775235281675,0,0,0,0
2024-03-01 11:25:06.750,4.543269,4.541691375326039,0,0,1,0
2024-03-01 11:25:07.000,4.502266,4.502764846476349,0,0,0,0
2024-03-01 11:25:07.250,4.475358,4.475950149177053,0,0,0,0
2024-03-01 11:25:07.500,4.459982,4.460081065119332,0,0,0,0
2024-03-01 11:25:07.750,4.448451,4.448068009191399,0,0,0,0
2024-03-01 11:25:08.000,4.436919,4.435589691511163,0,0,0,0
2024-03-01 11:25:08.250,4.425386,4.427351878377467,0,0,0,0
2024-03-01 11:25:08.500,4.429231,4.429026354468283,0,0,0,0
2024-03-01 11:25:08.750,4.436919,4.436602209749446,0,0,0,0
2024-03-01 11:25:09.000,4.442044,4.440794999289003,0,0,0,0
2024-03-01 11:25:09.250,4.4382,4.4394252340565625,0,0,0,0
2024-03-01 11:25:09.500,4.436919,4.437464279696153,0,0,0,0
2024-03-01 11:25:09.750,4.436919,4.436124160194548,0,0,0,0
2024-03-01 11:25:10.000,4.430512,4.4309301016543765,0,0,0,0
2024-03-01 11:25:10.250,4.424105,4.421956879231229,0,0,0,0
2024-03-01 11:25:10.500,4.413855,4.417091240386259,0,0,0,0
2024-03-01 11:25:10.750,4.421543,4.421337404573887,0,0,0,0
2024-03-01 11:25:11.000,4.434356,4.431143322596998,0,0,0,0
2024-03-01 11:25:11.250,4.442044,4.444310406241144,0,0,0,0
2024-03-01 11:25:11.500,4.466389,4.466820014227152,0,0,0,0
2024-03-01 11:25:11.750,4.503548,4.5026100264068845,0,0,0,0
2024-03-01 11:25:12.000,4.541988,4.542696187380154,0,0,0,0
2024-03-01 11:25:12.250,4.57274,4.571255116427026,0,0,0,0
2024-03-01 11:25:12.500,4.577865,4.580000484352774,0,0,0,0
2024-03-01 11:25:12.750,4.575302,4.573144612235362,0,0,0,0
2024-03-01 11:25:13.000,4.558645,4.560234100554108,0,0,0,0
2024-03-01 11:25:13.250,4.547113,4.5471000618839605,0,0,0,0
2024-03-01 11:25:13.500,4.535581,4.534040018919187,0,0,0,0
2024-03-01 11:25:13.750,4.518924,4.520626124410068,0,0,0,0
2024-03-01 11:25:14.000,4.509954,4.508848682217366,0,0,0,0
2024-03-01 11:25:14.250,4.499704,4.500104925623658,0,0,0,0
2024-03-01 11:25:14.500,4.490735,4.4919612737028505,0,0,0,0
2024-03-01 11:25:14.750,4.484328,4.481380028846524,0,0,0,0
2024-03-01 11:25:15.000,4.46767,4.469641450813173,0,0,0,0
2024-03-01 11:25:15.250,4.458701,4.459753853275348,0,0,0,0
2024-03-01 11:25:15.500,4.452294,4.450741597026058,0,0,0,0
2024-03-01 11:25:15.750,4.442044,4.440692047161079,0,0,0,0
2024-03-01 11:25:16.000,4.430512,4.433462380450943,0,0,0,0
2024-03-01 11:25:16.250,4.435637,4.4345007168889845,0,0,0,0
2024-03-01 11:25:16.500,4.442044,4.441167159077702,0,0,0,0
2024-03-01 11:25:16.750,4.443325,4.444571205276569,0,0,0,0
2024-03-01 11:25:17.000,4.442044,4.441227746715429,0,0,0,0
2024-03-01 11:25:17.250,4.4382,4.4376563962415805,0,0,0,0
2024-03-01 11:25:17.500,4.439481,4.441357206876261,0,0,0,0
2024-03-01 11:25:17.750,4.451013,4.449981915823282,0,0,0,0
2024-03-01 11:25:18.000,4.454857,4.454787602757987,0,0,0,0
2024-03-01 11:25:18.250,4.45742,4.456628655404504,0,0,0,0
2024-03-01 11:25:18.500,4.471515,4.4715710743282635,0,0,0,0
2024-03-01 11:25:18.750,4.509954,4.513187741003208,0,0,0,0
2024-03-01 11:25:19.000,4.576583,4.573640686498688,0,0,0,0
2024-03-01 11:25:19.250,4.632962,4.6310783343012485,0,0,0,0
2024-03-01 11:25:19.500,4.667558,4.671751990958247,0,0,0,0
2024-03-01 11:25:19.750,4.697029,4.69524350219097,0,0,0,0
2024-03-01 11:25:20.000,4.703435,4.7033355143114335,0,0,0,0
2024-03-01 11:25:20.250,4.697029,4.696217634070991,0,0,0,0
2024-03-01 11:25:20.500,4.676528,4.676939435910996,0,0,0,0
2024-03-01 11:25:20.750,4.647057,4.6501224912060355,0,0,0,0
2024-03-01 11:25:21.000,4.625274,4.621570859362046,0,0,0,0
2024-03-01 11:25:21.250,4.609898,4.608380465613065,0,0,0,0
2024-03-01 11:25:21.500,4.634243,4.638531532414527,1,0,0,0
2024-03-01 11:25:21.750,4.722655,4.72241832223288,0,0,0,0
2024-03-01 11:25:22.000,4.831569,4.829879217230584,0,0,0,0
2024-03-01 11:25:22.250,4.914855,4.913210996724753,0,0,0,0
2024-03-01 11:25:22.500,4.949451,4.95167965047834,0,0,0,0
2024-03-01 11:25:22.750,4.960001,4.960666007033385,0,1,0,0
2024-03-01 11:25:23.000,4.962564,4.961396813496714,0,0,0,0
2024-03-01 11:25:23.250,4.957439,4.957054044198774,0,0,0,0
2024-03-01 11:25:23.500,4.938219,4.939386073737292,0,0,0,0
2024-03-01 11:25:23.750,4.907467,4.906324039571301,0,0,0,0
2024-03-01 11:25:24.000,4.866465,4.86624855996171,0,0,0,0
2024-03-01 11:25:24.250,4.825462,4.8279481044298045,0,0,0,0
2024-03-01 11:25:24.500,4.79471,4.79259623107529,0,0,0,1
2024-03-01 11:25:24.750,4.760114,4.758855561375302,0,0,0,0
2024-03-01 11:25:25.000,4.728081,4.730526954431164,0,0,0,0
2024-03-01 11:25:25.250,4.711423,4.711384819209932,0,0,0,0
2024-03-01 11:25:25.500,4.697329,4.697119347991818,0,0,1,0
2024-03-01 11:25:25.750,4.685797,4.682800802244858,0,0,0,0
2024-03-01 11:25:26.000,4.670421,4.6727244159776875,0,0,0,0
2024-03-01 11:25:26.250,4.666577,4.669318869510406,0,0,0,0
2024-03-01 11:25:26.500,4.662733,4.6611995380495035,0,0,0,0
2024-03-01 11:25:26.750,4.64992,4.645552997315095,0,0,0,0
2024-03-01 11:25:27.000,4.653764,4.654204617973624,0,0,0,0
2024-03-01 11:25:27.250,4.712705,4.717368927382875,0,0,0,0
2024-03-01 11:25:27.500,4.785741,4.7966040379061115,0,0,0,0
2024-03-01 11:25:27.750,4.834431,4.805057072686552,0,0,0,0
2024-03-01 11:25:28.000,4.697329,4.716235199111308,0,0,0,0
2024-03-01 11:25:28.250,4.598666,4.602372753642094,0,0,0,0
2024-03-01 11:25:28.500,4.54485,4.538383430144471,0,0,0,0
2024-03-01 11:25:28.750,4.519224,4.5169518459269735,0,0,0,0
2024-03-01 11:25:29.000,4.483346,4.487458338818444,0,0,0,0
2024-03-01 11:25:29.250,4.441062,4.439012096491768,0,0,0,0
2024-03-01 11:25:29.500,4.411592,4.413895289947856,0,0,0,0
2024-03-01 11:25:29.750,4.459982,4.450948408677122,0,0,0,0
2024-03-01 11:25:30.000,4.508673,4.530775921012372,0,0,0,0
2024-03-01 11:25:30.250,4.611179,4.588905863019408,0,0,0,0
2024-03-01 11:25:30.500,4.591959,4.591621498242677,0,0,0,0
2024-03-01 11:25:30.750,4.557364,4.572634680361478,0,0,0,0
2024-03-01 11:25:31.000,4.568896,4.569359120980465,0,0,0,0
2024-03-01 11:25:31.250,4.581709,4.5623934990687385,0,0,0,0
2024-03-01 11:25:31.500,4.50611,4.518168657265177,0,0,0,0
2024-03-01 11:25:31.750,4.445888,4.452420827551193,0,0,0,0
2024-03-01 11:25:32.000,4.424105,4.412988256135071,0,0,0,0
2024-03-01 11:25:32.250,4.427949,4.431325980614001,0,0,0,0
2024-03-01 11:25:32.500,4.511236,4.5122754339598465,0,0,0,0
2024-03-01 11:25:32.750,4.635525,4.63804645993824,1,0,0,0
2024-03-01 11:25:33.000,4.771346,4.762040395263933,0,0,0,0
2024-03-01 11:25:33.250,4.807223,4.8235388082469886,0,1,0,0
2024-03-01 11:25:33.500,4.812348,4.800267726373418,0,0,0,0
2024-03-01 11:25:33.750,4.761096,4.745495888664242,0,0,1,1
2024-03-01 11:25:34.000,4.695747,4.733311586058092,0,0,0,0
2024-03-01 11:25:34.250,4.768783,4.75700068122722,0,0,0,0
2024-03-01 11:25:34.500,4.776471,4.744627742884068,0,0,0,0
2024-03-01 11:25:34.750,4.666277,4.69340862828689,0,0,0,0
2024-03-01 11:25:35.000,4.682934,4.701438441459909,0,0,0,0
2024-03-01 11:25:35.250,4.884103,4.83660903121582,1,0,0,0
2024-03-01 11:25:35.500,5.004548,5.051732501237664,0,0,0,0
2024-03-01 11:25:35.750,5.289304,5.24464718284828,0,0,0,0
2024-03-01 11:25:36.000,5.291866,5.3416611763396675,0,1,0,0
2024-03-01 11:25:36.250,5.37259,5.33007392188057,0,0,0,0
2024-03-01 11:25:36.500,5.252145,5.258859872091151,0,0,0,0
2024-03-01 11:25:36.750,5.162452,5.1877803856344995,0,0,0,0
2024-03-01 11:25:37.000,5.117605,5.114226261556358,0,0,0,1
2024-03-01 11:25:37.250,5.049695,5.0032975196263685,0,0,0,0
2024-03-01 11:25:37.500,4.842119,4.881402691292947,0,0,1,0
2024-03-01 11:25:37.750,4.774209,4.794831960542345,0,0,0,0
2024-03-01 11:25:38.000,4.729362,4.708945739960435,0,0,0,0
2024-03-01 11:25:38.250,4.667858,4.597057011321879,0,0,0,0
2024-03-01 11:25:38.500,4.439781,4.562353694932242,0,0,0,0
2024-03-01 11:25:38.750,4.743457,4.691079009850363,0,0,0,0
2024-03-01 11:25:39.000,4.911311,4.873605126907769,0,0,0,0
2024-03-01 11:25:39.250,4.903623,4.945941516846204,0,0,0,0
2024-03-01 11:25:39.500,4.912592,4.90967489114027,0,0,0,0
2024-03-01 11:25:39.750,4.884403,4.875105561225838,0,0,0,0
2024-03-01 11:25:40.000,4.884403,4.885168466465276,0,0,0,0
2024-03-01 11:25:40.250,4.897216,4.89927081931016,0,0,0,0
2024-03-01 11:25:40.500,4.886966,4.886252810803464,0,0,0,0
2024-03-01 11:25:40.750,4.86262,4.86344379196272,0,0,0,0
2024-03-01 11:25:41.000,4.867746,4.866376066098174,0,0,0,0
2024-03-01 11:25:41.250,4.911311,4.913752242162966,0,0,0,0
2024-03-01 11:25:41.500,5.002285,4.9989799408405595,0,0,0,0
2024-03-01 11:25:41.750,5.098385,5.100343280136204,1,0,0,0
2024-03-01 11:25:42.000,5.191923,5.193248860629835,0,0,0,0
2024-03-01 11:25:42.250,5.262396,5.2582192105123395,0,0,0,0
2024-03-01 11:25:42.500,5.282897,5.287477881973045,0,0,0,0
2024-03-01 11:25:42.750,5.291866,5.290337923594431,0,0,0,0
2024-03-01 11:25:43.000,5.295711,5.291542151032328,0,0,0,0
2024-03-01 11:25:43.250,5.309805,5.316705317515375,0,0,0,0
2024-03-01 11:25:43.500,5.373872,5.371865494505629,0,0,0,0
2024-03-01 11:25:43.750,5.444345,5.43980828347747,0,0,0,0
2024-03-01 11:25:44.000,5.495162,5.499131525704181,0,0,0,0
2024-03-01 11:25:44.250,5.537446,5.538924765398077,0,0,0,0
2024-03-01 11:25:44.500,5.557948,5.554687054010555,0,1,0,0
2024-03-01 11:25:44.750,5.545135,5.545117411405975,0,0,0,0
2024-03-01 11:25:45.000,5.514382,5.516884191221888,0,0,0,0
2024-03-01 11:25:45.250,5.482349,5.480144647882808,0,0,0,0
2024-03-01 11:25:45.500,5.43494,5.436846650825639,0,0,0,0
2024-03-01 11:25:45.750,5.384968,5.3851888462394815,0,0,0,0
2024-03-01 11:25:46.000,5.342684,5.337964353350284,0,0,0,1
2024-03-01 11:25:46.250,5.315776,5.316186668732648,0,0,0,0
2024-03-01 11:25:46.500,5.293993,5.306602640173978,0,0,0,0
2024-03-01 11:25:46.750,5.259398,5.251254986597613,0,0,0,0
2024-03-01 11:25:47.000,5.138952,5.122519926268913,0,0,1,0
2024-03-01 11:25:47.250,4.967254,4.986970721393131,0,0,0,0
2024-03-01 11:25:47.500,4.92497,4.933782707658348,0,0,0,0
2024-03-01 11:25:47.750,4.981784,4.956357168405663,0,0,0,0
2024-03-01 11:25:48.000,4.957439,4.970210568520628,0,0,0,0
2024-03-01 11:25:48.250,4.931812,4.9324984936563325,0,0,0,0
2024-03-01 11:25:48.500,4.883122,4.882039469634421,0,0,0,0
2024-03-01 11:25:48.750,4.870308,4.868570203620885,0,0,0,0
2024-03-01 11:25:49.000,4.884403,4.885985813089539,0,0,0,0
2024-03-01 11:25:49.250,4.876715,4.878060805920176,0,0,0,0
2024-03-01 11:25:49.500,4.802398,4.802053732847442,0,0,0,0
2024-03-01 11:25:49.750,4.699892,4.699112189990074,0,0,0,0
2024-03-01 11:25:50.000,4.708861,4.684167845719446,0,0,0,0
2024-03-01 11:25:50.250,4.749863,4.815160570824338,1,0,0,0
2024-03-01 11:25:50.500,5.048413,4.990970284393044,0,0,0,0
2024-03-01 11:25:50.750,5.061227,5.06397344822744,0,1,0,0
2024-03-01 11:25:51.000,5.015099,5.0337405038155785,0,0,0,0
2024-03-01 11:25:51.250,5.011255,5.012817366285779,0,0,0,0
2024-03-01 11:25:51.500,5.015099,5.022344072658702,0,0,0,0
2024-03-01 11:25:51.750,5.015099,4.969632695005818,0,0,0,0
2024-03-01 11:25:52.000,4.784459,4.834831889741133,0,0,1,1
2024-03-01 11:25:52.250,4.754989,4.738598778639865,0,0,0,0
2024-03-01 11:25:52.500,4.797273,4.772813609909933,0,0,0,0
2024-03-01 11:25:52.750,4.783178,4.837281343447223,0,0,0,0
2024-03-01 11:25:53.000,4.760114,4.72068760238332,0,0,0,0
2024-03-01 11:25:53.250,4.385965,4.380126052238527,0,0,0,0
2024-03-01 11:25:53.500,4.093522,4.081976954161147,0,0,0,0
2024-03-01 11:25:53.750,4.051238,4.132892499093604,0,0,0,0
2024-03-01 11:25:54.000,4.566333,4.494328149436154,1,0,0,0
2024-03-01 11:25:54.250,4.855914,4.8399924735200495,0,0,0,0
2024-03-01 11:25:54.500,4.925106,4.971128047864402,0,0,0,0
2024-03-01 11:25:54.750,4.968971,4.969455498760302,0,0,0,0
2024-03-01 11:25:55.000,4.993316,4.968563880370412,0,0,0,0
2024-03-01 11:25:55.250,4.995879,4.993138861448574,0,0,0,0
2024-03-01 11:25:55.500,4.999723,5.023749360746759,0,0,0,0
2024-03-01 11:25:55.750,5.058664,5.051623208563679,0,0,0,0
2024-03-01 11:25:56.000,5.07404,5.057597283522441,0,1,0,0
2024-03-01 11:25:56.250,5.01638,5.030561420008238,0,0,0,0
2024-03-01 11:25:56.500,4.99716,4.9969341108625285,0,0,0,0
2024-03-01 11:25:56.750,4.984347,4.982105020991333,0,0,0,0
2024-03-01 11:25:57.000,4.971534,4.972812067998596,0,0,0,0
2024-03-01 11:25:57.250,4.960001,4.955193310434377,0,0,0,0
2024-03-01 11:25:57.500,4.956158,4.950993536287051,0,0,0,0
2024-03-01 11:25:57.750,4.942063,4.96595936964965,0,0,0,0
2024-03-01 11:25:58.000,4.947188,4.939855836387445,0,0,0,0
2024-03-01 11:25:58.250,4.861339,4.821506411637728,0,0,0,1
2024-03-01 11:25:58.500,4.62173,4.656436026234695,0,0,1,0
2024-03-01 11:25:58.750,4.465408,4.515733385514174,0,0,0,0
2024-03-01 11:25:59.000,4.516661,4.412253134271332,0,0,0,0
2024-03-01 11:25:59.250,4.351369,4.3800847303375745,0,0,0,0
2024-03-01 11:25:59.500,4.404885,4.497034948838522,0,0,0,0
2024-03-01 11:25:59.750,4.825162,4.722196169049622,0,0,0,0
2024-03-01 11:26:00.000,4.868727,4.88469996256924,0,0,0,0
2024-03-01 11:26:00.250,4.882822,4.913626436945641,0,0,0,0
2024-03-01 11:26:00.500,4.907167,4.903074343532714,0,0,0,0
2024-03-01 11:26:00.750,4.937919,4.9240775970821,0,0,0,0
2024-03-01 11:26:01.000,4.951032,4.944412799487197,0,0,0,0
2024-03-01 11:26:01.250,4.918999,4.936187231779243,0,0,0,0
2024-03-01 11:26:01.500,4.92028,4.920049166291175,0,0,0,0
2024-03-01 11:26:01.750,4.911311,4.904084810906499,0,0,0,0
2024-03-01 11:26:02.000,4.888247,4.878046798257935,0,0,0,0
2024-03-01 11:26:02.250,4.840838,4.859126914826417,0,0,0,0
2024-03-01 11:26:02.500,4.87159,4.877407779221226,1,0,0,0
2024-03-01 11:26:02.750,4.965127,4.935559534504426,0,0,0,0
2024-03-01 11:26:03.000,5.001004,5.011035848110067,0,0,0,0
2024-03-01 11:26:03.250,5.013818,5.041329558865632,0,1,0,0
2024-03-01 11:26:03.500,4.926687,4.913275689918888,0,0,1,1
2024-03-01 11:26:03.750,4.628137,4.6006875104061935,0,0,0,0
2024-03-01 11:26:04.000,4.329587,4.31660169811412,0,0,0,0
2024-03-01 11:26:04.250,4.229343,4.337359207081896,0,0,0,0
2024-03-01 11:26:04.500,4.75597,4.648161632179306,0,0,0,0
2024-03-01 11:26:04.750,4.952013,4.964216290531134,1,0,0,0
2024-03-01 11:26:05.000,5.072759,5.108988765152012,0,0,0,0
2024-03-01 11:26:05.250,5.163733,5.157480019156401,0,0,0,0
2024-03-01 11:26:05.500,5.232925,5.2159250860779,0,0,0,0
2024-03-01 11:26:05.750,5.268803,5.275122817742006,0,0,0,0
2024-03-01 11:26:06.000,5.299554,5.298894130043143,0,1,0,0
2024-03-01 11:26:06.250,5.291866,5.30147592032195,0,0,0,0
2024-03-01 11:26:06.500,5.313649,5.302451776903196,0,0,0,0
2024-03-01 11:26:06.750,5.28546,5.286691662134446,0,0,0,0
2024-03-01 11:26:07.000,5.2278,5.236079468357136,0,0,0,0
2024-03-01 11:26:07.250,5.176547,5.166116121766262,0,0,0,1
2024-03-01 11:26:07.500,5.109918,5.111810275490361,0,0,0,0
2024-03-01 11:26:07.750,5.072759,5.082006654376637,0,0,0,0
2024-03-01 11:26:08.000,5.048413,5.0478231179375435,0,0,1,0
2024-03-01 11:26:08.250,5.024068,5.0033726937293315,0,0,0,0
2024-03-01 11:26:08.500,4.999723,5.011034522520365,1,0,0,0
2024-03-01 11:26:08.750,5.091979,5.114410197624246,0,0,0,0
2024-03-01 11:26:09.000,5.241895,5.226184431714367,0,1,0,0
2024-03-01 11:26:09.250,5.240613,5.210475461155699,0,0,0,0
2024-03-01 11:26:09.500,5.033038,5.07246075783053,0,0,0,1
2024-03-01 11:26:09.750,4.953595,4.950615175145131,0,0,1,0
2024-03-01 11:26:10.000,4.940782,4.924203312231613,0,0,0,0
2024-03-01 11:26:10.250,4.936938,4.942772587829035,0,0,0,0
2024-03-01 11:26:10.500,4.944626,4.945330098854958,0,0,0,0
2024-03-01 11:26:10.750,4.943345,4.943827170643944,0,0,0,0
2024-03-01 11:26:11.000,4.963846,4.969732224878894,0,0,0,0
2024-03-01 11:26:11.250,5.022787,5.01170770871766,1,0,0,0
2024-03-01 11:26:11.500,5.034319,5.038069783228176,0,0,0,0
2024-03-01 11:26:11.750,5.036881,5.042117576471244,0,0,0,0
2024-03-01 11:26:12.000,5.042007,5.037550747918058,0,0,0,0
2024-03-01 11:26:12.250,5.031756,5.031442882709378,0,0,0,0
2024-03-01 11:26:12.500,5.022787,5.023783336858012,0,0,0,0
2024-03-01 11:26:12.750,5.018943,5.0189669164117925,0,0,0,0
2024-03-01 11:26:13.000,5.018943,5.019707558443736,0,0,0,0
2024-03-01 11:26:13.250,5.018943,5.018065700900776,0,0,0,0
2024-03-01 11:26:13.500,5.007411,5.008442058580663,0,0,0,0
2024-03-01 11:26:13.750,5.011255,5.006928933618907,0,0,0,0
2024-03-01 11:26:14.000,5.034319,5.037401088737461,0,0,0,0
2024-03-01 11:26:14.250,5.080447,5.087088753376679,0,0,0,0
2024-03-01 11:26:14.500,5.106073,5.098817441421978,0,1,0,0
2024-03-01 11:26:14.750,5.044569,5.037328010495882,0,0,0,0
2024-03-01 11:26:15.000,4.933094,4.946613729859977,0,0,1,1
2024-03-01 11:26:15.250,4.907467,4.899909127517556,0,0,0,0
2024-03-01 11:26:15.500,4.893373,4.903987121152543,0,0,0,0
2024-03-01 11:26:15.750,4.918999,4.907451666630697,0,0,0,0
2024-03-01 11:26:16.000,4.915155,4.901173068977391,0,0,0,0
2024-03-01 11:26:16.250,4.899779,4.932839360850114,0,0,0,0
2024-03-01 11:26:16.500,5.001004,4.99957321045365,0,0,0,0
2024-03-01 11:26:16.750,5.062508,5.0192211510604325,0,0,0,0
2024-03-01 11:26:17.000,4.917718,4.954375156749229,0,0,0,0
2024-03-01 11:26:17.250,4.870308,4.87356321762272,0,0,0,0
2024-03-01 11:26:17.500,4.861339,4.844519826746558,0,0,0,0
2024-03-01 11:26:17.750,4.851089,4.852029561899562,0,0,0,0
2024-03-01 11:26:18.000,4.844682,4.853131416970582,0,0,0,0
2024-03-01 11:26:18.250,4.842119,4.841142442679507,0,0,0,0
2024-03-01 11:26:18.500,4.839557,4.83222435313244,0,0,0,0
2024-03-01 11:26:18.750,4.829306,4.832639027507743,0,0,0,0
2024-03-01 11:26:19.000,4.822899,4.832591118698045,0,0,0,0
2024-03-01 11:26:19.250,4.835712,4.824094291407088,0,0,0,0
2024-03-01 11:26:19.500,4.835712,4.825802955261013,0,0,0,0
2024-03-01 11:26:19.750,4.838275,4.866979958133611,0,0,0,0
2024-03-01 11:26:20.000,4.942063,4.93140913914945,0,0,0,0
2024-03-01 11:26:20.250,4.986909,4.961081560866273,0,0,0,0
2024-03-01 11:26:20.500,4.902342,4.936395058866758,0,0,0,0
2024-03-01 11:26:20.750,4.912592,4.8997720394853035,0,0,0,0
2024-03-01 11:26:21.000,4.888247,4.886126745262821,0,0,0,0
2024-03-01 11:26:21.250,4.885684,4.8849675146240905,0,0,0,0
2024-03-01 11:26:21.500,4.872871,4.878003660522273,0,0,0,0
2024-03-01 11:26:21.750,4.870308,4.867144664164881,0,0,0,0
2024-03-01 11:26:22.000,4.858777,4.859197549560154,0,0,0,0
2024-03-01 11:26:22.250,4.85237,4.852484213242203,0,0,0,0
2024-03-01 11:26:22.500,4.844682,4.844225449530765,0,0,0,0
2024-03-01 11:26:22.750,4.838275,4.838282588716672,0,0,0,0
2024-03-01 11:26:23.000,4.839557,4.845288704041256,0,0,0,0
2024-03-01 11:26:23.250,4.897216,4.880300477738132,0,0,0,0
2024-03-01 11:26:23.500,4.927969,4.949721771484608,0,0,0,0
2024-03-01 11:26:23.750,5.040726,5.030124778218673,0,0,0,0
2024-03-01 11:26:24.000,5.081728,5.078064479121431,0,0,0,0
2024-03-01 11:26:24.250,5.075322,5.079864070898803,0,0,0,0
2024-03-01 11:26:24.500,5.07404,5.074391417991326,0,0,0,0
2024-03-01 11:26:24.750,5.107355,5.1080365741418685,1,0,0,0
2024-03-01 11:26:25.000,5.185516,5.183798952132292,0,0,0,0
2024-03-01 11:26:25.250,5.271365,5.269835193250364,0,0,0,0
2024-03-01 11:26:25.500,5.337994,5.3398203940182745,0,0,0,0
2024-03-01 11:26:25.750,5.384122,5.385658635673797,0,0,0,0
2024-03-01 11:26:26.000,5.404624,5.404726135349203,0,0,0,0
2024-03-01 11:26:26.250,5.407186,5.400849526736956,0,0,0,0
2024-03-01 11:26:26.500,5.389247,5.39467205124751,0,0,0,0
2024-03-01 11:26:26.750,5.404624,5.409016269047308,0,0,0,0
2024-03-01 11:26:27.000,5.452033,5.442151605981527,0,0,0,0
2024-03-01 11:26:27.250,5.466973,5.47141960297173,0,0,0,0
2024-03-01 11:26:27.500,5.475943,5.479430761395699,0,1,0,0
2024-03-01 11:26:27.750,5.469536,5.464669899171494,0,0,0,0
2024-03-01 11:26:28.000,5.43494,5.43498369193414,0,0,0,0
2024-03-01 11:26:28.250,5.3965,5.4007795551155,0,0,0,0
2024-03-01 11:26:28.500,5.372155,5.368462309414906,0,0,0,0
2024-03-01 11:26:28.750,5.336277,5.336822862505647,0,0,0,1
2024-03-01 11:26:29.000,5.301682,5.303121475931723,0,0,0,0
2024-03-01 11:26:29.250,5.272211,5.269848211983274,0,0,1,0
2024-03-01 11:26:29.500,5.238896,5.2415593793167,0,0,0,0
2024-03-01 11:26:29.750,5.219676,5.219187246667443,0,0,0,0
2024-03-01 11:26:30.000,5.205582,5.202118708360172,0,0,0,0
2024-03-01 11:26:30.250,5.187643,5.191493049208684,0,0,0,0
2024-03-01 11:26:30.500,5.183799,5.185204978242893,0,0,0,0
2024-03-01 11:26:30.750,5.181236,5.175195057398465,0,0,0,0
2024-03-01 11:26:31.000,5.154328,5.158991927187569,0,0,0,0
2024-03-01 11:26:31.250,5.150485,5.150118829563348,0,0,0,0
2024-03-01 11:26:31.500,5.170986,5.168896348343985,0,0,0,0
2024-03-01 11:26:31.750,5.222239,5.223863629822976,1,0,0,0
2024-03-01 11:26:32.000,5.302963,5.304067744077276,0,0,0,0
2024-03-01 11:26:32.250,5.390093,5.386878639156528,0,0,0,0
2024-03-01 11:26:32.500,5.450316,5.451609342262431,0,0,0,0
2024-03-01 11:26:32.750,5.483631,5.486460230836584,0,0,0,0
2024-03-01 11:26:33.000,5.491319,5.4886231504234075,0,1,0,0
2024-03-01 11:26:33.250,5.469536,5.465785831011933,0,0,0,0
2024-03-01 11:26:33.500,5.424689,5.433322147266624,0,0,0,0
2024-03-01 11:26:33.750,5.404188,5.40080754689916,0,0,0,0
2024-03-01 11:26:34.000,5.373436,5.364464519470568,0,0,0,1
2024-03-01 11:26:34.250,5.3004,5.316319913407323,0,0,0,0
2024-03-01 11:26:34.500,5.264523,5.257886092042504,0,0,1,0
2024-03-01 11:26:34.750,5.22352,5.2081781424830975,0,0,0,0
2024-03-01 11:26:35.000,5.164579,5.192894785981159,0,0,0,0
2024-03-01 11:26:35.250,5.228646,5.21114792777224,0,0,0,0
2024-03-01 11:26:35.500,5.227365,5.226228857109631,0,0,0,0
2024-03-01 11:26:35.750,5.2043,5.209770926256174,0,0,0,0
2024-03-01 11:26:36.000,5.176111,5.178600385588397,0,0,0,0
2024-03-01 11:26:36.250,5.177392,5.1687052178361945,0,0,0,0
2024-03-01 11:26:36.500,5.179955,5.180039106335623,0,0,0,0
2024-03-01 11:26:36.750,5.129983,5.159216442548459,0,0,0,0
2024-03-01 11:26:37.000,5.109482,5.054862746363805,0,0,0,0
2024-03-01 11:26:37.250,4.854497,4.895329997164248,0,0,0,0
2024-03-01 11:26:37.500,4.776772,4.774549504734965,0,0,0,0
2024-03-01 11:26:37.750,4.765239,4.748480575339165,0,0,0,0
2024-03-01 11:26:38.000,4.780615,4.792901258968595,0,0,0,0
2024-03-01 11:26:38.250,4.879278,4.868908479812896,0,0,0,0
2024-03-01 11:26:38.500,4.957439,4.970830412909524,0,0,0,0
2024-03-01 11:26:38.750,5.104792,5.096588428349886,0,0,0,0
2024-03-01 11:26:39.000,5.221393,5.22095993178874,0,0,0,0
2024-03-01 11:26:39.250,5.318774,5.319115812639472,0,0,0,0
2024-03-01 11:26:39.500,5.384122,5.388144250392882,1,0,0,0
2024-03-01 11:26:39.750,5.434094,5.4320077515024305,0,0,0,0
2024-03-01 11:26:40.000,5.451597,5.448663943352102,0,0,0,0
2024-03-01 11:26:40.250,5.442628,5.445302599559135,0,0,0,0
2024-03-01 11:26:40.500,5.447753,5.448313555645119,0,0,0,0
2024-03-01 11:26:40.750,5.483631,5.4829989249189826,0,0,0,0
2024-03-01 11:26:41.000,5.55026,5.547552964500106,0,0,0,0
2024-03-01 11:26:41.250,5.605357,5.611038778421524,0,0,0,0
2024-03-01 11:26:41.500,5.641234,5.638920434587045,0,0,0,0
2024-03-01 11:26:41.750,5.634828,5.629532920710334,0,0,0,0
2024-03-01 11:26:42.000,5.619452,5.622007315139895,0,0,0,0
2024-03-01 11:26:42.250,5.639953,5.648954733313278,0,0,0,0
2024-03-01 11:26:42.500,5.69505,5.689643693341654,0,0,0,0
2024-03-01 11:26:42.750,5.71427,5.7025967967831885,0,1,0,0
2024-03-01 11:26:43.000,5.682237,5.6895598937036445,0,0,0,0
2024-03-01 11:26:43.250,5.657892,5.679789299830342,0,0,0,0
2024-03-01 11:26:43.500,5.702738,5.673645183878062,0,0,0,0
2024-03-01 11:26:43.750,5.668142,5.657419376445127,0,0,0,0
2024-03-01 11:26:44.000,5.584856,5.639108563452937,0,0,0,0
2024-03-01 11:26:44.250,5.666861,5.617660428169984,0,0,0,0
2024-03-01 11:26:44.500,5.557948,5.5675836348097585,0,0,0,1
2024-03-01 11:26:44.750,5.481068,5.492007468048754,0,0,0,0
2024-03-01 11:26:45.000,5.432377,5.4312287413317994,0,0,1,0
2024-03-01 11:26:45.250,5.406751,5.4003975824421655,0,0,0,0
2024-03-01 11:26:45.500,5.378561,5.377731345466171,0,0,0,0
2024-03-01 11:26:45.750,5.352935,5.357688063001968,0,0,0,0
2024-03-01 11:26:46.000,5.363185,5.362517595595129,0,0,0,0
2024-03-01 11:26:46.250,5.3965,5.397837431458246,0,0,0,0
2024-03-01 11:26:46.500,5.442628,5.4355957486043405,0,0,0,0
2024-03-01 11:26:46.750,5.440065,5.446961232602044,0,0,0,0
2024-03-01 11:26:47.000,5.429815,5.430041933034916,0,0,0,0
2024-03-01 11:26:47.250,5.409313,5.404601938568294,0,0,0,0
2024-03-01 11:26:47.500,5.392656,5.3912999505887536,0,0,0,0
2024-03-01 11:26:47.750,5.37728,5.387255794111842,0,0,0,0
2024-03-01 11:26:48.000,5.360623,5.358576514554111,0,0,0,0
2024-03-01 11:26:48.250,5.299119,5.280736620772388,0,0,0,0
2024-03-01 11:26:48.500,5.163298,5.18548617769012,0,0,0,0
2024-03-01 11:26:48.750,5.13639,5.130993018029947,0,0,0,0
2024-03-01 11:26:49.000,5.132546,5.127915956368825,0,0,0,0
2024-03-01 11:26:49.250,5.13639,5.136860367394405,0,0,0,0
2024-03-01 11:26:49.500,5.133827,5.134847925260531,0,0,0,0
2024-03-01 11:26:49.750,5.138952,5.140841275121536,0,0,0,0
2024-03-01 11:26:50.000,5.172267,5.173380657009716,0,0,0,0
2024-03-01 11:26:50.250,5.224802,5.218779953377547,1,0,0,0
2024-03-01 11:26:50.500,5.246584,5.249465879473413,0,0,0,0
2024-03-01 11:26:50.750,5.246584,5.2508357418477205,0,0,0,0
2024-03-01 11:26:51.000,5.229927,5.227995020400635,0,0,0,0
2024-03-01 11:26:51.250,5.215832,5.206115421038119,0,0,0,0
2024-03-01 11:26:51.500,5.205582,5.212826044110765,0,0,0,0
2024-03-01 11:26:51.750,5.214551,5.2333578118993245,0,0,0,0
2024-03-01 11:26:52.000,5.24274,5.213126554588843,0,0,0,0
2024-03-01 11:26:52.250,5.149203,5.144281569036773,0,0,0,0
2024-03-01 11:26:52.500,5.05951,5.100933933067629,0,0,0,0
2024-03-01 11:26:52.750,5.168423,5.141044203102553,0,0,0,0
2024-03-01 11:26:53.000,5.245303,5.234801797385212,0,0,0,0
2024-03-01 11:26:53.250,5.311932,5.325081326335131,0,0,0,0
2024-03-01 11:26:53.500,5.361904,5.378459785881506,0,1,0,0
2024-03-01 11:26:53.750,5.383687,5.354540900508509,0,0,0,0
2024-03-01 11:26:54.000,5.205582,5.2187854978704475,0,0,0,0
2024-03-01 11:26:54.250,5.014663,5.014899686394265,0,0,0,1
2024-03-01 11:26:54.500,4.857059,4.85342728806847,0,0,1,0
2024-03-01 11:26:54.750,4.792147,4.802340404878671,0,0,0,0
2024-03-01 11:26:55.000,4.840838,4.831413781084067,0,0,0,0
2024-03-01 11:26:55.250,4.881841,4.875947575225196,0,0,0,0
2024-03-01 11:26:55.500,4.898498,4.9059882385989955,0,0,0,0
2024-03-01 11:26:55.750,4.881841,4.904308432639447,0,0,0,0
2024-03-01 11:26:56.000,4.883122,4.827775079555622,0,0,0,0
2024-03-01 11:26:56.250,4.580728,4.642697097334537,0,0,0,0
2024-03-01 11:26:56.500,4.425687,4.3689469120904425,0,0,0,0
2024-03-01 11:26:56.750,4.003829,4.063867478687365,0,0,0,0
2024-03-01 11:26:57.000,3.856476,3.817275430718073,0,0,0,0
2024-03-01 11:26:57.250,3.815975,3.766646094206278,0,0,0,0
2024-03-01 11:26:57.500,3.846727,3.991203127406481,0,0,0,0
2024-03-01 11:26:57.750,4.478423,4.351307696102021,0,0,0,0
2024-03-01 11:26:58.000,4.565052,4.584402664265314,0,0,0,0
2024-03-01 11:26:58.250,4.565052,4.603354414123107,0,0,0,0
2024-03-01 11:26:58.500,4.561208,4.5488000099210115,0,0,0,0
2024-03-01 11:26:58.750,4.559927,4.546188560948377,0,0,0,0
2024-03-01 11:26:59.000,4.570177,4.576594725540161,0,0,0,0
2024-03-01 11:26:59.250,4.58299,4.584748219765178,0,0,0,0
2024-03-01 11:26:59.500,4.57274,4.575152763569389,0,0,0,0
2024-03-01 11:26:59.750,4.586834,4.581228788639635,0,0,0,0
2024-03-01 11:27:00.000,4.609898,4.611450890192115,0,0,0,0
2024-03-01 11:27:00.250,4.639369,4.644198913849978,0,0,0,0
2024-03-01 11:27:00.500,4.65987,4.654974299717908,0,0,0,0
2024-03-01 11:27:00.750,4.650901,4.648958493052682,0,0,0,0
2024-03-01 11:27:01.000,4.662433,4.666808188967324,1,0,0,0
2024-03-01 11:27:01.250,4.741875,4.738917423351385,0,0,0,0
2024-03-01 11:27:01.500,4.822599,4.833541539712652,0,0,0,0
2024-03-01 11:27:01.750,4.90076,4.881639256034417,0,0,0,0
2024-03-01 11:27:02.000,4.854632,4.863762378039501,0,0,0,0
2024-03-01 11:27:02.250,4.83285,4.838736977114284,0,0,0,0
2024-03-01 11:27:02.500,4.873852,4.8666620442053,0,0,0,0
2024-03-01 11:27:02.750,4.930231,4.932894371499345,0,0,0,0
2024-03-01 11:27:03.000,4.972815,4.97368699856482,0,0,0,0
2024-03-01 11:27:03.250,4.966408,4.959526107703243,0,0,0,0
2024-03-01 11:27:03.500,4.918999,4.926349820995233,0,0,0,0
2024-03-01 11:27:03.750,4.922843,4.9250868641205185,0,0,0,0
2024-03-01 11:27:04.000,4.971534,4.96400149680813,0,0,0,0
2024-03-01 11:27:04.250,5.012536,5.013305886302425,0,0,0,0
2024-03-01 11:27:04.500,5.039444,5.046167615685712,0,0,0,0
2024-03-01 11:27:04.750,5.059946,5.055498807905482,0,1,0,0
2024-03-01 11:27:05.000,5.049695,5.04489499779953,0,0,0,0
2024-03-01 11:27:05.250,5.011255,5.021460534398878,0,0,0,0
2024-03-01 11:27:05.500,4.998442,4.995169731990361,0,0,0,0
2024-03-01 11:27:05.750,4.990754,4.980315302859156,0,0,0,0
2024-03-01 11:27:06.000,4.976659,4.986516422294565,0,0,0,0
2024-03-01 11:27:06.250,4.981784,4.994794604366137,0,0,0,0
2024-03-01 11:27:06.500,4.993316,4.966409382354185,0,0,0,1
2024-03-01 11:27:06.750,4.898498,4.900316106533062,0,0,0,0
2024-03-01 11:27:07.000,4.810086,4.84238373993346,0,0,1,0
2024-03-01 11:27:07.250,4.836994,4.814742196989352,0,0,0,0
2024-03-01 11:27:07.500,4.817774,4.794454960831837,0,0,0,0
2024-03-01 11:27:07.750,4.728081,4.773254301872674,0,0,0,0
2024-03-01 11:27:08.000,4.789585,4.7670481731544605,0,0,0,0
2024-03-01 11:27:08.250,4.774209,4.769856671018505,0,0,0,0
2024-03-01 11:27:08.500,4.762677,4.766058292955268,0,0,0,0
2024-03-01 11:27:08.750,4.762677,4.770482958159665,0,0,0,0
2024-03-01 11:27:09.000,4.807523,4.803270533215261,0,0,0,0
2024-03-01 11:27:09.250,4.856214,4.849702550809753,0,0,0,0
2024-03-01 11:27:09.500,4.872871,4.881058253947112,0,0,0,0
2024-03-01 11:27:09.750,4.895935,4.892329415759455,0,0,0,0
2024-03-01 11:27:10.000,4.895935,4.89801218851048,0,0,0,0
2024-03-01 11:27:10.250,4.912592,4.909156802563311,0,0,0,0
2024-03-01 11:27:10.500,4.924124,4.927493222426067,0,0,0,0
2024-03-01 11:27:10.750,4.951032,4.9494155442325996,0,0,0,0
2024-03-01 11:27:11.000,4.966408,4.966795432602051,0,0,0,0
2024-03-01 11:27:11.250,4.970253,4.970721889980817,0,0,0,0
2024-03-01 11:27:11.500,4.962564,4.960886285077259,0,0,0,0
2024-03-01 11:27:11.750,4.947188,4.948382596722878,0,0,0,0
2024-03-01 11:27:12.000,4.943345,4.944333319252677,0,0,0,0
2024-03-01 11:27:12.250,4.94847,4.9475209520260375,0,0,0,0
2024-03-01 11:27:12.500,4.949751,4.948437270233349,0,0,0,0
2024-03-01 11:27:12.750,4.942063,4.943340608973969,0,0,0,0
2024-03-01 11:27:13.000,4.935657,4.937018171013545,0,0,0,0
2024-03-01 11:27:13.250,4.935657,4.933052708684766,0,0,0,0
2024-03-01 11:27:13.500,4.927969,4.929546571134087,0,0,0,0
2024-03-01 11:27:13.750,4.925406,4.924672275196645,0,0,0,0
2024-03-01 11:27:14.000,4.918999,4.919758151510904,0,0,0,0
2024-03-01 11:27:14.250,4.916436,4.91597068326299,0,0,0,0
2024-03-01 11:27:14.500,4.912592,4.912596219695856,0,0,0,0
2024-03-01 11:27:14.750,4.91003,4.909603652723624,0,0,0,0
2024-03-01 11:27:15.000,4.907467,4.90861807998466,0,0,0,0
2024-03-01 11:27:15.250,4.911311,4.910413481138332,0,0,0,0
2024-03-01 11:27:15.500,4.913874,4.9142650682800735,0,0,0,0
2024-03-01 11:27:15.750,4.921562,4.920451430912532,0,0,0,0
2024-03-01 11:27:16.000,4.927969,4.9297531862366535,0,0,0,0
2024-03-01 11:27:16.250,4.9395,4.939476295241308,0,0,0,0
2024-03-01 11:27:16.500,4.947188,4.94460154650212,0,0,0,0
2024-03-01 11:27:16.750,4.942063,4.9441769447691115,0,0,0,0
2024-03-01 11:27:17.000,4.940782,4.941533169548109,0,0,0,0
2024-03-01 11:27:17.250,4.9395,4.938326832883965,0,0,0,0
2024-03-01 11:27:17.500,4.936938,4.935120714598123,0,0,0,0
2024-03-01 11:27:17.750,4.933094,4.936995847741897,0,0,0,0
2024-03-01 11:27:18.000,4.953595,4.9507576345887845,0,0,0,0
2024-03-01 11:27:18.250,4.975378,4.976236212572707,0,0,0,0
2024-03-01 11:27:18.500,5.004848,5.0053279157961015,0,0,0,0
2024-03-01 11:27:18.750,5.030475,5.028643440511135,0,0,0,0
2024-03-01 11:27:19.000,5.036881,5.0396472581985545,0,0,0,0
2024-03-01 11:27:19.250,5.036881,5.035304715941521,0,0,0,0
2024-03-01 11:27:19.500,5.020224,5.019297181629163,0,0,0,0
2024-03-01 11:27:19.750,5.003567,5.005086818080226,0,0,0,0
2024-03-01 11:27:20.000,5.009974,5.009807063604988,0,0,0,0
2024-03-01 11:27:20.250,5.042007,5.042329930962592,0,0,0,0
2024-03-01 11:27:20.500,5.100948,5.098328359663219,0,0,0,0
2024-03-01 11:27:20.750,5.159889,5.162828180557783,0,0,0,0
2024-03-01 11:27:21.000,5.212424,5.2136456332655365,0,0,0,0
2024-03-01 11:27:21.250,5.236769,5.231842154812643,0,0,0,0
2024-03-01 11:27:21.500,5.217549,5.221112629570764,0,0,0,0
2024-03-01 11:27:21.750,5.213705,5.212245141168213,0,0,0,0
2024-03-01 11:27:22.000,5.234207,5.235811409255819,0,0,0,0
2024-03-01 11:27:22.250,5.290585,5.290057223824366,0,0,0,0
2024-03-01 11:27:22.500,5.344401,5.343881879785278,0,0,0,0
2024-03-01 11:27:22.750,5.373872,5.372808835830949,0,0,0,0
2024-03-01 11:27:23.000,5.384122,5.385211456857897,0,0,0,0
2024-03-01 11:27:23.250,5.408468,5.40952032150511,1,0,0,0
2024-03-01 11:27:23.500,5.462284,5.4625610342756845,0,0,0,0
2024-03-01 11:27:23.750,5.542572,5.537973581440047,0,0,0,0
2024-03-01 11:27:24.000,5.613045,5.618619016984375,0,0,0,0
2024-03-01 11:27:24.250,5.689925,5.687615587230061,0,0,0,0
2024-03-01 11:27:24.500,5.730927,5.731842453333199,0,0,0,0
2024-03-01 11:27:24.750,5.753992,5.750097018780915,0,0,0,0
2024-03-01 11:27:25.000,5.75271,5.757860701187145,0,0,0,0
2024-03-01 11:27:25.250,5.774493,5.773355266203665,0,0,0,0
2024-03-01 11:27:25.500,5.801401,5.799828623597846,0,0,0,0
2024-03-01 11:27:25.750,5.828309,5.8246837077516185,0,1,0,0
2024-03-01 11:27:26.000,5.816777,5.8272107458462745,0,0,0,0
2024-03-01 11:27:26.250,5.792431,5.790226435602501,0,0,0,0
2024-03-01 11:27:26.500,5.746304,5.7227698778818725,0,0,0,0
2024-03-01 11:27:26.750,5.622015,5.662550288033135,0,0,0,1
2024-03-01 11:27:27.000,5.660454,5.633028048141572,0,0,0,0
2024-03-01 11:27:27.250,5.614326,5.615960859648222,0,0,0,0
2024-03-01 11:27:27.500,5.578449,5.586420693011408,0,0,1,0
2024-03-01 11:27:27.750,5.547697,5.546805862908703,0,0,0,0
2024-03-01 11:27:28.000,5.515664,5.510202399231926,0,0,0,0
2024-03-01 11:27:28.250,5.474661,5.47862116265054,0,0,0,0
2024-03-01 11:27:28.500,5.449035,5.449713584861749,0,0,0,0
2024-03-01 11:27:28.750,5.429815,5.426990683992321,0,0,0,0
2024-03-01 11:27:29.000,5.414439,5.414094725175173,0,0,0,0
2024-03-01 11:27:29.250,5.3965,5.401094441585212,0,0,0,0
2024-03-01 11:27:29.500,5.365748,5.36519038326728,0,0,0,0
2024-03-01 11:27:29.750,5.30937,5.303041839027752,0,0,0,0
2024-03-01 11:27:30.000,5.260679,5.259298230893065,0,0,0,0
2024-03-01 11:27:30.250,5.273492,5.288115781822541,0,0,0,0
2024-03-01 11:27:30.500,5.384968,5.379378316517933,0,0,0,0
2024-03-01 11:27:30.750,5.481068,5.463057828647861,0,0,0,0
2024-03-01 11:27:31.000,5.470817,5.493930518324215,0,0,0,0
2024-03-01 11:27:31.250,5.497725,5.489850635919671,0,0,0,0
2024-03-01 11:27:31.500,5.488756,5.486058482393514,0,0,0,0
2024-03-01 11:27:31.750,5.497725,5.497535958840068,0,0,0,0
2024-03-01 11:27:32.000,5.52207,5.526512616891442,1,0,0,0
2024-03-01 11:27:32.250,5.570761,5.56751315413856,0,0,0,0
2024-03-01 11:27:32.500,5.59895,5.602873129897752,0,0,0,0
2024-03-01 11:27:32.750,5.628421,5.619358430916995,0,0,0,0
2024-03-01 11:27:33.000,5.619452,5.6277616551194045,0,0,0,0
2024-03-01 11:27:33.250,5.646359,5.647298661183415,0,0,0,0
2024-03-01 11:27:33.500,5.682237,5.676629308460196,0,0,0,0
2024-03-01 11:27:33.750,5.698894,5.69785154795502,0,0,0,0
2024-03-01 11:27:34.000,5.691206,5.70063925072772,0,1,0,0
2024-03-01 11:27:34.250,5.696332,5.686138654606073,0,0,0,0
2024-03-01 11:27:34.500,5.651485,5.656670414168965,0,0,0,0
2024-03-01 11:27:34.750,5.616889,5.616559370125977,0,0,0,0
2024-03-01 11:27:35.000,5.578449,5.577687060323617,0,0,0,0
2024-03-01 11:27:35.250,5.555385,5.551035810123613,0,0,0,0
2024-03-01 11:27:35.500,5.515664,5.5267044902747955,0,0,0,0
2024-03-01 11:27:35.750,5.479786,5.472232530795471,0,0,0,1
2024-03-01 11:27:36.000,5.375998,5.374316202193743,0,0,1,0
2024-03-01 11:27:36.250,5.28118,5.280958410940546,0,0,0,0
2024-03-01 11:27:36.500,5.258116,5.260286416109274,0,0,0,0
2024-03-01 11:27:36.750,5.286305,5.300138284394642,0,0,0,0
2024-03-01 11:27:37.000,5.31962,5.300125907360409,0,0,0,0
2024-03-01 11:27:37.250,5.210707,5.201440598714946,0,0,0,0
2024-03-01 11:27:37.500,5.039009,5.070467814559631,0,0,0,0
2024-03-01 11:27:37.750,5.015944,5.002509291225746,0,0,0,0
2024-03-01 11:27:38.000,5.009538,4.999801823848191,0,0,0,0
2024-03-01 11:27:38.250,4.998006,5.002119561642275,0,0,0,0
2024-03-01 11:27:38.500,4.97238,4.981237090875685,0,0,0,0
2024-03-01 11:27:38.750,4.951878,4.950956339800823,0,0,0,0
2024-03-01 11:27:39.000,4.949316,4.934693071077266,0,0,0,0
2024-03-01 11:27:39.250,4.955722,4.963088917581744,0,0,0,0
2024-03-01 11:27:39.500,5.039009,5.056759766229498,0,0,0,0
2024-03-01 11:27:39.750,5.21327,5.188914504444006,1,0,0,0
2024-03-01 11:27:40.000,5.302963,5.30743170179794,0,0,0,0
2024-03-01 11:27:40.250,5.384968,5.393573568780315,0,0,0,0
2024-03-01 11:27:40.500,5.45416,5.455736632553618,0,0,0,0
2024-03-01 11:27:40.750,5.496444,5.485869730980965,0,1,0,0
2024-03-01 11:27:41.000,5.472098,5.473294637139563,0,0,0,0
2024-03-01 11:27:41.250,5.432377,5.440600175896927,0,0,0,0
2024-03-01 11:27:41.500,5.422127,5.420484464767109,0,0,0,0
2024-03-01 11:27:41.750,5.422127,5.414991975925686,0,0,0,0
2024-03-01 11:27:42.000,5.405469,5.408784973452271,0,0,0,1
2024-03-01 11:27:42.250,5.3965,5.40102532504856,0,0,0,0
2024-03-01 11:27:42.500,5.402907,5.398926237177362,0,0,0,0
2024-03-01 11:27:42.750,5.400344,5.399002927747463,0,0,0,0
2024-03-01 11:27:43.000,5.391375,5.394325066756369,0,0,0,0
2024-03-01 11:27:43.250,5.388812,5.386994267855739,0,0,1,0
2024-03-01 11:27:43.500,5.378561,5.380890806975764,0,0,0,0
2024-03-01 11:27:43.750,5.374717,5.371100480431507,0,0,0,0
2024-03-01 11:27:44.000,5.345247,5.348854117314453,0,0,0,0
2024-03-01 11:27:44.250,5.315776,5.312716496038524,0,0,0,0
2024-03-01 11:27:44.500,5.268367,5.270972120536179,0,0,0,0
2024-03-01 11:27:44.750,5.237615,5.235960553007596,0,0,0,0
2024-03-01 11:27:45.000,5.218395,5.218758750897399,0,0,0,0
2024-03-01 11:27:45.250,5.226083,5.226413573152607,0,0,0,0
2024-03-01 11:27:45.500,5.259398,5.258860945559685,0,0,0,0
2024-03-01 11:27:45.750,5.305525,5.306606871684975,0,0,0,0
2024-03-01 11:27:46.000,5.355497,5.354362469183402,0,0,0,0
2024-03-01 11:27:46.250,5.390093,5.389904991886917,0,0,0,0
2024-03-01 11:27:46.500,5.408032,5.408841028023413,0,0,0,0
2024-03-01 11:27:46.750,5.410594,5.411350107937495,0,0,0,0
2024-03-01 11:27:47.000,5.401625,5.400650145937703,0,0,0,0
2024-03-01 11:27:47.250,5.391375,5.38799556533416,0,0,0,0
2024-03-01 11:27:47.500,5.383687,5.391120369410612,0,0,0,0
2024-03-01 11:27:47.750,5.425971,5.421891970500219,0,0,0,0
2024-03-01 11:27:48.000,5.484912,5.481741687024723,0,0,0,0
2024-03-01 11:27:48.250,5.564354,5.567397738465843,1,0,0,0
2024-03-01 11:27:48.500,5.660454,5.666047790285877,0,0,0,0
2024-03-01 11:27:48.750,5.759117,5.7483339506470505,0,0,0,0
2024-03-01 11:27:49.000,5.7809,5.788947790830113,0,0,0,0
2024-03-01 11:27:49.250,5.802682,5.797083449933295,0,0,0,0
2024-03-01 11:27:49.500,5.803963,5.8091119306426835,0,0,0,0
2024-03-01 11:27:49.750,5.850091,5.8483002090303575,0,0,0,0
2024-03-01 11:27:50.000,5.905189,5.903981268867702,0,0,0,0
2024-03-01 11:27:50.250,5.951316,5.950357295236066,0,0,0,0
2024-03-01 11:27:50.500,5.967491,5.971402893187478,0,1,0,0
2024-03-01 11:27:50.750,5.966209,5.963950552485752,0,0,0,0
2024-03-01 11:27:51.000,5.932895,5.931776821186197,0,0,0,0
2024-03-01 11:27:51.250,5.885486,5.885700561090956,0,0,0,0
2024-03-01 11:27:51.500,5.835514,5.839566524724673,0,0,0,0
2024-03-01 11:27:51.750,5.804762,5.799130639810425,0,0,0,0
2024-03-01 11:27:52.000,5.757353,5.760935546558261,0,0,0,1
2024-03-01 11:27:52.250,5.725319,5.723079544104114,0,0,0,0
2024-03-01 11:27:52.500,5.686879,5.689697079240585,0,0,0,0
2024-03-01 11:27:52.750,5.667659,5.6653077153225375,0,0,0,0
2024-03-01 11:27:53.000,5.651002,5.651007508708184,0,0,0,0
2024-03-01 11:27:53.250,5.643314,5.6434764078980875,0,0,0,0
2024-03-01 11:27:53.500,5.62922,5.633022380973826,0,0,0,0
2024-03-01 11:27:53.750,5.615125,5.611593131550295,0,0,0,0
2024-03-01 11:27:54.000,5.595905,5.588498957865349,0,0,0,0
2024-03-01 11:27:54.250,5.566434,5.5785426905904005,0,0,0,0
2024-03-01 11:27:54.500,5.556184,5.566148688532697,0,0,0,0
2024-03-01 11:27:54.750,5.554902,5.51600981847909,0,0,1,0
2024-03-01 11:27:55.000,5.397298,5.430272494534741,0,0,0,0
2024-03-01 11:27:55.250,5.343966,5.349424649951033,0,0,0,0
2024-03-01 11:27:55.500,5.323464,5.2923647545348915,0,0,0,0
2024-03-01 11:27:55.750,5.224802,5.246739539753217,0,0,0,0
2024-03-01 11:27:56.000,5.211988,5.211746518810379,0,0,0,0
2024-03-01 11:27:56.250,5.211988,5.202650782332635,0,0,0,0
2024-03-01 11:27:56.500,5.215832,5.222102120361477,0,0,0,0
2024-03-01 11:27:56.750,5.256835,5.256580794852911,0,0,0,0
2024-03-01 11:27:57.000,5.295275,5.291733191640261,0,0,0,0
2024-03-01 11:27:57.250,5.314495,5.317695717792773,0,0,0,0
2024-03-01 11:27:57.500,5.327308,5.328474927543656,0,0,0,0
2024-03-01 11:27:57.750,5.332434,5.329687817031347,0,0,0,0
2024-03-01 11:27:58.000,5.347809,5.344184225027419,1,0,0,0
2024-03-01 11:27:58.250,5.381124,5.38366283941391,0,0,0,0
2024-03-01 11:27:58.500,5.383687,5.40352878488744,0,1,0,0
2024-03-01 11:27:58.750,5.363185,5.330222411165641,0,0,0,1
2024-03-01 11:27:59.000,5.160735,5.164861108369706,0,0,1,0
2024-03-01 11:27:59.250,4.976223,5.005844133717906,0,0,0,0
2024-03-01 11:27:59.500,4.948034,4.93285279521602,0,0,0,0
2024-03-01 11:27:59.750,4.959566,4.936069153682939,0,0,0,0
2024-03-01 11:28:00.000,4.957004,4.985263446196161,0,0,0,0
2024-03-01 11:28:00.250,5.080011,5.076266484572356,0,0,0,0
2024-03-01 11:28:00.500,5.181236,5.180161522146806,0,0,0,0
2024-03-01 11:28:00.750,5.258116,5.237524018901209,0,0,0,0
2024-03-01 11:28:01.000,5.199175,5.2326837717398575,0,0,0,0
2024-03-01 11:28:01.250,5.233771,5.207379113860999,0,0,0,0
2024-03-01 11:28:01.500,5.173548,5.184779552299005,0,0,0,0
2024-03-01 11:28:01.750,5.126139,5.138749267098423,0,0,0,0
2024-03-01 11:28:02.000,5.100513,5.072817947531014,0,0,0,0
2024-03-01 11:28:02.250,5.088981,5.080834537167919,0,0,0,0
2024-03-01 11:28:02.500,5.173548,5.24429367733847,1,0,0,0
2024-03-01 11:28:02.750,5.557948,5.486070055399359,0,0,0,0
2024-03-01 11:28:03.000,5.633546,5.639904971239851,0,0,0,0
2024-03-01 11:28:03.250,5.624577,5.6620732544466215,0,1,0,0
2024-03-01 11:28:03.500,5.680955,5.653554808423842,0,0,0,0
2024-03-01 11:28:03.750,5.673267,5.6771276897392475,0,0,0,0
2024-03-01 11:28:04.000,5.654047,5.668200464334692,0,0,0,0
2024-03-01 11:28:04.250,5.570761,5.5479847876876525,0,0,0,1
2024-03-01 11:28:04.500,5.346528,5.354150536905392,0,0,1,0
2024-03-01 11:28:04.750,5.199175,5.211356983093768,0,0,0,0
2024-03-01 11:28:05.000,5.191487,5.187028356113227,0,0,0,0
2024-03-01 11:28:05.250,5.244021,5.232410768093432,0,0,0,0
2024-03-01 11:28:05.500,5.276055,5.2813216356570685,0,0,0,0
2024-03-01 11:28:05.750,5.333715,5.34319993182665,0,0,0,0
2024-03-01 11:28:06.000,5.469536,5.4539842759904955,0,0,0,0
2024-03-01 11:28:06.250,5.560511,5.577930828000322,0,0,0,0
2024-03-01 11:28:06.500,5.625858,5.6227732681955995,0,0,0,0
2024-03-01 11:28:06.750,5.593825,5.5609840984156715,0,0,0,0
2024-03-01 11:28:07.000,5.433659,5.4822420166774,0,0,0,0
2024-03-01 11:28:07.250,5.504132,5.482687925099066,0,0,0,0
2024-03-01 11:28:07.500,5.552823,5.547208395949912,0,0,0,0
2024-03-01 11:28:07.750,5.596388,5.600428592293472,0,0,0,0
2024-03-01 11:28:08.000,5.629702,5.6291979605171605,1,0,0,0
2024-03-01 11:28:08.250,5.673267,5.682586075208998,0,0,0,0
2024-03-01 11:28:08.500,5.789869,5.778970153862779,0,0,0,0
2024-03-01 11:28:08.750,5.878281,5.879373432415476,0,0,0,0
2024-03-01 11:28:09.000,5.941066,5.945513852365946,0,0,0,0
2024-03-01 11:28:09.250,5.980304,5.977303118420549,0,1,0,0
2024-03-01 11:28:09.500,5.987992,5.989636572928655,0,0,0,0
2024-03-01 11:28:09.750,5.984148,5.983586716995942,0,0,0,0
2024-03-01 11:28:10.000,5.953396,5.952797023706548,0,0,0,0
2024-03-01 11:28:10.250,5.904706,5.903627951832898,0,0,0,0
2024-03-01 11:28:10.500,5.85089,5.852936711101533,0,0,0,1
2024-03-01 11:28:10.750,5.804762,5.807015910772045,0,0,1,0
2024-03-01 11:28:11.000,5.763759,5.760439035330461,0,0,0,0
2024-03-01 11:28:11.250,5.730444,5.723702675772942,0,0,0,0
2024-03-01 11:28:11.500,5.715069,5.730506496927823,0,0,0,0
2024-03-01 11:28:11.750,5.808606,5.799220955997436,1,0,0,0
2024-03-01 11:28:12.000,5.905987,5.903759178339273,0,0,0,0
2024-03-01 11:28:12.250,5.993117,5.998847974515783,0,0,0,0
2024-03-01 11:28:12.500,6.062309,6.059433021198315,0,0,0,0
2024-03-01 11:28:12.750,6.085373,6.086070461323153,0,1,0,0
2024-03-01 11:28:13.000,6.089217,6.088948973388527,0,0,0,0
2024-03-01 11:28:13.250,6.077685,6.077076923145673,0,0,0,0
2024-03-01 11:28:13.500,6.052059,6.05347277081168,0,0,0,0
2024-03-01 11:28:13.750,6.013619,6.015257116860944,0,0,0,0
2024-03-01 11:28:14.000,5.971335,5.963426508183905,0,0,0,1
2024-03-01 11:28:14.250,5.900862,5.910751716132297,0,0,1,0
2024-03-01 11:28:14.500,5.876516,5.871617037955963,0,0,0,0
2024-03-01 11:28:14.750,5.847046,5.847225958627526,0,0,0,0
2024-03-01 11:28:15.000,5.830389,5.829650808244109,0,0,0,0
2024-03-01 11:28:15.250,5.81245,5.81494433391629,0,0,0,0
2024-03-01 11:28:15.500,5.804762,5.803476212286464,0,0,0,0
2024-03-01 11:28:15.750,5.794511,5.794207377851761,0,0,0,0
2024-03-01 11:28:16.000,5.788105,5.787012907940565,0,0,0,0
2024-03-01 11:28:16.250,5.781698,5.784551488307343,0,0,0,0
2024-03-01 11:28:16.500,5.786823,5.785603548820825,0,0,0,0
2024-03-01 11:28:16.750,5.784261,5.783109069487472,0,0,0,0
2024-03-01 11:28:17.000,5.77401,5.773972824912162,0,0,0,0
2024-03-01 11:28:17.250,5.761197,5.763724459071197,0,0,0,0
2024-03-01 11:28:17.500,5.758634,5.756471850379386,0,0,0,0
2024-03-01 11:28:17.750,5.747102,5.747182731426011,0,0,0,0
2024-03-01 11:28:18.000,5.729163,5.730184170602188,0,0,0,0
2024-03-01 11:28:18.250,5.713788,5.7132619511313205,0,0,0,0
2024-03-01 11:28:18.500,5.721475,5.720300050220321,0,0,0,0
2024-03-01 11:28:18.750,5.775291,5.776872245021267,0,0,0,0
2024-03-01 11:28:19.000,5.886767,5.887013516142866,1,0,0,0
2024-03-01 11:28:19.250,6.022588,6.021842121212577,0,0,0,0
2024-03-01 11:28:19.500,6.136627,6.136236905336661,0,0,0,0
2024-03-01 11:28:19.750,6.200693,6.20112859145611,0,0,0,0
2024-03-01 11:28:20.000,6.219913,6.219181943801717,0,1,0,0
2024-03-01 11:28:20.250,6.208381,6.209790642621743,0,0,0,0
2024-03-01 11:28:20.500,6.184036,6.184420197765018,0,0,0,0
2024-03-01 11:28:20.750,6.144315,6.142364965690081,0,0,0,0
2024-03-01 11:28:21.000,6.087936,6.087124030889853,0,0,0,0
2024-03-01 11:28:21.250,6.030276,6.033696295172064,0,0,0,1
2024-03-01 11:28:21.500,5.994399,5.99380495974808,0,0,0,0
2024-03-01 11:28:21.750,5.967491,5.964468552011592,0,0,0,0
2024-03-01 11:28:22.000,5.936739,5.938043483541793,0,0,1,0
2024-03-01 11:28:22.250,5.911112,5.913300699686861,0,0,0,0
2024-03-01 11:28:22.500,5.891892,5.891105215783237,0,0,0,0
2024-03-01 11:28:22.750,5.873954,5.8708480374485585,0,0,0,0
2024-03-01 11:28:23.000,5.853452,5.8547842063077535,0,0,0,0
2024-03-01 11:28:23.250,5.838077,5.8427887218634496,0,0,0,0
2024-03-01 11:28:23.500,5.827826,5.823781119638015,0,0,0,0
2024-03-01 11:28:23.750,5.794511,5.791594023180627,0,0,0,0
2024-03-01 11:28:24.000,5.76504,5.767366183120357,0,0,0,0
2024-03-01 11:28:24.250,5.775291,5.781029572254494,0,0,0,0
2024-03-01 11:28:24.500,5.835514,5.8299505055685374,0,0,0,0
2024-03-01 11:28:24.750,5.884204,5.880886104605177,0,0,0,0
2024-03-01 11:28:25.000,5.905987,5.911556969483733,0,0,0,0
2024-03-01 11:28:25.250,5.923925,5.924657642319483,0,0,0,0
2024-03-01 11:28:25.500,5.92777,5.924605217649777,0,0,0,0
2024-03-01 11:28:25.750,5.909831,5.908739646385617,0,0,0,0
2024-03-01 11:28:26.000,5.879079,5.881766202905434,0,0,0,0
2024-03-01 11:28:26.250,5.854734,5.855859937639433,0,0,0,0
2024-03-01 11:28:26.500,5.838077,5.835224932050395,0,0,0,0
2024-03-01 11:28:26.750,5.816294,5.816434409551967,0,0,0,0
2024-03-01 11:28:27.000,5.800918,5.801336135531081,0,0,0,0
2024-03-01 11:28:27.250,5.791948,5.79476965666789,0,0,0,0
2024-03-01 11:28:27.500,5.795793,5.793118562600126,0,0,0,0
2024-03-01 11:28:27.750,5.791948,5.789298544371647,0,0,0,0
2024-03-01 11:28:28.000,5.780416,5.78464795970434,0,0,0,0
2024-03-01 11:28:28.250,5.780416,5.7827643857470346,0,0,0,0
2024-03-01 11:28:28.500,5.786823,5.778730019348989,0,0,0,0
2024-03-01 11:28:28.750,5.762478,5.767192296814804,0,0,0,0
2024-03-01 11:28:29.000,5.749665,5.751917890589908,0,0,0,0
2024-03-01 11:28:29.250,5.740695,5.737349287819027,0,0,0,0
2024-03-01 11:28:29.500,5.722757,5.72275427473169,0,0,0,0
2024-03-01 11:28:29.750,5.711225,5.71228431874229,0,0,0,0
2024-03-01 11:28:30.000,5.717631,5.716365964743096,0,0,0,0
2024-03-01 11:28:30.250,5.730444,5.734669231322409,0,0,0,0
2024-03-01 11:28:30.500,5.75479,5.751416300108586,0,0,0,0
2024-03-01 11:28:30.750,5.763759,5.757010355264723,0,0,0,0
2024-03-01 11:28:31.000,5.744539,5.760081481865693,0,0,0,0
2024-03-01 11:28:31.250,5.779135,5.767756647416087,0,0,0,0
2024-03-01 11:28:31.500,5.770166,5.771191712621286,0,0,0,0
2024-03-01 11:28:31.750,5.759915,5.76270720804926,0,0,0,0
2024-03-01 11:28:32.000,5.750946,5.749911448222034,0,0,0,0
2024-03-01 11:28:32.250,5.740695,5.741688176759915,0,0,0,0
2024-03-01 11:28:32.500,5.736851,5.734998273944955,0,0,0,0
2024-03-01 11:28:32.750,5.724038,5.724269504359033,0,0,0,0
2024-03-01 11:28:33.000,5.711225,5.711799518737168,0,0,0,0
2024-03-01 11:28:33.250,5.698411,5.701043031957655,0,0,0,0
2024-03-01 11:28:33.500,5.694567,5.689395536374203,0,0,0,0
2024-03-01 11:28:33.750,5.672785,5.675297642726441,0,0,0,0
2024-03-01 11:28:34.000,5.662534,5.663054551239838,0,0,0,0
2024-03-01 11:28:34.250,5.651002,5.652890967810978,0,0,0,0
2024-03-01 11:28:34.500,5.642033,5.636961220504696,0,0,0,0
2024-03-01 11:28:34.750,5.611281,5.613520011268369,0,0,0,0
2024-03-01 11:28:35.000,5.592061,5.593929701865025,0,0,0,0
2024-03-01 11:28:35.250,5.59078,5.590672409419202,0,0,0,0
2024-03-01 11:28:35.500,5.615125,5.6162749413609525,0,0,0,0
2024-03-01 11:28:35.750,5.709943,5.69494200604265,1,0,0,0
2024-03-01 11:28:36.000,5.813731,5.833221285970297,0,0,0,0
2024-03-01 11:28:36.250,5.952115,5.963362388136312,0,0,0,0
2024-03-01 11:28:36.500,6.022588,5.980166724839587,0,1,0,0
2024-03-01 11:28:36.750,5.85089,5.873749734191666,0,0,0,0
2024-03-01 11:28:37.000,5.738132,5.758181126599011,0,0,0,1
2024-03-01 11:28:37.250,5.75479,5.729023694478164,0,0,0,0
2024-03-01 11:28:37.500,5.763759,5.761962767927296,0,0,0,0
2024-03-01 11:28:37.750,5.758634,5.777994787335484,0,0,0,0
2024-03-01 11:28:38.000,5.752227,5.742967054626255,0,0,0,0
2024-03-01 11:28:38.250,5.700974,5.685870895632085,0,0,1,0
2024-03-01 11:28:38.500,5.631782,5.657394445942357,0,0,0,0
2024-03-01 11:28:38.750,5.683035,5.676679129237493,0,0,0,0
2024-03-01 11:28:39.000,5.738132,5.7160980612129855,0,0,0,0
2024-03-01 11:28:39.250,5.712506,5.740063947232541,0,0,0,0
2024-03-01 11:28:39.500,5.744539,5.734959772609084,0,0,0,0
2024-03-01 11:28:39.750,5.704818,5.699617565830502,0,0,0,0
2024-03-01 11:28:40.000,5.640751,5.642169541024416,0,0,0,0
2024-03-01 11:28:40.250,5.577966,5.585387336186091,0,0,0,0
2024-03-01 11:28:40.500,5.55234,5.548292608774446,0,0,0,0
2024-03-01 11:28:40.750,5.539526,5.5339818269055705,0,0,0,0
2024-03-01 11:28:41.000,5.54337,5.550389388339042,0,0,0,0
2024-03-01 11:28:41.250,5.62025,5.616227523131004,0,0,0,0
2024-03-01 11:28:41.500,5.721475,5.725556591002915,1,0,0,0
2024-03-01 11:28:41.750,5.83167,5.831900489900962,0,0,0,0
2024-03-01 11:28:42.000,5.903424,5.898515181476704,0,0,0,0
2024-03-01 11:28:42.250,5.954678,5.944513174060838,0,0,0,0
2024-03-01 11:28:42.500,5.970054,5.991932066180662,0,1,0,0
2024-03-01 11:28:42.750,5.966209,5.9934218586555135,0,0,0,0
2024-03-01 11:28:43.000,6.008493,5.904623007151475,0,0,0,1
2024-03-01 11:28:43.250,5.7061,5.783291533029049,0,0,1,0
2024-03-01 11:28:43.500,5.611281,5.67235149476166,0,0,0,0
2024-03-01 11:28:43.750,5.595905,5.490168105696254,0,0,0,0
2024-03-01 11:28:44.000,5.305043,5.245097111534993,0,0,0,0
2024-03-01 11:28:44.250,4.940346,5.169228512056309,0,0,0,0
2024-03-01 11:28:44.500,5.556666,5.381358977282036,0,0,0,0
2024-03-01 11:28:44.750,5.648922,5.656441980216643,0,0,0,0
2024-03-01 11:28:45.000,5.709145,5.756383968175531,0,0,0,0
2024-03-01 11:28:45.250,5.720677,5.728262717468175,0,0,0,0
2024-03-01 11:28:45.500,5.759117,5.724022863601143,0,0,0,0
2024-03-01 11:28:45.750,5.768086,5.777074352453258,0,0,0,0
2024-03-01 11:28:46.000,5.850091,5.858437571448857,0,0,0,0
2024-03-01 11:28:46.250,5.966692,5.967613950414315,1,0,0,0
2024-03-01 11:28:46.500,6.104593,6.098885961155155,0,0,0,0
2024-03-01 11:28:46.750,6.221194,6.217816647345574,0,0,0,0
2024-03-01 11:28:47.000,6.295512,6.3002604372282205,0,0,0,0
2024-03-01 11:28:47.250,6.336514,6.344216259162522,0,0,0,0
2024-03-01 11:28:47.500,6.360859,6.348808612579897,0,0,0,0
2024-03-01 11:28:47.750,6.326263,6.325102965205253,0,0,0,0
2024-03-01 11:28:48.000,6.3032,6.311421257994274,0,0,0,0
2024-03-01 11:28:48.250,6.328826,6.335205756786004,0,0,0,0
2024-03-01 11:28:48.500,6.396737,6.377957692022165,0,0,0,0
2024-03-01 11:28:48.750,6.404425,6.410581841727946,0,0,0,0
2024-03-01 11:28:49.000,6.419801,6.4330434743148555,0,0,0,0
2024-03-01 11:28:49.250,6.462748,6.451255171687672,0,0,0,0
2024-03-01 11:28:49.500,6.457623,6.453262441212938,0,1,0,0
2024-03-01 11:28:49.750,6.424308,6.43181461657561,0,0,0,0
2024-03-01 11:28:50.000,6.390993,6.395923309382939,0,0,0,0
2024-03-01 11:28:50.250,6.361523,6.352239892577355,0,0,0,0
2024-03-01 11:28:50.500,6.311551,6.306026479533817,0,0,0,0
2024-03-01 11:28:50.750,6.25261,6.270280698558451,0,0,0,0
2024-03-01 11:28:51.000,6.25261,6.246331587970105,0,0,0,0
2024-03-01 11:28:51.250,6.230827,6.222392024143624,0,0,0,1
2024-03-01 11:28:51.500,6.212888,6.2079933655345485,0,0,0,0
2024-03-01 11:28:51.750,6.192387,6.21347231614535,0,0,0,0
2024-03-01 11:28:52.000,6.173167,6.185761870795448,0,0,0,0
2024-03-01 11:28:52.250,6.127039,6.061234005662544,0,0,0,0
2024-03-01 11:28:52.500,5.847709,5.895997087612314,0,0,1,0
2024-03-01 11:28:52.750,5.786823,5.819329836694359,0,0,0,0
2024-03-01 11:28:53.000,5.9188,5.848040768236375,0,0,0,0
2024-03-01 11:28:53.250,5.845765,5.87764829996645,0,0,0,0
2024-03-01 11:28:53.500,5.832951,5.846753108712386,0,0,0,0
2024-03-01 11:28:53.750,5.806043,5.788734557637782,0,0,0,0
2024-03-01 11:28:54.000,5.745821,5.7459048555666765,0,0,0,0
2024-03-01 11:28:54.250,5.720194,5.726245455386123,0,0,0,0
2024-03-01 11:28:54.500,5.722757,5.7227118360352085,0,0,0,0
2024-03-01 11:28:54.750,5.725319,5.723071978788963,0,0,0,0
2024-03-01 11:28:55.000,5.720194,5.7157168891637,0,0,0,0
2024-03-01 11:28:55.250,5.692005,5.70209380305613,0,0,0,0
2024-03-01 11:28:55.500,5.698411,5.69095151637253,0,0,0,0
2024-03-01 11:28:55.750,5.680473,5.682492690751826,0,0,0,0
2024-03-01 11:28:56.000,5.670222,5.6702425355576835,0,0,0,0
2024-03-01 11:28:56.250,5.652284,5.651735583542735,0,0,0,0
2024-03-01 11:28:56.500,5.625375,5.6278891256889505,0,0,0,0
2024-03-01 11:28:56.750,5.602312,5.599633343814973,0,0,0,0
2024-03-01 11:28:57.000,5.575404,5.572804644076966,0,0,0,0
2024-03-01 11:28:57.250,5.549777,5.558683381082016,0,0,0,0
2024-03-01 11:28:57.500,5.571559,5.563050655630725,0,0,0,0
2024-03-01 11:28:57.750,5.579247,5.58001223270707,0,0,0,0
2024-03-01 11:28:58.000,5.59078,5.598451502103827,0,0,0,0
2024-03-01 11:28:58.250,5.62025,5.61022359809899,0,0,0,0
2024-03-01 11:28:58.500,5.608718,5.614500387098035,0,0,0,0
2024-03-01 11:28:58.750,5.617688,5.616117949621951,0,0,0,0
2024-03-01 11:28:59.000,5.613843,5.615738512249892,0,0,0,0
2024-03-01 11:28:59.250,5.608718,5.606659146776119,0,0,0,0
2024-03-01 11:28:59.500,5.59078,5.5897473456027065,0,0,0,0
2024-03-01 11:28:59.750,5.58181,5.582122937253341,0,0,0,0
2024-03-01 11:29:00.000,5.59078,5.596781124782922,0,0,0,0
2024-03-01 11:29:00.250,5.62922,5.623164295064481,1,0,0,0
2024-03-01 11:29:00.500,5.649721,5.646293083793658,0,0,0,0
2024-03-01 11:29:00.750,5.666378,5.674671071107401,0,0,0,0
2024-03-01 11:29:01.000,5.727882,5.72485122984737,0,0,0,0
2024-03-01 11:29:01.250,5.786823,5.785386464609438,0,0,0,0
2024-03-01 11:29:01.500,5.820138,5.82226885919311,0,0,0,0
2024-03-01 11:29:01.750,5.825263,5.819405314358882,0,1,0,0
2024-03-01 11:29:02.000,5.782979,5.792233882271731,0,0,0,0
2024-03-01 11:29:02.250,5.76504,5.759913389218963,0,0,0,0
2024-03-01 11:29:02.500,5.725319,5.724987633353875,0,0,0,0
2024-03-01 11:29:02.750,5.688161,5.686197516575655,0,0,0,0
2024-03-01 11:29:03.000,5.643314,5.6502762198158685,0,0,0,1
2024-03-01 11:29:03.250,5.625375,5.620384023896136,0,0,0,0
2024-03-01 11:29:03.500,5.59078,5.590219947582862,0,0,0,0
2024-03-01 11:29:03.750,5.558746,5.558650458122447,0,0,1,0
2024-03-01 11:29:04.000,5.529276,5.534273964388867,0,0,0,0
2024-03-01 11:29:04.250,5.52415,5.5198916465045995,0,0,0,0
2024-03-01 11:29:04.500,5.510056,5.508090378113165,0,0,0,0
2024-03-01 11:29:04.750,5.490836,5.494558143632404,0,0,0,0
2024-03-01 11:29:05.000,5.479304,5.4814621534746895,0,0,0,0
2024-03-01 11:29:05.250,5.476741,5.4694478716460635,0,0,0,0
2024-03-01 11:29:05.500,5.453677,5.458706784316029,0,0,0,0
2024-03-01 11:29:05.750,5.452396,5.4519699793906735,0,0,0,0
2024-03-01 11:29:06.000,5.445989,5.446929244365397,0,0,0,0
2024-03-01 11:29:06.250,5.439582,5.436666893624711,0,0,0,0
2024-03-01 11:29:06.500,5.426769,5.426193080242271,0,0,0,0
2024-03-01 11:29:06.750,5.429815,5.433977371438769,0,0,0,0
2024-03-01 11:29:07.000,5.466973,5.466900033315082,0,0,0,0
2024-03-01 11:29:07.250,5.513101,5.508412751399847,0,0,0,0
2024-03-01 11:29:07.500,5.540009,5.540887823671625,0,0,0,0
2024-03-01 11:29:07.750,5.557948,5.5624109592079005,0,0,0,0
2024-03-01 11:29:08.000,5.573324,5.572174613989831,0,0,0,0
2024-03-01 11:29:08.250,5.565636,5.561261250279278,0,0,0,0
2024-03-01 11:29:08.500,5.529758,5.531481638206464,0,0,0,0
2024-03-01 11:29:08.750,5.500288,5.502180936992738,0,0,0,0
2024-03-01 11:29:09.000,5.479786,5.484897554810271,0,0,0,0
2024-03-01 11:29:09.250,5.487474,5.473054135432839,0,0,0,0
2024-03-01 11:29:09.500,5.456723,5.4683727754730915,0,0,0,0
2024-03-01 11:29:09.750,5.493881,5.491047151361241,0,0,0,0
2024-03-01 11:29:10.000,5.546416,5.547590966263689,1,0,0,0
2024-03-01 11:29:10.250,5.614326,5.611447795510679,0,0,0,0
2024-03-01 11:29:10.500,5.651485,5.651895988606199,0,0,0,0
2024-03-01 11:29:10.750,5.664298,5.6647684013018935,0,0,0,0
2024-03-01 11:29:11.000,5.657892,5.66140441251129,0,0,0,0
2024-03-01 11:29:11.250,5.648922,5.6465667042518914,0,0,0,0
2024-03-01 11:29:11.500,5.633546,5.627142916393603,0,0,0,0
2024-03-01 11:29:11.750,5.619452,5.625731264154286,0,0,0,0
2024-03-01 11:29:12.000,5.647641,5.659965317951572,0,0,0,0
2024-03-01 11:29:12.250,5.747585,5.71738577408389,0,0,0,0
2024-03-01 11:29:12.500,5.742459,5.760295410881463,0,1,0,0
2024-03-01 11:29:12.750,5.715551,5.739856214496251,0,0,0,0
2024-03-01 11:29:13.000,5.679674,5.627966167176777,0,0,0,0
2024-03-01 11:29:13.250,5.44519,5.478232707660865,0,0,1,1
2024-03-01 11:29:13.500,5.41572,5.409580738310236,0,0,0,0
2024-03-01 11:29:13.750,5.456723,5.461406732255078,0,0,0,0
2024-03-01 11:29:14.000,5.506694,5.524114302306429,0,0,0,0
2024-03-01 11:29:14.250,5.579731,5.495750180618372,0,0,0,0
2024-03-01 11:29:14.500,5.315776,5.433961261872286,0,0,0,0
2024-03-01 11:29:14.750,5.52207,5.452553155829664,1,0,0,0
2024-03-01 11:29:15.000,5.543853,5.541606166262677,0,0,0,0
2024-03-01 11:29:15.250,5.560511,5.592367282680362,0,1,0,0
2024-03-01 11:29:15.500,5.564354,5.542176810694909,0,0,0,0
2024-03-01 11:29:15.750,5.419564,5.420368887303969,0,0,1,1
2024-03-01 11:29:16.000,5.279899,5.291007527424863,0,0,0,0
2024-03-01 11:29:16.250,5.200456,5.200073324014632,0,0,0,0
2024-03-01 11:29:16.500,5.19405,5.17251356623304,0,0,0,0
2024-03-01 11:29:16.750,5.203019,5.224806245432696,0,0,0,0
2024-03-01 11:29:17.000,5.333715,5.344121360014208,1,0,0,0
2024-03-01 11:29:17.250,5.514382,5.470012819668728,0,0,0,0
2024-03-01 11:29:17.500,5.487474,5.539608704698095,0,0,0,0
2024-03-01 11:29:17.750,5.584856,5.543300909273183,0,1,0,0
2024-03-01 11:29:18.000,5.483631,5.5126756855086985,0,0,0,0
2024-03-01 11:29:18.250,5.491319,5.475552467409747,0,0,0,1
2024-03-01 11:29:18.500,5.441347,5.442708330258935,0,0,1,0
2024-03-01 11:29:18.750,5.410594,5.416070567247131,0,0,0,0
2024-03-01 11:29:19.000,5.387531,5.387709675580112,0,0,0,0
2024-03-01 11:29:19.250,5.351654,5.343800119080184,0,0,0,0
2024-03-01 11:29:19.500,5.28118,5.2873620666898296,0,0,0,0
2024-03-01 11:29:19.750,5.245303,5.245206461709532,0,0,0,0
2024-03-01 11:29:20.000,5.238896,5.235334409318055,0,0,0,0
2024-03-01 11:29:20.250,5.231208,5.239273886190732,0,0,0,0
2024-03-01 11:29:20.500,5.237615,5.229475624304191,0,0,0,0
2024-03-01 11:29:20.750,5.224802,5.219487965499812,0,0,0,0
2024-03-01 11:29:21.000,5.240178,5.253902824323382,0,0,0,0
2024-03-01 11:29:21.250,5.336277,5.341039385706906,0,0,0,0
2024-03-01 11:29:21.500,5.464411,5.44165819005655,1,0,0,0
2024-03-01 11:29:21.750,5.536165,5.536890340169697,0,0,0,0
2024-03-01 11:29:22.000,5.604075,5.635504585944459,0,0,0,0
2024-03-01 11:29:22.250,5.709145,5.698038055579567,0,1,0,0
2024-03-01 11:29:22.500,5.700175,5.658029584237683,0,0,0,0
2024-03-01 11:29:22.750,5.496444,5.545345866600025,0,0,0,1
2024-03-01 11:29:23.000,5.481068,5.47653447932594,0,0,1,0
2024-03-01 11:29:23.250,5.520789,5.499732934171165,0,0,0,0
2024-03-01 11:29:23.500,5.545135,5.546385085734469,0,0,0,0
2024-03-01 11:29:23.750,5.51182,5.5415637848081225,0,0,0,0
2024-03-01 11:29:24.000,5.527196,5.487210602019489,0,0,0,0
2024-03-01 11:29:24.250,5.417001,5.436738313010748,0,0,0,0
2024-03-01 11:29:24.500,5.411876,5.4284306366774695,0,0,0,0
2024-03-01 11:29:24.750,5.486193,5.455116775737824,0,0,0,0
2024-03-01 11:29:25.000,5.491319,5.495006651775553,0,0,0,0
2024-03-01 11:29:25.250,5.507976,5.542960959789982,1,0,0,0
2024-03-01 11:29:25.500,5.633546,5.59421374058153,0,0,0,0
2024-03-01 11:29:25.750,5.629702,5.63830427512383,0,0,0,0
2024-03-01 11:29:26.000,5.668142,5.681567210439855,0,0,0,0
2024-03-01 11:29:26.250,5.734771,5.734073077564208,0,0,0,0
2024-03-01 11:29:26.500,5.803963,5.785862880583942,0,0,0,0
2024-03-01 11:29:26.750,5.824465,5.8283799196766894,0,0,0,0
2024-03-01 11:29:27.000,5.830871,5.859342224801377,0,1,0,0
2024-03-01 11:29:27.250,5.878281,5.849825656300893,0,0,0,0
2024-03-01 11:29:27.500,5.779618,5.771929431788087,0,0,0,0
2024-03-01 11:29:27.750,5.636109,5.664237299285047,0,0,0,1
2024-03-01 11:29:28.000,5.60792,5.595350307046923,0,0,1,0
2024-03-01 11:29:28.250,5.570761,5.566709850444678,0,0,0,0
2024-03-01 11:29:28.500,5.518227,5.522309002497611,0,0,0,0
2024-03-01 11:29:28.750,5.451597,5.447904941494043,0,0,0,0
2024-03-01 11:29:29.000,5.395219,5.399407121914521,0,0,0,0
2024-03-01 11:29:29.250,5.424689,5.427970070757141,0,0,0,0
2024-03-01 11:29:29.500,5.527196,5.517746382458744,1,0,0,0
2024-03-01 11:29:29.750,5.604075,5.610618002481021,0,0,0,0
2024-03-01 11:29:30.000,5.669424,5.667211380158713,0,0,0,0
2024-03-01 11:29:30.250,5.686081,5.686910765253688,0,1,0,0
2024-03-01 11:29:30.500,5.683518,5.683964667339837,0,0,0,0
2024-03-01 11:29:30.750,5.666861,5.665113476531286,0,0,0,0
2024-03-01 11:29:31.000,5.628421,5.630110872615337,0,0,0,1
2024-03-01 11:29:31.250,5.582293,5.582068949140058,0,0,1,0
2024-03-01 11:29:31.500,5.532321,5.5302703260792665,0,0,0,0
2024-03-01 11:29:31.750,5.479786,5.480580137304025,0,0,0,0
2024-03-01 11:29:32.000,5.420846,5.427843721032875,0,0,0,0
2024-03-01 11:29:32.250,5.382405,5.374629607553556,0,0,0,0
2024-03-01 11:29:32.500,5.370873,5.357828384961568,0,0,0,0
2024-03-01 11:29:32.750,5.384968,5.416765824765802,0,0,0,0
2024-03-01 11:29:33.000,5.53104,5.518513245940028,1,0,0,0
2024-03-01 11:29:33.250,5.593825,5.568537584155903,0,1,1,1
2024-03-01 11:29:33.500,5.488756,5.522133151369699,0,0,0,0
2024-03-01 11:29:33.750,5.44519,5.4326907612249435,0,0,0,0
2024-03-01 11:29:34.000,5.37728,5.374159045889664,0,0,0,0
2024-03-01 11:29:34.250,5.365748,5.370018593792322,0,0,0,0
2024-03-01 11:29:34.500,5.409313,5.406343847928147,0,0,0,0
2024-03-01 11:29:34.750,5.460567,5.464167406937894,0,0,0,0
2024-03-01 11:29:35.000,5.525915,5.523073061443794,0,0,0,0
2024-03-01 11:29:35.250,5.559229,5.5597251418220806,0,0,0,0
2024-03-01 11:29:35.500,5.559229,5.560471988323185,0,0,0,0
2024-03-01 11:29:35.750,5.536165,5.535386655919156,0,0,0,0
2024-03-01 11:29:36.000,5.519508,5.516830238007524,0,0,0,0
2024-03-01 11:29:36.250,5.532321,5.537321218664675,1,0,0,0
2024-03-01 11:29:36.500,5.602794,5.6008990848120295,0,0,0,0
2024-03-01 11:29:36.750,5.679674,5.678536085092031,0,0,0,0
2024-03-01 11:29:37.000,5.738616,5.737007730243552,0,0,0,0
2024-03-01 11:29:37.250,5.761679,5.767223803337495,0,0,0,0
2024-03-01 11:29:37.500,5.786025,5.7805179638046695,0,0,0,0
2024-03-01 11:29:37.750,5.783462,5.785842271578059,0,1,0,0
2024-03-01 11:29:38.000,5.777055,5.77727478367638,0,0,0,0
2024-03-01 11:29:38.250,5.739897,5.742540560948273,0,0,0,0
2024-03-01 11:29:38.500,5.693769,5.6837155591030815,0,0,0,0
2024-03-01 11:29:38.750,5.613045,5.62447620444242,0,0,0,1
2024-03-01 11:29:39.000,5.589981,5.586506270992788,0,0,0,0
2024-03-01 11:29:39.250,5.566917,5.564906601710065,0,0,0,0
2024-03-01 11:29:39.500,5.542572,5.54213286824287,0,0,1,0
2024-03-01 11:29:39.750,5.515664,5.517344863019085,0,0,0,0
2024-03-01 11:29:40.000,5.500288,5.501490781141734,0,0,0,0
2024-03-01 11:29:40.250,5.491319,5.49034843042502,0,0,0,0
2024-03-01 11:29:40.500,5.468255,5.467588204129396,0,0,0,0
2024-03-01 11:29:40.750,5.440065,5.437365484439242,0,0,0,0
2024-03-01 11:29:41.000,5.425971,5.430035022662406,0,0,0,0
2024-03-01 11:29:41.250,5.459285,5.461661539705366,0,0,0,0
2024-03-01 11:29:41.500,5.510539,5.505624836183502,0,0,0,0
2024-03-01 11:29:41.750,5.525915,5.523948562583197,0,0,0,0
2024-03-01 11:29:42.000,5.507976,5.513061503728764,0,0,0,0
2024-03-01 11:29:42.250,5.496444,5.496330973571176,0,0,0,0
2024-03-01 11:29:42.500,5.484912,5.484313024072829,0,0,0,0
2024-03-01 11:29:42.750,5.474661,5.468990762993899,0,0,0,0
2024-03-01 11:29:43.000,5.441347,5.448368629146838,0,0,0,0
2024-03-01 11:29:43.250,5.429815,5.42943119415362,0,0,0,0
2024-03-01 11:29:43.500,5.414439,5.4112107582015465,0,0,0,0
2024-03-01 11:29:43.750,5.388812,5.388393831549521,0,0,0,0
2024-03-01 11:29:44.000,5.365748,5.367741552310021,0,0,0,0
2024-03-01 11:29:44.250,5.35806,5.360763788459646,0,0,0,0
2024-03-01 11:29:44.500,5.369592,5.3642358210269,0,0,0,0
2024-03-01 11:29:44.750,5.363185,5.364566515368282,0,0,0,0
2024-03-01 11:29:45.000,5.354216,5.357029990755177,0,0,0,0
2024-03-01 11:29:45.250,5.350372,5.348505399972717,0,0,0,0
2024-03-01 11:29:45.500,5.347809,5.346614564089894,0,0,0,0
2024-03-01 11:29:45.750,5.352935,5.353661316564578,0,0,0,0
2024-03-01 11:29:46.000,5.361904,5.364924311557306,0,0,0,0
2024-03-01 11:29:46.250,5.373436,5.3706109193301375,0,0,0,0
2024-03-01 11:29:46.500,5.370873,5.36633172793099,0,0,0,0
2024-03-01 11:29:46.750,5.347809,5.3577383846313955,0,0,0,0
2024-03-01 11:29:47.000,5.351654,5.348007023648667,0,0,0,0
2024-03-01 11:29:47.250,5.340121,5.331069113430393,0,0,0,0
2024-03-01 11:29:47.500,5.29015,5.304517594973631,0,0,0,0
2024-03-01 11:29:47.750,5.285024,5.278675341942896,0,0,0,0
2024-03-01 11:29:48.000,5.277336,5.268514991706617,0,0,0,0
2024-03-01 11:29:48.250,5.26196,5.27990979646212,0,0,0,0
2024-03-01 11:29:48.500,5.313213,5.3011091939669015,0,0,0,0
2024-03-01 11:29:48.750,5.313213,5.3121392023754,0,0,0,0
2024-03-01 11:29:49.000,5.301682,5.307791466553117,0,0,0,0
2024-03-01 11:29:49.250,5.301682,5.299957393308764,0,0,0,0
2024-03-01 11:29:49.500,5.296556,5.294985996070632,0,0,0,0
2024-03-01 11:29:49.750,5.285024,5.286394178194227,0,0,0,0
2024-03-01 11:29:50.000,5.274774,5.272104028524226,0,0,0,0
2024-03-01 11:29:50.250,5.256835,5.260335515974733,0,0,0,0
2024-03-01 11:29:50.500,5.252991,5.253703218923147,0,0,0,0
2024-03-01 11:29:50.750,5.247866,5.243616364090738,0,0,0,0
2024-03-01 11:29:51.000,5.227365,5.227144016925099,0,0,0,0
2024-03-01 11:29:51.250,5.208144,5.213963304480792,0,0,0,0
2024-03-01 11:29:51.500,5.210707,5.209405906727806,0,0,0,0
2024-03-01 11:29:51.750,5.215832,5.207429362699219,0,0,0,0
2024-03-01 11:29:52.000,5.196612,5.204947268492064,0,0,0,0
2024-03-01 11:29:52.250,5.201738,5.203479320250807,0,0,0,0
2024-03-01 11:29:52.500,5.203019,5.197499318449777,0,0,0,0
2024-03-01 11:29:52.750,5.187643,5.184625254478981,0,0,0,0
2024-03-01 11:29:53.000,5.172267,5.181708883657948,0,0,0,0
2024-03-01 11:29:53.250,5.210707,5.205424496972976,0,0,0,0
2024-03-01 11:29:53.500,5.24274,5.244788041587303,0,0,0,0
2024-03-01 11:29:53.750,5.28118,5.275152941506036,0,0,0,0
2024-03-01 11:29:54.000,5.282462,5.286364794413181,0,0,0,0
2024-03-01 11:29:54.250,5.265804,5.277174404060252,0,0,0,0
2024-03-01 11:29:54.500,5.265804,5.244416284447287,0,0,0,0
2024-03-01 11:29:54.750,5.192769,5.202499611168028,0,0,0,0
2024-03-01 11:29:55.000,5.178674,5.18574687845077,0,0,0,0
2024-03-01 11:29:55.250,5.209426,5.203692243935494,0,0,0,0
2024-03-01 11:29:55.500,5.227365,5.22350970691183,0,0,0,0
2024-03-01 11:29:55.750,5.218395,5.2202226328510255,0,0,0,0
2024-03-01 11:29:56.000,5.205582,5.209659955977477,0,0,0,0
2024-03-01 11:29:56.250,5.210707,5.207243187921472,0,0,0,0
2024-03-01 11:29:56.500,5.181236,5.192283867733473,0,0,0,0
2024-03-01 11:29:56.750,5.181236,5.150569497265039,0,0,0,0
2024-03-01 11:29:57.000,5.087699,5.122310613057233,1,0,0,0
2024-03-01 11:29:57.250,5.172267,5.158690458311595,0,0,0,0
2024-03-01 11:29:57.500,5.250428,5.246586118773093,0,0,0,0
2024-03-01 11:29:57.750,5.31962,5.321893964070298,0,0,0,0
2024-03-01 11:29:58.000,5.343966,5.347164507832217,0,0,0,0
2024-03-01 11:29:58.250,5.342684,5.341836312877381,0,0,0,0
2024-03-01 11:29:58.500,5.350372,5.3439944332452045,0,0,0,0
2024-03-01 11:29:58.750,5.354216,5.361159424522744,0,1,0,0
2024-03-01 11:29:59.000,5.346528,5.357485882175144,0,0,0,0
2024-03-01 11:29:59.250,5.331152,5.2959142596666045,0,0,0,0
2024-03-01 11:29:59.500,5.15561,5.192835633856513,0,0,0,1
2024-03-01 11:29:59.750,5.119732,5.10237428810605,0,0,1,0
2024-03-01 11:30:00.000,5.042853,5.043187361059637,0,0,0,0
2024-03-01 11:30:00.250,4.971098,4.980468556854056,0,0,0,0
2024-03-01 11:30:00.500,4.908313,4.891694886224985,0,0,0,0
2024-03-01 11:30:00.750,4.804961,4.811958045475132,0,0,0,0
2024-03-01 11:30:01.000,4.770365,4.793459781368204,0,0,0,0
2024-03-01 11:30:01.250,4.889528,4.851001420276228,0,0,0,0
2024-03-01 11:30:01.500,4.952314,4.959063342414778,1,0,0,0
2024-03-01 11:30:01.750,5.013818,5.052229168986661,0,1,1,1
2024-03-01 11:30:02.000,5.050976,5.03722104125259,0,0,0,0
2024-03-01 11:30:02.250,4.986909,4.899747518879761,0,0,0,0
2024-03-01 11:30:02.500,4.629418,4.774605611358299,0,0,0,0
2024-03-01 11:30:02.750,4.876715,4.796867829090939,0,0,0,0
2024-03-01 11:30:03.000,4.968971,4.9417406253042495,0,0,0,0
2024-03-01 11:30:03.250,5.044569,5.104453811967679,1,0,0,0
2024-03-01 11:30:03.500,5.252145,5.233754698912701,0,0,0,0
2024-03-01 11:30:03.750,5.337994,5.318384530919285,0,0,0,0
2024-03-01 11:30:04.000,5.337994,5.352762499861873,0,1,0,0
2024-03-01 11:30:04.250,5.350808,5.357015063096348,0,0,0,0
2024-03-01 11:30:04.500,5.371309,5.361282460101113,0,0,0,0
2024-03-01 11:30:04.750,5.368746,5.367897004766246,0,0,0,0
2024-03-01 11:30:05.000,5.354651,5.36351693197783,0,0,0,0
2024-03-01 11:30:05.250,5.357214,5.349808272093024,0,0,0,0
2024-03-01 11:30:05.500,5.340557,5.338189002497703,0,0,0,1
2024-03-01 11:30:05.750,5.309805,5.321173250141008,0,0,0,0
2024-03-01 11:30:06.000,5.271365,5.26877180892315,0,0,1,0
2024-03-01 11:30:06.250,5.193204,5.173168752988844,0,0,0,0
2024-03-01 11:30:06.500,5.058664,5.0844401198321485,0,0,0,0
2024-03-01 11:30:06.750,5.070196,5.062192783070781,0,0,0,0
2024-03-01 11:30:07.000,5.10223,5.0980425181657605,0,0,0,0
2024-03-01 11:30:07.250,5.130419,5.13206058875769,0,0,0,0
2024-03-01 11:30:07.500,5.143232,5.14176195076231,0,0,0,0
2024-03-01 11:30:07.750,5.165015,5.1673223660012635,0,0,0,0
2024-03-01 11:30:08.000,5.239332,5.244632442828663,0,0,0,0
2024-03-01 11:30:08.250,5.363621,5.357117359955502,0,0,0,0
2024-03-01 11:30:08.500,5.480222,5.469175418962244,1,0,0,0
2024-03-01 11:30:08.750,5.540009,5.567046532871293,0,0,0,0
2024-03-01 11:30:09.000,5.661736,5.641919131540328,0,0,0,0
2024-03-01 11:30:09.250,5.670705,5.672412045925505,0,0,0,0
2024-03-01 11:30:09.500,5.652766,5.657755639548864,0,0,0,0
2024-03-01 11:30:09.750,5.642516,5.640457468340024,0,0,0,0
2024-03-01 11:30:10.000,5.666861,5.667187211037301,0,0,0,0
2024-03-01 11:30:10.250,5.739897,5.7400993913422615,0,0,0,0
2024-03-01 11:30:10.500,5.820621,5.8203537204436095,0,0,0,0
2024-03-01 11:30:10.750,5.873155,5.8726644398294745,0,0,0,0
2024-03-01 11:30:11.000,5.900063,5.899370516059286,0,0,0,0
2024-03-01 11:30:11.250,5.929534,5.929937631370177,0,0,0,0
2024-03-01 11:30:11.500,5.975179,5.980167070693923,0,0,0,0
2024-03-01 11:30:11.750,6.039246,6.032647107648443,0,0,0,0
2024-03-01 11:30:12.000,6.063591,6.062789512961753,0,1,0,0
2024-03-01 11:30:12.250,6.062309,6.067574083363617,0,0,0,0
2024-03-01 11:30:12.500,6.05334,6.0545680183926995,0,0,0,0
2024-03-01 11:30:12.750,6.028995,6.021369012233322,0,0,0,0
2024-03-01 11:30:13.000,5.962366,5.96660258219255,0,0,0,0
2024-03-01 11:30:13.250,5.904706,5.904982176487193,0,0,0,1
2024-03-01 11:30:13.500,5.848327,5.851463977496582,0,0,1,0
2024-03-01 11:30:13.750,5.811169,5.8056292601962864,0,0,0,0
2024-03-01 11:30:14.000,5.768885,5.766059848659806,0,0,0,0
2024-03-01 11:30:14.250,5.725319,5.7368459345037435,0,0,0,0
2024-03-01 11:30:14.500,5.712506,5.702043492980483,0,0,0,0
2024-03-01 11:30:14.750,5.612562,5.626863166280366,0,0,0,0
2024-03-01 11:30:15.000,5.548496,5.519802838263068,0,0,0,0
2024-03-01 11:30:15.250,5.435739,5.460875966904481,0,0,0,0
2024-03-01 11:30:15.500,5.508774,5.509230780029096,0,0,0,0
2024-03-01 11:30:15.750,5.611281,5.602134860747904,0,0,0,0
2024-03-01 11:30:16.000,5.621531,5.621377828657212,0,0,0,0
2024-03-01 11:30:16.250,5.565153,5.559502625391159,0,0,0,0
2024-03-01 11:30:16.500,5.527994,5.533881231214975,0,0,0,0
2024-03-01 11:30:16.750,5.583092,5.612745997088503,0,0,0,0
2024-03-01 11:30:17.000,5.775291,5.722319340898109,0,0,0,0
2024-03-01 11:30:17.250,5.759915,5.77964023629509,0,0,0,0
2024-03-01 11:30:17.500,5.799636,5.820709287373716,0,0,0,0
2024-03-01 11:30:17.750,5.935458,5.918834715841916,1,0,0,0
2024-03-01 11:30:18.000,6.064872,6.059580287991871,0,0,0,0
2024-03-01 11:30:18.250,6.171223,6.175753871900781,0,0,0,0
2024-03-01 11:30:18.500,6.235289,6.2421665437054505,0,0,0,0
2024-03-01 11:30:18.750,6.280136,6.274908864493012,0,0,0,0
2024-03-01 11:30:19.000,6.287824,6.284836729454294,0,1,0,0
2024-03-01 11:30:19.250,6.272448,6.274418981272283,0,0,0,0
2024-03-01 11:30:19.500,6.24554,6.249079164752128,0,0,0,0
2024-03-01 11:30:19.750,6.2071,6.2089498808014785,0,0,0,0
2024-03-01 11:30:20.000,6.166097,6.153543313395278,0,0,0,0
2024-03-01 11:30:20.250,6.093061,6.095734570793614,0,0,0,0
2024-03-01 11:30:20.500,6.007212,6.037827223857488,0,0,0,0
2024-03-01 11:30:20.750,5.998243,5.945095521558305,0,0,0,1
2024-03-01 11:30:21.000,5.745821,5.789769951806931,0,0,1,0
2024-03-01 11:30:21.250,5.635626,5.6149597971007426,0,0,0,0
2024-03-01 11:30:21.500,5.511337,5.515370239561824,0,0,0,0
2024-03-01 11:30:21.750,5.551058,5.548783309075183,0,0,0,0
2024-03-01 11:30:22.000,5.659971,5.6742940843788645,1,0,0,0
2024-03-01 11:30:22.250,5.800918,5.78174187441677,0,0,0,0
2024-03-01 11:30:22.500,5.789386,5.792440993612573,0,1,0,0
2024-03-01 11:30:22.750,5.712506,5.72389854068856,0,0,1,1
2024-03-01 11:30:23.000,5.651002,5.646304112789466,0,0,0,0
2024-03-01 11:30:23.250,5.612562,5.605489200340532,0,0,0,0
2024-03-01 11:30:23.500,5.603593,5.606959686844827,0,0,0,0
2024-03-01 11:30:23.750,5.625375,5.63561524952113,0,0,0,0
2024-03-01 11:30:24.000,5.67791,5.663991467551276,0,0,0,0
2024-03-01 11:30:24.250,5.665097,5.66848347587469,0,0,0,0
2024-03-01 11:30:24.500,5.647158,5.653547677708744,0,0,0,0
2024-03-01 11:30:24.750,5.649721,5.642987558806217,0,0,0,0
2024-03-01 11:30:25.000,5.643314,5.646956951121197,0,0,0,0
2024-03-01 11:30:25.250,5.654846,5.652763855265529,0,0,0,0
2024-03-01 11:30:25.500,5.643314,5.64505465071386,0,0,0,0
2024-03-01 11:30:25.750,5.625375,5.6232543621175335,0,0,0,0
2024-03-01 11:30:26.000,5.597186,5.59806675813199,0,0,0,0
2024-03-01 11:30:26.250,5.572841,5.5761558696731495,0,0,0,0
2024-03-01 11:30:26.500,5.560028,5.554981913231772,0,0,0,0
2024-03-01 11:30:26.750,5.534401,5.53462679468338,0,0,0,0
2024-03-01 11:30:27.000,5.520307,5.524490689161824,0,0,0,0
2024-03-01 11:30:27.250,5.531838,5.531769877188423,0,0,0,0
2024-03-01 11:30:27.500,5.561309,5.554424398835208,0,0,0,0
2024-03-01 11:30:27.750,5.584373,5.5887240979217765,0,0,0,0
2024-03-01 11:30:28.000,5.621531,5.626577762664778,0,0,0,0
2024-03-01 11:30:28.250,5.651002,5.646699234192719,0,0,0,0
2024-03-01 11:30:28.500,5.643314,5.634131517158731,0,0,0,0
2024-03-01 11:30:28.750,5.59078,5.6069607321202035,0,0,0,0
2024-03-01 11:30:29.000,5.604874,5.597369776473436,0,0,0,0
2024-03-01 11:30:29.250,5.613843,5.610552988145742,0,0,0,0
2024-03-01 11:30:29.500,5.618969,5.6243973041836774,0,0,0,0
2024-03-01 11:30:29.750,5.624094,5.621589928187057,0,0,0,0
2024-03-01 11:30:30.000,5.604874,5.6043133866072665,0,0,0,0
2024-03-01 11:30:30.250,5.58181,5.584676107002025,0,0,0,0
2024-03-01 11:30:30.500,5.577966,5.5745516237241945,0,0,0,0
2024-03-01 11:30:30.750,5.58181,5.583020630648335,0,0,0,0
2024-03-01 11:30:31.000,5.612562,5.614445179597504,0,0,0,0
2024-03-01 11:30:31.250,5.667659,5.6654248743215945,0,0,0,0
2024-03-01 11:30:31.500,5.726601,5.725820181389165,0,0,0,0
2024-03-01 11:30:31.750,5.780416,5.782993449368154,0,0,0,0
2024-03-01 11:30:32.000,5.825263,5.826825998393402,0,0,0,0
2024-03-01 11:30:32.250,5.867547,5.860575950024633,0,0,0,0
2024-03-01 11:30:32.500,5.904706,5.907891695288814,1,0,0,0
2024-03-01 11:30:32.750,5.98543,5.991742831886468,0,0,0,0
2024-03-01 11:30:33.000,6.108438,6.102125385880886,0,0,0,0
2024-03-01 11:30:33.250,6.205819,6.203658748824659,0,0,0,0
2024-03-01 11:30:33.500,6.272448,6.275466888713723,0,0,0,0
2024-03-01 11:30:33.750,6.316013,6.320701250798869,0,0,0,0
2024-03-01 11:30:34.000,6.346765,6.341068637873471,0,1,0,0
2024-03-01 11:30:34.250,6.333951,6.330185317059749,0,0,0,0
2024-03-01 11:30:34.500,6.280136,6.2897564296285235,0,0,0,0
2024-03-01 11:30:34.750,6.232727,6.230109267429254,0,0,0,0
2024-03-01 11:30:35.000,6.16866,6.161493049393211,0,0,0,1
2024-03-01 11:30:35.250,6.093061,6.098419546605381,0,0,0,0
2024-03-01 11:30:35.500,6.052059,6.056099293822505,0,0,0,0
2024-03-01 11:30:35.750,6.036683,6.032258846529571,0,0,1,0
2024-03-01 11:30:36.000,6.017463,6.011001647972927,0,0,0,0
2024-03-01 11:30:36.250,5.973897,5.987466229716399,0,0,0,0
2024-03-01 11:30:36.500,5.979023,5.970135976544269,0,0,0,0
2024-03-01 11:30:36.750,5.962366,5.963181238490944,0,0,0,0
2024-03-01 11:30:37.000,5.962366,5.963618022232163,0,0,0,0
2024-03-01 11:30:37.250,5.967491,5.969286992672227,0,0,0,0
2024-03-01 11:30:37.500,5.981586,5.977325082336071,0,0,0,0
2024-03-01 11:30:37.750,5.97646,5.9798657322227395,0,0,0,0
2024-03-01 11:30:38.000,5.968772,5.968704647126073,0,0,0,0
2024-03-01 11:30:38.250,5.94699,5.9451576032444535,0,0,0,0
2024-03-01 11:30:38.500,5.923925,5.923041517900076,0,0,0,0
2024-03-01 11:30:38.750,5.911112,5.912529820250167,0,0,0,0
2024-03-01 11:30:39.000,5.890611,5.89846637233061,0,0,0,0
2024-03-01 11:30:39.250,5.87011,5.8563678109745965,0,0,0,0
2024-03-01 11:30:39.500,5.800918,5.802105119871445,0,0,0,0
2024-03-01 11:30:39.750,5.779135,5.792220752132191,0,0,0,0
2024-03-01 11:30:40.000,5.857296,5.845480432128666,0,0,0,0
2024-03-01 11:30:40.250,5.886767,5.897962101827834,0,0,0,0
2024-03-01 11:30:40.500,5.898299,5.883405566239058,0,0,0,0
2024-03-01 11:30:40.750,5.838077,5.837009472028466,0,0,0,0
2024-03-01 11:30:41.000,5.834232,5.858427667568655,0,0,0,0
2024-03-01 11:30:41.250,5.989274,5.972603784578629,1,0,0,0
2024-03-01 11:30:41.500,6.103312,6.093318451869454,0,0,0,0
2024-03-01 11:30:41.750,6.121251,6.142033386494201,0,0,0,0
2024-03-01 11:30:42.000,6.158409,6.142736831027115,0,0,0,0
2024-03-01 11:30:42.250,6.164816,6.1656104390334745,0,0,0,0
2024-03-01 11:30:42.500,6.189161,6.214592842217524,0,0,0,0
2024-03-01 11:30:42.750,6.25579,6.220393712238512,0,1,0,0
2024-03-01 11:30:43.000,6.140471,6.144898426097861,0,0,0,0
2024-03-01 11:30:43.250,6.003368,6.037253718562199,0,0,0,0
2024-03-01 11:30:43.500,5.994399,5.960649893404484,0,0,0,1
2024-03-01 11:30:43.750,5.911112,5.914545844131058,0,0,0,0
2024-03-01 11:30:44.000,5.839358,5.852921244706302,0,0,0,0
2024-03-01 11:30:44.250,5.73557,5.743458683264577,0,0,1,0
2024-03-01 11:30:44.500,5.656127,5.6160588369520745,0,0,0,0
2024-03-01 11:30:44.750,5.540808,5.5653889474376745,0,0,0,0
2024-03-01 11:30:45.000,5.613843,5.648620994477444,1,0,0,0
2024-03-01 11:30:45.250,5.840639,5.782845788992821,0,0,0,0
2024-03-01 11:30:45.500,5.813731,5.830960822805483,0,1,0,0
2024-03-01 11:30:45.750,5.750946,5.769453612024641,0,0,0,0
2024-03-01 11:30:46.000,5.686879,5.679274168661079,0,0,1,1
2024-03-01 11:30:46.250,5.626657,5.613874922293121,0,0,0,0
2024-03-01 11:30:46.500,5.558746,5.567988498785465,0,0,0,0
2024-03-01 11:30:46.750,5.530557,5.533050794831024,0,0,0,0
2024-03-01 11:30:47.000,5.508774,5.506025694700368,0,0,0,0
2024-03-01 11:30:47.250,5.470335,5.472830258530014,0,0,0,0
2024-03-01 11:30:47.500,5.44727,5.434316588091403,0,0,0,0
2024-03-01 11:30:47.750,5.406268,5.42239168675581,0,0,0,0
2024-03-01 11:30:48.000,5.449035,5.450331769760887,0,0,0,0
2024-03-01 11:30:48.250,5.490037,5.471595496174542,0,0,0,0
2024-03-01 11:30:48.500,5.408032,5.42626632990126,0,0,0,0
2024-03-01 11:30:48.750,5.326027,5.312254000534721,0,0,0,0
2024-03-01 11:30:49.000,5.167142,5.184827718242998,0,0,0,0
2024-03-01 11:30:49.250,5.128702,5.103873265117201,0,0,0,0
2024-03-01 11:30:49.500,5.072323,5.099641154711518,0,0,0,0
2024-03-01 11:30:49.750,5.192769,5.169816459644812,0,0,0,0
2024-03-01 11:30:50.000,5.276055,5.287439384071402,0,0,0,0
2024-03-01 11:30:50.250,5.406751,5.416779060594283,1,0,0,0
2024-03-01 11:30:50.500,5.566917,5.531211475489166,0,0,0,0
2024-03-01 11:30:50.750,5.56948,5.604159204406701,0,1,0,0
2024-03-01 11:30:51.000,5.572042,5.590706751139645,0,0,0,0
2024-03-01 11:30:51.250,5.560511,5.483327399840523,0,0,0,1
2024-03-01 11:30:51.500,5.334996,5.394164275137546,0,0,1,0
2024-03-01 11:30:51.750,5.45416,5.468046839711562,1,0,0,0
2024-03-01 11:30:52.000,5.721958,5.683217518605582,0,0,0,0
2024-03-01 11:30:52.250,5.859061,5.862848715257799,0,0,0,0
2024-03-01 11:30:52.500,5.88725,5.9003052120163035,0,1,0,0
2024-03-01 11:30:52.750,5.842403,5.84706029303096,0,0,0,0
2024-03-01 11:30:53.000,5.79115,5.782335306161753,0,0,0,0
2024-03-01 11:30:53.250,5.732209,5.722047815322852,0,0,0,0
2024-03-01 11:30:53.500,5.642516,5.661477790235749,0,0,0,1
2024-03-01 11:30:53.750,5.616889,5.611135291863007,0,0,0,0
2024-03-01 11:30:54.000,5.583574,5.576062987014247,0,0,0,0
2024-03-01 11:30:54.250,5.546416,5.550413335111568,0,0,0,0
2024-03-01 11:30:54.500,5.525915,5.531895762553263,0,0,1,0
2024-03-01 11:30:54.750,5.52207,5.517438564394802,0,0,0,0
2024-03-01 11:30:55.000,5.504132,5.499217124748632,0,0,0,0
2024-03-01 11:30:55.250,5.470817,5.472733751648788,0,0,0,0
2024-03-01 11:30:55.500,5.411876,5.428512701675302,0,0,0,0
2024-03-01 11:30:55.750,5.373436,5.352037271210979,0,0,0,0
2024-03-01 11:30:56.000,5.27093,5.268491282181769,0,0,0,0
2024-03-01 11:30:56.250,5.233771,5.254277152511437,0,0,0,0
2024-03-01 11:30:56.500,5.35806,5.347343226124388,0,0,0,0
2024-03-01 11:30:56.750,5.472098,5.482559134350248,0,0,0,0
2024-03-01 11:30:57.000,5.614326,5.5767661441361245,0,0,0,0
2024-03-01 11:30:57.250,5.587419,5.6242732168360785,0,0,0,0
2024-03-01 11:30:57.500,5.625858,5.642556532716405,0,0,0,0
2024-03-01 11:30:57.750,5.657892,5.619126982541156,0,0,0,0
2024-03-01 11:30:58.000,5.630984,5.601032380747299,1,0,0,0
2024-03-01 11:30:58.250,5.60792,5.681084896003801,0,0,0,0
2024-03-01 11:30:58.500,5.746304,5.775672786991404,0,1,0,0
2024-03-01 11:30:58.750,5.788588,5.653929928252239,0,0,1,1
2024-03-01 11:30:59.000,5.305525,5.34194375173432,0,0,0,0
2024-03-01 11:30:59.250,5.042853,5.1868425606828605,0,0,0,0
2024-03-01 11:30:59.500,5.495162,5.354496668400078,0,0,0,0
2024-03-01 11:30:59.750,5.616889,5.608397752575651,0,0,0,0
2024-03-01 11:31:00.000,5.641234,5.707752246888848,0,0,0,0
2024-03-01 11:31:00.250,5.670705,5.679994293015019,0,0,0,0
2024-03-01 11:31:00.500,5.707863,5.640399963554428,0,0,0,0
2024-03-01 11:31:00.750,5.613045,5.641178987911596,0,0,0,0
2024-03-01 11:31:01.000,5.67583,5.710734771320145,1,0,0,0
2024-03-01 11:31:01.250,5.874436,5.836487694622976,0,0,0,0
2024-03-01 11:31:01.500,5.932096,5.937899372938136,0,0,0,0
2024-03-01 11:31:01.750,5.970054,5.966321939748707,0,0,0,0
2024-03-01 11:31:02.000,5.941864,5.965961338909184,0,0,0,0
2024-03-01 11:31:02.250,6.00465,5.983000608888185,0,0,0,0
2024-03-01 11:31:02.500,5.996962,5.999141344354795,0,0,0,0
2024-03-01 11:31:02.750,5.991836,5.994195231366363,0,0,0,0
2024-03-01 11:31:03.000,5.99568,5.999438420834856,0,0,0,0
2024-03-01 11:31:03.250,6.050777,6.049037391982169,0,0,0,0
2024-03-01 11:31:03.500,6.127657,6.125107749393103,0,0,0,0
2024-03-01 11:31:03.750,6.182755,6.181650340236035,0,0,0,0
2024-03-01 11:31:04.000,6.190443,6.196778077709724,0,1,0,0
2024-03-01 11:31:04.250,6.18788,6.181495947492884,0,0,0,0
2024-03-01 11:31:04.500,6.150721,6.1545727388797555,0,0,0,0
2024-03-01 11:31:04.750,6.127657,6.125120946809634,0,0,0,0
2024-03-01 11:31:05.000,6.089217,6.0918039678444,0,0,0,0
2024-03-01 11:31:05.250,6.050777,6.0490832462370845,0,0,0,0
2024-03-01 11:31:05.500,5.996962,5.996451753508479,0,0,0,1
2024-03-01 11:31:05.750,5.941864,5.943052458650338,0,0,0,0
2024-03-01 11:31:06.000,5.89958,5.898554886311728,0,0,0,0
2024-03-01 11:31:06.250,5.858578,5.86175546303199,0,0,1,0
2024-03-01 11:31:06.500,5.83167,5.8306680991551465,0,0,0,0
2024-03-01 11:31:06.750,5.832951,5.820961088132698,0,0,0,0
2024-03-01 11:31:07.000,5.826544,5.8413146157531575,0,0,0,0
2024-03-01 11:31:07.250,5.827826,5.841620531598683,0,0,0,0
2024-03-01 11:31:07.500,5.782979,5.746163747814434,0,0,0,0
2024-03-01 11:31:07.750,5.565153,5.571821022401885,0,0,0,0
2024-03-01 11:31:08.000,5.397298,5.437375295819007,0,0,0,0
2024-03-01 11:31:08.250,5.447753,5.409955730091852,0,0,0,0
2024-03-01 11:31:08.500,5.422127,5.425731529814006,0,0,0,0
2024-03-01 11:31:08.750,5.395219,5.402418016400375,0,0,0,0
2024-03-01 11:31:09.000,5.337559,5.341860403320119,0,0,0,0
2024-03-01 11:31:09.250,5.293993,5.286309775508405,0,0,0,0
2024-03-01 11:31:09.500,5.250428,5.252976089309632,0,0,0,0
2024-03-01 11:31:09.750,5.251709,5.251135672764571,0,0,0,0
2024-03-01 11:31:10.000,5.314495,5.310598636310691,0,0,0,0
2024-03-01 11:31:10.250,5.436221,5.447714687701172,0,0,0,0
2024-03-01 11:31:10.500,5.628421,5.621515108848934,0,0,0,0
2024-03-01 11:31:10.750,5.769367,5.762267920211476,1,0,0,0
2024-03-01 11:31:11.000,5.833434,5.842669006491652,0,0,0,0
2024-03-01 11:31:11.250,5.891094,5.89079998208023,0,0,0,0
2024-03-01 11:31:11.500,5.937222,5.936714292799376,0,0,0,0
2024-03-01 11:31:11.750,5.989274,5.981253658552835,0,0,0,0
2024-03-01 11:31:12.000,6.00465,6.015800163120962,0,0,0,0
2024-03-01 11:31:12.250,6.043089,6.037253361281958,0,0,0,0
2024-03-01 11:31:12.500,6.039246,6.041255146041568,0,0,0,0
2024-03-01 11:31:12.750,6.030276,6.030591866948863,0,0,0,0
2024-03-01 11:31:13.000,6.039246,6.029461287494604,0,0,0,0
2024-03-01 11:31:13.250,6.043089,6.053656514135142,0,0,0,0
2024-03-01 11:31:13.500,6.043089,6.070086367054991,0,0,0,0
2024-03-01 11:31:13.750,6.123813,6.043266643347891,0,0,0,0
2024-03-01 11:31:14.000,5.930332,6.01996634555311,0,0,0,0
2024-03-01 11:31:14.250,6.131501,6.07510036094897,0,0,0,0
2024-03-01 11:31:14.500,6.127657,6.154747934773051,0,1,0,0
2024-03-01 11:31:14.750,6.078967,6.091287096343553,0,0,0,0
2024-03-01 11:31:15.000,5.914956,5.843715072602432,0,0,0,1
2024-03-01 11:31:15.250,5.547215,5.614292508076499,0,0,1,0
2024-03-01 11:31:15.500,5.584373,5.607452490476228,1,0,0,0
2024-03-01 11:31:15.750,5.838077,5.762434279890249,0,0,0,0
2024-03-01 11:31:16.000,5.84192,5.867780665296831,0,1,0,0
2024-03-01 11:31:16.250,5.809887,5.841580539149635,0,0,0,0
2024-03-01 11:31:16.500,5.76504,5.740956570711706,0,0,0,1
2024-03-01 11:31:16.750,5.603593,5.603458989007299,0,0,1,0
2024-03-01 11:31:17.000,5.452396,5.445066643357222,0,0,0,0
2024-03-01 11:31:17.250,5.3217,5.335896722317639,0,0,0,0
2024-03-01 11:31:17.500,5.331152,5.336997417390786,0,0,0,0
2024-03-01 11:31:17.750,5.419564,5.4033626685151726,0,0,0,0
2024-03-01 11:31:18.000,5.44519,5.444953632827846,0,0,0,0
2024-03-01 11:31:18.250,5.446472,5.446783987986505,0,0,0,0
2024-03-01 11:31:18.500,5.419564,5.45313447875135,0,0,0,0
2024-03-01 11:31:18.750,5.533602,5.4792558264145885,0,0,0,0
2024-03-01 11:31:19.000,5.486193,5.515670466713659,0,0,0,0
2024-03-01 11:31:19.250,5.565636,5.572910260593664,0,0,0,0
2024-03-01 11:31:19.500,5.665579,5.651453782852567,1,0,0,0
2024-03-01 11:31:19.750,5.709145,5.711499022218899,0,0,0,0
2024-03-01 11:31:20.000,5.725802,5.725027372306409,0,1,0,0
2024-03-01 11:31:20.250,5.710426,5.713609008719338,0,0,0,0
2024-03-01 11:31:20.500,5.691206,5.694121229007116,0,0,0,0
2024-03-01 11:31:20.750,5.63739,5.631976077498417,0,0,1,1
2024-03-01 11:31:21.000,5.493881,5.50450213976663,0,0,0,0
2024-03-01 11:31:21.250,5.431096,5.385986336967839,0,0,0,0
2024-03-01 11:31:21.500,5.308088,5.387651348604231,0,0,0,0
2024-03-01 11:31:21.750,5.559229,5.503646873650962,0,0,0,0
2024-03-01 11:31:22.000,5.610482,5.610511670911763,0,0,0,0
2024-03-01 11:31:22.250,5.628421,5.642238271349248,0,0,0,0
2024-03-01 11:31:22.500,5.651485,5.657749169701738,1,0,0,0
2024-03-01 11:31:22.750,5.711708,5.704679734055803,0,0,0,0
2024-03-01 11:31:23.000,5.736053,5.729741383842832,0,1,0,0
2024-03-01 11:31:23.250,5.669424,5.673942652795409,0,0,0,1
2024-03-01 11:31:23.500,5.573324,5.575216239145444,0,0,1,0
2024-03-01 11:31:23.750,5.52207,5.5222533663924445,0,0,0,0
2024-03-01 11:31:24.000,5.547697,5.546490512368912,0,0,0,0
2024-03-01 11:31:24.250,5.601513,5.6046322204212125,0,0,0,0
2024-03-01 11:31:24.500,5.668142,5.655990496188433,1,0,0,0
2024-03-01 11:31:24.750,5.701457,5.715006668407717,0,0,0,0
2024-03-01 11:31:25.000,5.811651,5.809753160984841,0,0,0,0
2024-03-01 11:31:25.250,5.923127,5.920521443315146,0,0,0,0
2024-03-01 11:31:25.500,6.002087,5.9981216737591465,0,0,0,0
2024-03-01 11:31:25.750,6.026432,6.026523260449255,0,1,0,0
2024-03-01 11:31:26.000,6.009775,6.025506460159992,0,0,0,0
2024-03-01 11:31:26.250,6.022588,6.0043022395232795,0,0,0,0
2024-03-01 11:31:26.500,5.95724,5.957754948615976,0,0,0,0
2024-03-01 11:31:26.750,5.884204,5.898962480668514,0,0,0,0
2024-03-01 11:31:27.000,5.866266,5.853794701312287,0,0,0,1
2024-03-01 11:31:27.250,5.825263,5.828232038757761,0,0,0,0
2024-03-01 11:31:27.500,5.806043,5.807594401898684,0,0,0,0
2024-03-01 11:31:27.750,5.781698,5.7777023008856085,0,0,0,0
2024-03-01 11:31:28.000,5.722757,5.732840633569387,0,0,0,0
2024-03-01 11:31:28.250,5.693286,5.682251163917984,0,0,1,0
2024-03-01 11:31:28.500,5.663815,5.658070041789159,0,0,0,0
2024-03-01 11:31:28.750,5.659971,5.686274282418034,0,0,0,0
2024-03-01 11:31:29.000,5.761197,5.73748302557091,0,0,0,0
2024-03-01 11:31:29.250,5.739414,5.746532654481418,0,0,0,0
2024-03-01 11:31:29.500,5.703537,5.697755216931926,0,0,0,0
2024-03-01 11:31:29.750,5.633063,5.6468285146687744,0,0,0,0
2024-03-01 11:31:30.000,5.647158,5.638196832276621,0,0,0,0
2024-03-01 11:31:30.250,5.645877,5.641576203952126,0,0,0,0
2024-03-01 11:31:30.500,5.583092,5.596995253245154,0,0,0,0
2024-03-01 11:31:30.750,5.517744,5.505434154628569,0,0,0,0
2024-03-01 11:31:31.000,5.461365,5.4492945501073935,0,0,0,0
2024-03-01 11:31:31.250,5.461365,5.503768828544129,0,0,0,0
2024-03-01 11:31:31.500,5.675347,5.638902349154901,0,0,0,0
2024-03-01 11:31:31.750,5.753509,5.753649751436262,0,0,0,0
2024-03-01 11:31:32.000,5.784261,5.800278293004281,0,0,0,0
2024-03-01 11:31:32.250,5.816294,5.814006928143562,0,0,0,0
2024-03-01 11:31:32.500,5.836795,5.830277198784882,0,0,0,0
2024-03-01 11:31:32.750,5.845765,5.84482155757774,0,0,0,0
2024-03-01 11:31:33.000,5.847046,5.8505300972790835,0,0,0,0
2024-03-01 11:31:33.250,5.845765,5.8513805490144275,0,0,0,0
2024-03-01 11:31:33.500,5.849608,5.842407307969187,0,0,0,0
2024-03-01 11:31:33.750,5.825263,5.821002857698263,0,0,0,0
2024-03-01 11:31:34.000,5.800918,5.805358208345997,0,0,0,0
2024-03-01 11:31:34.250,5.788105,5.801801513118468,0,0,0,0
2024-03-01 11:31:34.500,5.797074,5.785313185869766,0,0,0,0
2024-03-01 11:31:34.750,5.790667,5.763689663822753,0,0,0,0
2024-03-01 11:31:35.000,5.758634,5.806771491010402,0,0,0,0
2024-03-01 11:31:35.250,5.950834,5.932861430104346,1,0,0,0
2024-03-01 11:31:35.500,6.036683,6.030505599168094,0,1,0,0
2024-03-01 11:31:35.750,6.009775,5.996396264470298,0,0,0,1
2024-03-01 11:31:36.000,5.87011,5.891561439865833,0,0,1,0
2024-03-01 11:31:36.250,5.84192,5.853494887371931,0,0,0,0
2024-03-01 11:31:36.500,5.940583,5.908522307829108,0,0,0,0
2024-03-01 11:31:36.750,5.962366,5.974864433920604,0,0,0,0
2024-03-01 11:31:37.000,5.99568,6.004137322459727,0,0,0,0
2024-03-01 11:31:37.250,6.030276,6.0237818989152805,0,0,0,0
2024-03-01 11:31:37.500,6.068716,6.067744007678754,0,0,0,0
2024-03-01 11:31:37.750,6.139189,6.138047345045525,1,0,0,0
2024-03-01 11:31:38.000,6.216069,6.223856653733117,0,0,0,0
2024-03-01 11:31:38.250,6.326263,6.315459877506843,0,0,0,0
2024-03-01 11:31:38.500,6.391612,6.4007453212584675,0,0,0,0
2024-03-01 11:31:38.750,6.471054,6.46607067307327,0,0,0,0
2024-03-01 11:31:39.000,6.502469,6.502253205979905,0,1,0,0
2024-03-01 11:31:39.250,6.502469,6.507509668279433,0,0,0,0
2024-03-01 11:31:39.500,6.494781,6.48821593226386,0,0,0,0
2024-03-01 11:31:39.750,6.45506,6.457788757809704,0,0,0,0
2024-03-01 11:31:40.000,6.425589,6.428185829048271,0,0,0,1
2024-03-01 11:31:40.250,6.402525,6.399008278209473,0,0,0,0
2024-03-01 11:31:40.500,6.360241,6.3630479394822865,0,0,1,0
2024-03-01 11:31:40.750,6.332052,6.325982778558062,0,0,0,0
2024-03-01 11:31:41.000,6.297456,6.305699851749034,0,0,0,0
2024-03-01 11:31:41.250,6.306426,6.300886338760089,0,0,0,0
2024-03-01 11:31:41.500,6.270548,6.277458741651512,0,0,0,0
2024-03-01 11:31:41.750,6.221858,6.212024467978191,0,0,0,0
2024-03-01 11:31:42.000,6.143696,6.140201976772919,0,0,0,0
2024-03-01 11:31:42.250,6.100131,6.125583105569179,0,0,0,0
2024-03-01 11:31:42.500,6.206481,6.178941946297136,0,0,0,0
2024-03-01 11:31:42.750,6.235952,6.24657002174903,0,0,0,0
2024-03-01 11:31:43.000,6.28208,6.283680511584562,0,0,0,0
2024-03-01 11:31:43.250,6.306426,6.303469559035148,0,0,0,0
2024-03-01 11:31:43.500,6.347428,6.348042343539523,0,0,0,0
2024-03-01 11:31:43.750,6.43584,6.437770400668518,0,0,0,0
2024-03-01 11:31:44.000,6.557566,6.5552270968812945,1,0,0,0
2024-03-01 11:31:44.250,6.663917,6.664449934279113,0,0,0,0
2024-03-01 11:31:44.500,6.738234,6.738986468892259,0,0,0,0
2024-03-01 11:31:44.750,6.775393,6.773718618655363,0,1,0,0
2024-03-01 11:31:45.000,6.77283,6.775620958634917,0,0,0,0
2024-03-01 11:31:45.250,6.752329,6.750509000358257,0,0,0,0
2024-03-01 11:31:45.500,6.703638,6.701782279548326,0,0,0,1
2024-03-01 11:31:45.750,6.633165,6.63838562360968,0,0,0,0
2024-03-01 11:31:46.000,6.584474,6.5806028423380365,0,0,1,0
2024-03-01 11:31:46.250,6.560129,6.556287257221648,0,0,0,0
2024-03-01 11:31:46.500,6.572942,6.583081535482166,0,0,0,0
2024-03-01 11:31:46.750,6.653666,6.648933016429585,1,0,0,0
2024-03-01 11:31:47.000,6.726702,6.720681256848718,0,0,0,0
2024-03-01 11:31:47.250,6.768986,6.774275573026924,0,0,0,0
2024-03-01 11:31:47.500,6.795894,6.8006194594708615,0,0,0,0
2024-03-01 11:31:47.750,6.794612,6.791856479359296,0,0,0,0
2024-03-01 11:31:48.000,6.770267,6.75694581956688,0,0,0,0
2024-03-01 11:31:48.250,6.724139,6.74037674880493,0,0,0,0
2024-03-01 11:31:48.500,6.777955,6.781266661920684,0,0,0,0
2024-03-01 11:31:48.750,6.877899,6.862936917127693,0,0,0,0
2024-03-01 11:31:49.000,6.939403,6.939151474506316,0,0,0,0
2024-03-01 11:31:49.250,6.969658,6.9858819089922015,0,0,0,0
2024-03-01 11:31:49.500,7.002973,6.99737247203169,0,0,0,0
2024-03-01 11:31:49.750,6.988878,6.977668903382459,0,0,0,0
2024-03-01 11:31:50.000,6.965814,6.964356714324553,0,0,0,0
2024-03-01 11:31:50.250,6.97094,6.992978147456721,0,0,0,0
2024-03-01 11:31:50.500,7.006817,7.0082740085967155,0,1,0,0
2024-03-01 11:31:50.750,6.94275,6.892500765530203,0,0,0,0
2024-03-01 11:31:51.000,6.558351,6.611740065179504,0,0,0,1
2024-03-01 11:31:51.250,6.266208,6.263486039482617,0,0,1,0
2024-03-01 11:31:51.500,6.019407,5.98449610008458,0,0,0,0
2024-03-01 11:31:51.750,5.864366,5.87481227520178,0,0,0,0
2024-03-01 11:31:52.000,5.914956,5.958129680033886,0,0,0,0
2024-03-01 11:31:52.250,6.199412,6.144629948264539,0,0,0,0
2024-03-01 11:31:52.500,6.272448,6.290541619507831,0,0,0,0
2024-03-01 11:31:52.750,6.326263,6.334748813424808,0,0,0,0
2024-03-01 11:31:53.000,6.327545,6.326172183860951,0,0,0,0
2024-03-01 11:31:53.250,6.336514,6.329414100455154,0,0,0,0
2024-03-01 11:31:53.500,6.373673,6.366792345311736,1,0,0,0
2024-03-01 11:31:53.750,6.398018,6.427218420910238,0,0,0,0
2024-03-01 11:31:54.000,6.512057,6.47521793475156,0,0,0,0
2024-03-01 11:31:54.250,6.438403,6.470255958493294,0,1,0,0
2024-03-01 11:31:54.500,6.440965,6.410320387520293,0,0,0,1
2024-03-01 11:31:54.750,6.308988,6.3407735723019645,0,0,1,0
2024-03-01 11:31:55.000,6.33077,6.3072963642330215,0,0,0,0
2024-03-01 11:31:55.250,6.308988,6.316220995072613,0,0,0,0
2024-03-01 11:31:55.500,6.334615,6.342849156699519,0,0,0,0
2024-03-01 11:31:55.750,6.376899,6.358057318106879,0,0,0,0
2024-03-01 11:31:56.000,6.319239,6.340543330782206,0,0,0,0
2024-03-01 11:31:56.250,6.293612,6.281610954976175,0,0,0,0
2024-03-01 11:31:56.500,6.198793,6.197493183086913,0,0,0,0
2024-03-01 11:31:56.750,6.129602,6.129243558850373,0,0,0,0
2024-03-01 11:31:57.000,6.086037,6.103233466992381,0,0,0,0
2024-03-01 11:31:57.250,6.11807,6.095054601792055,0,0,0,0
2024-03-01 11:31:57.500,6.055285,6.063314689528111,0,0,0,0
2024-03-01 11:31:57.750,6.006594,6.012958472856591,0,0,0,0
2024-03-01 11:31:58.000,6.000187,5.994233546530417,0,0,0,0
2024-03-01 11:31:58.250,6.048878,6.046285031784991,0,0,0,0
2024-03-01 11:31:58.500,6.151384,6.163113671306946,0,0,0,0
2024-03-01 11:31:58.750,6.321801,6.302817101031027,0,0,0,0
2024-03-01 11:31:59.000,6.393556,6.412831672496924,0,0,0,0
2024-03-01 11:31:59.250,6.465311,6.462579604405305,0,0,0,0
2024-03-01 11:31:59.500,6.505032,6.4785346862200885,0,0,0,0
2024-03-01 11:31:59.750,6.496062,6.533839641643167,1,0,0,0
2024-03-01 11:32:00.000,6.684418,6.666877867927929,0,0,0,0
2024-03-01 11:32:00.250,6.825365,6.823514364966096,0,0,0,0
2024-03-01 11:32:00.500,6.920183,6.918238661390957,0,1,0,0
2024-03-01 11:32:00.750,6.922249,6.930991841547919,0,0,0,0
2024-03-01 11:32:01.000,6.909436,6.905395839438725,0,0,0,0
2024-03-01 11:32:01.250,6.878684,6.878959818617478,0,0,0,0
2024-03-01 11:32:01.500,6.860745,6.856520710146534,0,0,0,0
2024-03-01 11:32:01.750,6.827431,6.834585809662397,0,0,0,1
2024-03-01 11:32:02.000,6.818461,6.814150468311526,0,0,0,0
2024-03-01 11:32:02.250,6.791553,6.790687097921581,0,0,0,0
2024-03-01 11:32:02.500,6.747988,6.755161511344585,0,0,1,0
2024-03-01 11:32:02.750,6.726205,6.712981818990586,0,0,0,0
2024-03-01 11:32:03.000,6.678796,6.6905901770030995,0,0,0,0
2024-03-01 11:32:03.250,6.712111,6.710442224588305,0,0,0,0
2024-03-01 11:32:03.500,6.768489,6.760622426922981,0,0,0,0
2024-03-01 11:32:03.750,6.78899,6.799499330719743,0,0,0,0
2024-03-01 11:32:04.000,6.799241,6.794995869979627,0,0,0,0
2024-03-01 11:32:04.250,6.768489,6.758416989007819,0,0,0,0
2024-03-01 11:32:04.500,6.717236,6.73670828853031,0,0,0,0
2024-03-01 11:32:04.750,6.780021,6.7707380499357885,0,0,0,0
2024-03-01 11:32:05.000,6.881247,6.865985391730761,1,0,0,0
2024-03-01 11:32:05.250,6.964533,6.995612886509364,0,0,0,0
2024-03-01 11:32:05.500,7.136231,7.117146048064334,0,0,0,0
2024-03-01 11:32:05.750,7.209267,7.197584159293873,0,0,0,0
2024-03-01 11:32:06.000,7.204142,7.230515784216996,0,1,0,0
2024-03-01 11:32:06.250,7.225924,7.216448596906089,0,0,0,0
2024-03-01 11:32:06.500,7.156733,7.151730920429065,0,0,0,0
2024-03-01 11:32:06.750,7.084978,7.066255763860358,0,0,0,1
2024-03-01 11:32:07.000,6.968377,7.024024595264256,0,0,1,0
2024-03-01 11:32:07.250,7.104198,7.049534981745982,0,0,0,0
2024-03-01 11:32:07.500,7.086259,7.105840896425954,0,0,0,0
2024-03-01 11:32:07.750,7.158014,7.161234668223045,0,0,0,0
2024-03-01 11:32:08.000,7.214393,7.212782175344473,0,0,0,0
2024-03-01 11:32:08.250,7.240019,7.242472082539839,0,0,0,0
2024-03-01 11:32:08.500,7.233613,7.223758752709732,0,0,0,0
2024-03-01 11:32:08.750,7.177234,7.177969660523477,0,0,0,0
2024-03-01 11:32:09.000,7.141356,7.159914454823398,0,0,0,0
2024-03-01 11:32:09.250,7.195172,7.1781480355625895,0,0,0,0
2024-03-01 11:32:09.500,7.184922,7.183900269192328,0,0,0,0
2024-03-01 11:32:09.750,7.141356,7.145466788265509,0,0,0,0
2024-03-01 11:32:10.000,7.072165,7.081850373759976,0,0,0,0
2024-03-01 11:32:10.250,7.033725,7.017992861987293,0,0,0,0
2024-03-01 11:32:10.500,6.947875,6.952735203492799,0,0,0,0
2024-03-01 11:32:10.750,6.867152,6.87698102949423,0,0,0,0
2024-03-01 11:32:11.000,6.809492,6.796687146794727,0,0,0,0
2024-03-01 11:32:11.250,6.735175,6.737249228054275,0,0,0,0
2024-03-01 11:32:11.500,6.72108,6.72808891078008,0,0,0,0
2024-03-01 11:32:11.750,6.772333,6.770103125974533,0,0,0,0
2024-03-01 11:32:12.000,6.831275,6.825672150968493,0,0,0,0
2024-03-01 11:32:12.250,6.854339,6.856767821088013,0,0,0,0
2024-03-01 11:32:12.500,6.856901,6.862094704531385,0,0,0,0
2024-03-01 11:32:12.750,6.872277,6.869400276304225,0,0,0,0
2024-03-01 11:32:13.000,6.918405,6.908052556689643,0,0,0,0
2024-03-01 11:32:13.250,6.968377,6.98795703197945,1,0,0,0
2024-03-01 11:32:13.500,7.09651,7.08492795759501,0,0,0,0
2024-03-01 11:32:13.750,7.156733,7.151541646840666,0,0,0,0
2024-03-01 11:32:14.000,7.145201,7.156781341217297,0,1,0,0
2024-03-01 11:32:14.250,7.111886,7.108341592293479,0,0,0,0
2024-03-01 11:32:14.500,7.043975,7.036103122423524,0,0,0,0
2024-03-01 11:32:14.750,6.955564,6.967008465206994,0,0,0,1
2024-03-01 11:32:15.000,6.917124,6.912068817580439,0,0,1,0
2024-03-01 11:32:15.250,6.869714,6.867405870142387,0,0,0,0
2024-03-01 11:32:15.500,6.826149,6.827441526421592,0,0,0,0
2024-03-01 11:32:15.750,6.787709,6.792469840465457,0,0,0,0
2024-03-01 11:32:16.000,6.767208,6.762595760488702,0,0,0,0
2024-03-01 11:32:16.250,6.7403,6.736135938910764,0,0,0,0
2024-03-01 11:32:16.500,6.703141,6.713102842129107,0,0,0,0
2024-03-01 11:32:16.750,6.694172,6.690867048722833,0,0,0,0
2024-03-01 11:32:17.000,6.674952,6.669159628790853,0,0,0,0
2024-03-01 11:32:17.250,6.667264,6.669144508832052,0,0,0,0
2024-03-01 11:32:17.500,6.714674,6.721903124713302,0,0,0,0
2024-03-01 11:32:17.750,6.826149,6.821961212137346,1,0,0,0
2024-03-01 11:32:18.000,6.923531,6.920166652564025,0,0,0,0
2024-03-01 11:32:18.250,6.979909,6.979611638760527,0,0,0,0
2024-03-01 11:32:18.500,7.004254,7.0104800500031015,0,0,0,0
2024-03-01 11:32:18.750,7.035006,7.03346596907063,0,0,0,0
2024-03-01 11:32:19.000,7.043975,7.039190299668042,0,1,0,0
2024-03-01 11:32:19.250,7.004254,7.007399704107596,0,0,0,0
2024-03-01 11:32:19.500,6.945313,6.945698212571704,0,0,0,0
2024-03-01 11:32:19.750,6.886372,6.88464385261103,0,0,0,1
2024-03-01 11:32:20.000,6.837681,6.841594018578428,0,0,0,0
2024-03-01 11:32:20.250,6.812055,6.807302066621292,0,0,1,0
2024-03-01 11:32:20.500,6.767208,6.769326159076375,0,0,0,0
2024-03-01 11:32:20.750,6.736456,6.7354557677483875,0,0,0,0
2024-03-01 11:32:21.000,6.722362,6.724639493695749,0,0,0,0
2024-03-01 11:32:21.250,6.741581,6.740692762338334,0,0,0,0
2024-03-01 11:32:21.500,6.768489,6.7668353084051285,0,0,0,0
2024-03-01 11:32:21.750,6.785147,6.784860694132324,0,0,0,0
2024-03-01 11:32:22.000,6.783865,6.78816533323711,0,0,0,0
2024-03-01 11:32:22.250,6.780021,6.777278637035379,0,0,0,0
2024-03-01 11:32:22.500,6.760801,6.756256598444585,0,0,0,0
2024-03-01 11:32:22.750,6.724924,6.7329234605248836,0,0,0,0
2024-03-01 11:32:23.000,6.713392,6.7111497879145015,0,0,0,0
2024-03-01 11:32:23.250,6.691609,6.688342314783228,0,0,0,0
2024-03-01 11:32:23.500,6.671108,6.6692949082287445,0,0,0,0
2024-03-01 11:32:23.750,6.659576,6.6679279182047395,0,0,0,0
2024-03-01 11:32:24.000,6.689047,6.689121325894509,0,0,0,0
2024-03-01 11:32:24.250,6.747988,6.733632223709188,0,0,0,0
2024-03-01 11:32:24.500,6.812055,6.8196906388910215,1,0,0,0
2024-03-01 11:32:24.750,6.940187,6.955036687355691,0,0,0,0
2024-03-01 11:32:25.000,7.105479,7.0881005801164445,0,0,0,0
2024-03-01 11:32:25.250,7.145201,7.146264069881563,0,1,0,0
2024-03-01 11:32:25.500,7.131106,7.124551001092975,0,0,0,0
2024-03-01 11:32:25.750,7.042694,7.076297746355792,0,0,0,0
2024-03-01 11:32:26.000,7.063195,7.030804146402384,0,0,0,1
2024-03-01 11:32:26.250,6.999129,6.9918262406597655,0,0,0,0
2024-03-01 11:32:26.500,6.956845,6.98532694207348,0,0,0,0
2024-03-01 11:32:26.750,7.022193,7.0234163725816146,0,0,0,0
2024-03-01 11:32:27.000,7.090104,7.060577263055895,0,0,0,0
2024-03-01 11:32:27.250,7.055508,7.058151253687459,0,0,0,0
2024-03-01 11:32:27.500,6.987597,7.028820088931527,0,0,0,0
2024-03-01 11:32:27.750,7.00041,6.96615133120884,0,0,1,0
2024-03-01 11:32:28.000,6.838963,6.8333615715446285,0,0,0,0
2024-03-01 11:32:28.250,6.660858,6.677765795085246,0,0,0,0
2024-03-01 11:32:28.500,6.650607,6.641446463904882,0,0,0,0
2024-03-01 11:32:28.750,6.765927,6.784371077163778,1,0,0,0
2024-03-01 11:32:29.000,7.001691,6.982351749400572,0,0,0,0
2024-03-01 11:32:29.250,7.07729,7.073874655911995,0,1,0,0
2024-03-01 11:32:29.500,7.042694,7.046280951261062,0,0,0,0
2024-03-01 11:32:29.750,6.972221,7.000745139403904,0,0,0,1
2024-03-01 11:32:30.000,7.027318,6.986579845768761,0,0,0,0
2024-03-01 11:32:30.250,6.949157,6.966463727179907,0,0,0,0
2024-03-01 11:32:30.500,6.91328,6.917805783079301,0,0,1,0
2024-03-01 11:32:30.750,6.881247,6.87579443798961,0,0,0,0
2024-03-01 11:32:31.000,6.876121,6.874034485255919,0,0,0,0
2024-03-01 11:32:31.250,6.890216,6.895360274476131,0,0,0,0
2024-03-01 11:32:31.500,6.888935,6.889933464496729,0,0,0,0
2024-03-01 11:32:31.750,6.841525,6.832552154954293,0,0,0,0
2024-03-01 11:32:32.000,6.758239,6.76602275418798,0,0,0,0
2024-03-01 11:32:32.250,6.777459,6.771932457061676,1,0,0,0
2024-03-01 11:32:32.500,6.867152,6.87280199772044,0,0,0,0
2024-03-01 11:32:32.750,6.967096,6.980318732151264,0,0,0,0
2024-03-01 11:32:33.000,7.027318,6.9838822795047175,0,1,0,0
2024-03-01 11:32:33.250,6.838963,6.881291392250986,0,0,0,0
2024-03-01 11:32:33.500,6.780021,6.768673751676847,0,0,1,1
2024-03-01 11:32:33.750,6.715955,6.7100768137026385,0,0,0,0
2024-03-01 11:32:34.000,6.681359,6.6805556973577485,0,0,0,0
2024-03-01 11:32:34.250,6.62498,6.633769301459983,0,0,0,0
2024-03-01 11:32:34.500,6.571164,6.56315103275119,0,0,0,0
2024-03-01 11:32:34.750,6.485315,6.485005384756801,0,0,0,0
2024-03-01 11:32:35.000,6.390497,6.402479441467772,0,0,0,0
2024-03-01 11:32:35.250,6.324364,6.319015448685824,0,0,0,0
2024-03-01 11:32:35.500,6.314114,6.2790975686252635,0,0,0,0
2024-03-01 11:32:35.750,6.27183,6.340706749238613,0,0,0,0
2024-03-01 11:32:36.000,6.526814,6.486548061357433,1,0,0,0
2024-03-01 11:32:36.250,6.651103,6.6270410386606935,0,0,0,0
2024-03-01 11:32:36.500,6.66648,6.701519084374589,0,0,0,0
2024-03-01 11:32:36.750,6.667761,6.696958522837751,0,1,0,0
2024-03-01 11:32:37.000,6.681855,6.595495979516017,0,0,0,0
2024-03-01 11:32:37.250,6.343584,6.406445226927338,0,0,0,1
2024-03-01 11:32:37.500,6.200075,6.212441880696767,0,0,1,0
2024-03-01 11:32:37.750,6.16676,6.1120652156538045,0,0,0,0
2024-03-01 11:32:38.000,6.121914,6.147997350523267,0,0,0,0
2024-03-01 11:32:38.250,6.256454,6.279256898662058,1,0,0,0
2024-03-01 11:32:38.500,6.3974,6.383559025751736,0,0,0,0
2024-03-01 11:32:38.750,6.402525,6.3638038648928905,0,0,0,0
2024-03-01 11:32:39.000,6.246203,6.286761103297241,0,0,0,0
2024-03-01 11:32:39.250,6.289768,6.3096976114211785,0,0,0,0
2024-03-01 11:32:39.500,6.515283,6.463030609707525,0,0,0,0
2024-03-01 11:32:39.750,6.597288,6.618116959513315,0,0,0,0
2024-03-01 11:32:40.000,6.631884,6.64495362581062,0,1,0,0
2024-03-01 11:32:40.250,6.505032,6.5068762184816915,0,0,0,0
2024-03-01 11:32:40.500,6.294893,6.258351379701415,0,0,0,0
2024-03-01 11:32:40.750,5.997625,6.021356731894641,0,0,0,1
2024-03-01 11:32:41.000,5.855397,5.891525386508872,0,0,0,0
2024-03-01 11:32:41.250,5.89958,5.835755735437618,0,0,1,0
2024-03-01 11:32:41.500,5.729163,5.7582404662474795,0,0,0,0
2024-03-01 11:32:41.750,5.640751,5.645987598121168,0,0,0,0
2024-03-01 11:32:42.000,5.554902,5.557641631999315,0,0,0,0
2024-03-01 11:32:42.250,5.531838,5.512440060442465,0,0,0,0
2024-03-01 11:32:42.500,5.469053,5.482123464745757,0,0,0,0
2024-03-01 11:32:42.750,5.454958,5.454077614981264,0,0,0,0
2024-03-01 11:32:43.000,5.429332,5.432972805728416,0,0,0,0
2024-03-01 11:32:43.250,5.419081,5.4099205667217,0,0,0,0
2024-03-01 11:32:43.500,5.374717,5.37359974517306,0,0,0,0
2024-03-01 11:32:43.750,5.30937,5.32719429259373,0,0,0,0
2024-03-01 11:32:44.000,5.292712,5.27514308928472,0,0,0,0
2024-03-01 11:32:44.250,5.222239,5.223404356938806,0,0,0,0
2024-03-01 11:32:44.500,5.190206,5.197405812772266,0,0,0,0
2024-03-01 11:32:44.750,5.220958,5.219776040963477,0,0,0,0
2024-03-01 11:32:45.000,5.268367,5.26675482187199,0,0,0,0
2024-03-01 11:32:45.250,5.287587,5.286936107960034,0,0,0,0
2024-03-01 11:32:45.500,5.274774,5.269257348380353,0,0,0,0
2024-03-01 11:32:45.750,5.244021,5.256727322795344,0,0,0,0
2024-03-01 11:32:46.000,5.29015,5.283746867402611,0,0,0,0
2024-03-01 11:32:46.250,5.336277,5.332854900611797,0,0,0,0
2024-03-01 11:32:46.500,5.364467,5.368161000914123,0,0,0,0
2024-03-01 11:32:46.750,5.383687,5.381524623351054,1,0,0,0
2024-03-01 11:32:47.000,5.378561,5.384778679699814,0,1,1,1
2024-03-01 11:32:47.250,5.387531,5.3799483571149755,0,0,0,0
2024-03-01 11:32:47.500,5.360623,5.36195476876314,0,0,0,0
2024-03-01 11:32:47.750,5.333715,5.337158826281267,0,0,0,0
2024-03-01 11:32:48.000,5.318339,5.317715502647047,0,0,0,0
2024-03-01 11:32:48.250,5.308088,5.305395011635002,0,0,0,0
2024-03-01 11:32:48.500,5.295275,5.295432079953947,0,0,0,0
2024-03-01 11:32:48.750,5.283743,5.286429211960834,0,0,0,0
2024-03-01 11:32:49.000,5.274774,5.274988870928315,0,0,0,0
2024-03-01 11:32:49.250,5.256835,5.254390757655976,0,0,0,0
2024-03-01 11:32:49.500,5.233771,5.230949174350279,0,0,0,0
2024-03-01 11:32:49.750,5.219676,5.225229296312925,0,0,0,0
2024-03-01 11:32:50.000,5.238896,5.243979911852459,0,0,0,0
2024-03-01 11:32:50.250,5.287587,5.271686220781274,0,0,0,0
2024-03-01 11:32:50.500,5.293993,5.3026267976647885,0,0,0,0
2024-03-01 11:32:50.750,5.345247,5.352171649891255,0,0,0,0
2024-03-01 11:32:51.000,5.431096,5.420973082977642,0,0,0,0
2024-03-01 11:32:51.250,5.479786,5.483484793937728,0,0,0,0
2024-03-01 11:32:51.500,5.532321,5.536380133871699,0,0,0,0
2024-03-01 11:32:51.750,5.647641,5.625852299167194,0,0,0,0
2024-03-01 11:32:52.000,5.745022,5.786261196691003,1,0,0,0
2024-03-01 11:32:52.250,6.000007,5.9681826299412215,0,0,0,0
2024-03-01 11:32:52.500,6.078967,6.080543000594175,0,0,0,0
2024-03-01 11:32:52.750,6.095624,6.102308039794529,0,0,0,0
2024-03-01 11:32:53.000,6.086655,6.095356883607709,0,0,0,0
2024-03-01 11:32:53.250,6.121251,6.109311119248435,0,0,0,0
2024-03-01 11:32:53.500,6.139189,6.136617576172096,0,0,0,0
2024-03-01 11:32:53.750,6.14944,6.160012437905269,0,0,0,0
2024-03-01 11:32:54.000,6.18788,6.182108801313663,0,0,0,0
2024-03-01 11:32:54.250,6.199412,6.200476147073931,0,0,0,0
2024-03-01 11:32:54.500,6.199412,6.200973989560645,0,0,0,0
2024-03-01 11:32:54.750,6.198131,6.1915373498102975,0,0,0,0
2024-03-01 11:32:55.000,6.2071,6.212938683919015,0,0,0,0
2024-03-01 11:32:55.250,6.290386,6.294529029540474,0,0,0,0
2024-03-01 11:32:55.500,6.422363,6.414297568067686,0,0,0,0
2024-03-01 11:32:55.750,6.52297,6.523498130170465,0,0,0,0
2024-03-01 11:32:56.000,6.594725,6.597236210761975,0,0,0,0
2024-03-01 11:32:56.250,6.634446,6.638863345631482,0,0,0,0
2024-03-01 11:32:56.500,6.660073,6.655572694633633,0,1,0,0
2024-03-01 11:32:56.750,6.663917,6.658385033442289,0,0,0,0
2024-03-01 11:32:57.000,6.653666,6.648881207105819,0,0,0,0
2024-03-01 11:32:57.250,6.516564,6.556271195098548,0,0,0,0
2024-03-01 11:32:57.500,6.292331,6.254002107279793,0,0,0,1
2024-03-01 11:32:57.750,5.766985,5.754910888428442,0,0,1,0
2024-03-01 11:32:58.000,5.312731,5.337870838254737,0,0,0,0
2024-03-01 11:32:58.250,5.299119,5.3081496850897105,0,0,0,0
2024-03-01 11:32:58.500,5.628421,5.6321285256852285,0,0,0,0
2024-03-01 11:32:58.750,6.024352,5.972323631295549,0,0,0,0
2024-03-01 11:32:59.000,6.046934,6.089491392041902,0,0,0,0
2024-03-01 11:32:59.250,6.040527,6.046428796349978,0,0,0,0
2024-03-01 11:32:59.500,6.025151,6.006880646448356,0,0,0,0
2024-03-01 11:32:59.750,6.009775,6.011449440571875,0,0,0,0
2024-03-01 11:33:00.000,6.003368,6.008410399071842,0,0,0,0
2024-03-01 11:33:00.250,5.981586,5.978300058123927,0,0,0,0
2024-03-01 11:33:00.500,5.94699,5.949402571745134,0,0,0,0
2024-03-01 11:33:00.750,5.936739,5.940288103403903,0,0,0,0
2024-03-01 11:33:01.000,5.953396,5.941041563511507,0,0,0,0
2024-03-01 11:33:01.250,5.92777,5.9389824036534105,0,0,0,0
2024-03-01 11:33:01.500,5.930332,5.9306518790585,0,0,0,0
2024-03-01 11:33:01.750,5.920082,5.911859891389541,0,0,0,0
2024-03-01 11:33:02.000,5.875235,5.88074903262091,0,0,0,0
2024-03-01 11:33:02.250,5.849608,5.849112831920917,0,0,0,0
2024-03-01 11:33:02.500,5.83167,5.83185720245218,0,0,0,0
2024-03-01 11:33:02.750,5.829107,5.828077903247121,0,0,0,0
2024-03-01 11:33:03.000,5.825263,5.825682370725757,0,0,0,0
2024-03-01 11:33:03.250,5.821419,5.820101612055946,0,0,0,0
2024-03-01 11:33:03.500,5.813731,5.816742155582297,0,0,0,0
2024-03-01 11:33:03.750,5.818857,5.817262949959786,0,0,0,0
2024-03-01 11:33:04.000,5.816294,5.814874491610763,0,0,0,0
2024-03-01 11:33:04.250,5.803481,5.805623934369418,0,0,0,0
2024-03-01 11:33:04.500,5.797074,5.795434761364473,0,0,0,0
2024-03-01 11:33:04.750,5.789386,5.791089799657708,0,0,0,0
2024-03-01 11:33:05.000,5.790667,5.790358542011283,1,0,0,0
2024-03-01 11:33:05.250,5.789386,5.7868814927950085,0,0,0,0
2024-03-01 11:33:05.500,5.777854,5.7803841074873645,0,0,0,0
2024-03-01 11:33:05.750,5.77401,5.7747206133967035,0,0,0,0
2024-03-01 11:33:06.000,5.771447,5.768886739748048,0,0,0,0
2024-03-01 11:33:06.250,5.757353,5.759123004456472,0,0,0,0
2024-03-01 11:33:06.500,5.752227,5.749990325258785,0,0,0,0
2024-03-01 11:33:06.750,5.747102,5.755285339531629,0,0,0,0
2024-03-01 11:33:07.000,5.799636,5.778132058733187,0,0,0,0
2024-03-01 11:33:07.250,5.75479,5.782184513258601,0,1,0,0
2024-03-01 11:33:07.500,5.700974,5.706227766923169,0,0,0,1
2024-03-01 11:33:07.750,5.615125,5.553682623367243,0,0,1,0
2024-03-01 11:33:08.000,5.374235,5.43556556783426,0,0,0,0
2024-03-01 11:33:08.250,5.423408,5.4389946062731145,0,0,0,0
2024-03-01 11:33:08.500,5.56948,5.499329946230997,0,0,0,0
2024-03-01 11:33:08.750,5.474661,5.511260177873337,0,0,0,0
2024-03-01 11:33:09.000,5.475943,5.495760724551992,0,0,0,0
2024-03-01 11:33:09.250,5.565636,5.537979612887143,0,0,0,0
2024-03-01 11:33:09.500,5.629702,5.632145810091948,0,0,0,0
2024-03-01 11:33:09.750,5.670705,5.693084789011896,0,0,0,0
2024-03-01 11:33:10.000,5.718114,5.6773580364837555,0,0,0,0
2024-03-01 11:33:10.250,5.581012,5.623803418840348,0,0,0,0
2024-03-01 11:33:10.500,5.610482,5.589727038331721,0,0,0,0
2024-03-01 11:33:10.750,5.597669,5.591339702924199,0,0,0,0
2024-03-01 11:33:11.000,5.596388,5.610764465722403,0,0,0,0
2024-03-01 11:33:11.250,5.629702,5.62726829407777,0,0,0,0
2024-03-01 11:33:11.500,5.641234,5.629593444915199,0,0,0,0
2024-03-01 11:33:11.750,5.60792,5.62060354458684,0,0,0,0
2024-03-01 11:33:12.000,5.61817,5.616017832034238,0,0,0,0
2024-03-01 11:33:12.250,5.636109,5.627405565406639,0,0,0,0
2024-03-01 11:33:12.500,5.63739,5.648293480418318,0,0,0,0
2024-03-01 11:33:12.750,5.664298,5.6635056104335435,0,0,0,0
2024-03-01 11:33:13.000,5.688643,5.675166882542469,0,0,0,0
2024-03-01 11:33:13.250,5.698894,5.713638786886726,1,0,0,0
2024-03-01 11:33:13.500,5.807807,5.803895417654676,0,0,0,0
2024-03-01 11:33:13.750,5.921846,5.922948860850822,0,0,0,0
2024-03-01 11:33:14.000,6.026432,6.0197712439490445,0,0,0,0
2024-03-01 11:33:14.250,6.073842,6.07532365656029,0,0,0,0
2024-03-01 11:33:14.500,6.096905,6.105482241991991,0,1,0,0
2024-03-01 11:33:14.750,6.108438,6.109291713492452,0,0,0,0
2024-03-01 11:33:15.000,6.087936,6.066241070917752,0,0,0,0
2024-03-01 11:33:15.250,5.967491,5.989015672281299,0,0,0,0
2024-03-01 11:33:15.500,5.925207,5.924524826635522,0,0,0,1
2024-03-01 11:33:15.750,5.903424,5.893860987113011,0,0,0,0
2024-03-01 11:33:16.000,5.876516,5.877033870237781,0,0,1,0
2024-03-01 11:33:16.250,5.849608,5.8569696667957185,0,0,0,0
2024-03-01 11:33:16.500,5.840639,5.837230541166471,0,0,0,0
2024-03-01 11:33:16.750,5.822701,5.820189194440253,0,0,0,0
2024-03-01 11:33:17.000,5.798355,5.800951213981742,0,0,0,0
2024-03-01 11:33:17.250,5.781698,5.780915068526982,0,0,0,0
2024-03-01 11:33:17.500,5.766322,5.767218433564825,0,0,0,0
2024-03-01 11:33:17.750,5.761197,5.760436313033605,0,0,0,0
2024-03-01 11:33:18.000,5.75479,5.753733858563947,0,0,0,0
2024-03-01 11:33:18.250,5.740695,5.743286827047481,0,0,0,0
2024-03-01 11:33:18.500,5.736851,5.734986078016476,0,0,0,0
2024-03-01 11:33:18.750,5.741977,5.741311817122405,0,0,0,0
2024-03-01 11:33:19.000,5.768885,5.769320362265526,0,0,0,0
2024-03-01 11:33:19.250,5.803481,5.808185893781119,0,0,0,0
2024-03-01 11:33:19.500,5.843202,5.837762922056661,0,0,0,0
2024-03-01 11:33:19.750,5.863703,5.859185305197259,0,0,0,0
2024-03-01 11:33:20.000,5.891892,5.9023427808013835,0,0,0,0
2024-03-01 11:33:20.250,5.986711,5.988247183323579,1,0,0,0
2024-03-01 11:33:20.500,6.119969,6.102303372143803,0,0,0,0
2024-03-01 11:33:20.750,6.200693,6.217266660137891,0,0,0,0
2024-03-01 11:33:21.000,6.318575,6.31746074402462,0,0,0,0
2024-03-01 11:33:21.250,6.400581,6.391532244184142,0,0,0,0
2024-03-01 11:33:21.500,6.423645,6.429826832749024,0,0,0,0
2024-03-01 11:33:21.750,6.43584,6.435819014934175,0,1,0,0
2024-03-01 11:33:22.000,6.421745,6.419174900475985,0,0,0,0
2024-03-01 11:33:22.250,6.374336,6.379433321768512,0,0,0,0
2024-03-01 11:33:22.500,6.321801,6.316864289407495,0,0,0,0
2024-03-01 11:33:22.750,6.261579,6.255164447795364,0,0,0,0
2024-03-01 11:33:23.000,6.206481,6.226359802273838,0,0,0,1
2024-03-01 11:33:23.250,6.244922,6.228767775592865,0,0,0,0
2024-03-01 11:33:23.500,6.226983,6.226882231731209,0,0,0,0
2024-03-01 11:33:23.750,6.192387,6.198837413271748,0,0,0,0
2024-03-01 11:33:24.000,6.155228,6.157953848471607,0,0,0,0
2024-03-01 11:33:24.250,6.141134,6.125407276851796,0,0,0,0
2024-03-01 11:33:24.500,6.083474,6.107069768535356,0,0,0,0
2024-03-01 11:33:24.750,6.121914,6.10111865473176,0,0,0,0
2024-03-01 11:33:25.000,6.103975,6.106752797249871,0,0,0,0
2024-03-01 11:33:25.250,6.091162,6.109386940683187,0,0,0,0
2024-03-01 11:33:25.500,6.088599,6.074210890592479,0,0,0,0
2024-03-01 11:33:25.750,6.004031,5.989841664525525,0,0,1,0
2024-03-01 11:33:26.000,5.878461,5.905271388458084,0,0,0,0
2024-03-01 11:33:26.250,5.881642,5.875717936121085,0,0,0,0
2024-03-01 11:33:26.500,5.902143,5.888996190168445,0,0,0,0
2024-03-01 11:33:26.750,5.88933,5.895143277961845,0,0,0,0
2024-03-01 11:33:27.000,5.875235,5.881391749378382,0,0,0,0
2024-03-01 11:33:27.250,5.871391,5.868827641194501,0,0,0,0
2024-03-01 11:33:27.500,5.868828,5.863854438195329,0,0,0,0
2024-03-01 11:33:27.750,5.853452,5.856346213308972,0,0,0,0
2024-03-01 11:33:28.000,5.843202,5.8457030608695355,0,0,0,0
2024-03-01 11:33:28.250,5.840639,5.838558924681076,0,0,0,0
2024-03-01 11:33:28.500,5.834232,5.833303949216852,0,0,0,0
2024-03-01 11:33:28.750,5.823982,5.824401945894043,0,0,0,0
2024-03-01 11:33:29.000,5.811169,5.813111142213023,0,0,0,0
2024-03-01 11:33:29.250,5.806043,5.804397173445812,0,0,0,0
2024-03-01 11:33:29.500,5.800918,5.799626430313412,0,0,0,0
2024-03-01 11:33:29.750,5.79323,5.796713826555169,0,0,0,0
2024-03-01 11:33:30.000,5.795793,5.793154857371449,0,0,0,0
2024-03-01 11:33:30.250,5.788105,5.787778305534061,0,0,0,0
2024-03-01 11:33:30.500,5.779135,5.781671440479094,0,0,0,0
2024-03-01 11:33:30.750,5.779135,5.776521283807688,0,0,0,0
2024-03-01 11:33:31.000,5.770166,5.771964959595445,0,0,0,0
2024-03-01 11:33:31.250,5.767603,5.766466349009889,0,0,0,0
2024-03-01 11:33:31.500,5.759915,5.759637361076967,0,0,0,0
2024-03-01 11:33:31.750,5.749665,5.752290479675965,0,0,0,0
2024-03-01 11:33:32.000,5.750946,5.748275027377613,0,0,0,0
2024-03-01 11:33:32.250,5.761197,5.759395886231308,0,0,0,0
2024-03-01 11:33:32.500,5.795793,5.801882648887502,0,0,0,0
2024-03-01 11:33:32.750,5.885486,5.880732052121185,1,0,0,0
2024-03-01 11:33:33.000,5.980304,5.980971844966545,0,0,0,0
2024-03-01 11:33:33.250,6.077685,6.0774117244783525,0,0,0,0
2024-03-01 11:33:33.500,6.144315,6.14855879116148,0,0,0,0
2024-03-01 11:33:33.750,6.191724,6.184665271970646,0,0,0,0
2024-03-01 11:33:34.000,6.18788,6.19337250359273,0,1,0,0
2024-03-01 11:33:34.250,6.198131,6.194261325712775,0,0,0,0
2024-03-01 11:33:34.500,6.191724,6.1946397101491755,0,0,0,0
2024-03-01 11:33:34.750,6.169941,6.174903004582067,0,0,0,0
2024-03-01 11:33:35.000,6.131501,6.116087366843999,0,0,0,1
2024-03-01 11:33:35.250,6.026432,6.038513232151458,0,0,1,0
2024-03-01 11:33:35.500,5.98543,5.986971626167759,0,0,0,0
2024-03-01 11:33:35.750,5.981586,5.976448787086138,0,0,0,0
2024-03-01 11:33:36.000,5.982867,5.980770900453148,0,0,0,0
2024-03-01 11:33:36.250,5.971335,5.9756252569754436,0,0,0,0
2024-03-01 11:33:36.500,5.962366,5.963169973787593,0,0,0,0
2024-03-01 11:33:36.750,5.955959,5.952786203835112,0,0,0,0
2024-03-01 11:33:37.000,5.944427,5.944789802685782,0,0,0,0
2024-03-01 11:33:37.250,5.936739,5.939031533772633,0,0,0,0
2024-03-01 11:33:37.500,5.945708,5.943457520810744,0,0,0,0
2024-03-01 11:33:37.750,5.967491,5.968770303509901,0,0,0,0
2024-03-01 11:33:38.000,6.020025,6.018648062788742,0,0,0,0
2024-03-01 11:33:38.250,6.081529,6.082526173279864,0,0,0,0
2024-03-01 11:33:38.500,6.134064,6.137258336173633,0,0,0,0
2024-03-01 11:33:38.750,6.173785,6.166973753001961,0,0,0,0
2024-03-01 11:33:39.000,6.184036,6.186372306539675,1,0,0,0
2024-03-01 11:33:39.250,6.22632,6.229679254304803,0,0,0,0
2024-03-01 11:33:39.500,6.307044,6.3073946058392165,0,0,0,0
2024-03-01 11:33:39.750,6.395455,6.390225013982114,0,0,0,0
2024-03-01 11:33:40.000,6.445427,6.445382103074154,0,0,0,0
2024-03-01 11:33:40.250,6.461466,6.4686220498299,0,1,0,0
2024-03-01 11:33:40.500,6.47428,6.469893785894011,0,0,0,0
2024-03-01 11:33:40.750,6.453779,6.4510017524784065,0,0,0,0
2024-03-01 11:33:41.000,6.408932,6.411954509739164,0,0,0,0
2024-03-01 11:33:41.250,6.35896,6.361353796707546,0,0,0,0
2024-03-01 11:33:41.500,6.314114,6.310540222807086,0,0,0,1
2024-03-01 11:33:41.750,6.27183,6.27030010948087,0,0,0,0
2024-03-01 11:33:42.000,6.248765,6.252757971553592,0,0,1,0
2024-03-01 11:33:42.250,6.260297,6.260635545782039,0,0,0,0
2024-03-01 11:33:42.500,6.280799,6.278052641412763,0,0,0,0
2024-03-01 11:33:42.750,6.288487,6.286605994152178,0,0,0,0
2024-03-01 11:33:43.000,6.279518,6.283513283353515,0,0,0,0
2024-03-01 11:33:43.250,6.269267,6.272053596824257,0,0,0,0
2024-03-01 11:33:43.500,6.257735,6.250371240900433,0,0,0,0
2024-03-01 11:33:43.750,6.226983,6.227207806890261,0,0,0,0
2024-03-01 11:33:44.000,6.221858,6.229592988930852,0,0,0,0
2024-03-01 11:33:44.250,6.276955,6.272089247331639,0,0,0,0
2024-03-01 11:33:44.500,6.333333,6.332807871594554,0,0,0,0
2024-03-01 11:33:44.750,6.379461,6.3783428871644015,0,0,0,0
2024-03-01 11:33:45.000,6.394837,6.398297841627212,0,0,0,0
2024-03-01 11:33:45.250,6.401244,6.4008121564304075,0,0,0,0
2024-03-01 11:33:45.500,6.392275,6.390080491855003,0,0,0,0
2024-03-01 11:33:45.750,6.365366,6.3649382862643,0,0,0,0
2024-03-01 11:33:46.000,6.325645,6.329266420576738,0,0,0,0
2024-03-01 11:33:46.250,6.292331,6.2899959465361635,0,0,0,0
2024-03-01 11:33:46.500,6.251328,6.250709856844595,0,0,0,0
2024-03-01 11:33:46.750,6.21417,6.214445691270583,0,0,0,0
2024-03-01 11:33:47.000,6.183418,6.185239454412352,0,0,0,0
2024-03-01 11:33:47.250,6.162916,6.161905215061369,0,0,0,0
2024-03-01 11:33:47.500,6.139853,6.1386470293288085,0,0,0,0
2024-03-01 11:33:47.750,6.115507,6.1153553000639045,0,0,0,0
2024-03-01 11:33:48.000,6.095006,6.098228457703283,0,0,0,0
2024-03-01 11:33:48.250,6.08988,6.087778741802334,0,0,0,0
2024-03-01 11:33:48.500,6.078349,6.07657005090102,0,0,0,0
2024-03-01 11:33:48.750,6.059129,6.061191012072338,0,0,0,0
2024-03-01 11:33:49.000,6.045034,6.045970259922636,0,0,0,0
2024-03-01 11:33:49.250,6.034783,6.033327618960387,0,0,0,0
2024-03-01 11:33:49.500,6.02197,6.02098381407413,0,0,0,0
2024-03-01 11:33:49.750,6.007875,6.009411753516315,0,0,0,0
2024-03-01 11:33:50.000,6.001469,6.001794628408009,0,0,0,0
2024-03-01 11:33:50.250,5.996343,5.996366994488357,0,0,0,0
2024-03-01 11:33:50.500,5.991218,5.988233590651774,0,0,0,0
2024-03-01 11:33:50.750,5.974561,5.978071065220866,0,0,0,0
2024-03-01 11:33:51.000,5.970716,5.969720419191448,0,0,0,0
2024-03-01 11:33:51.250,5.960466,5.9611773422135865,0,0,0,0
2024-03-01 11:33:51.500,5.951497,5.948873007516868,0,0,0,0
2024-03-01 11:33:51.750,5.937402,5.937987753368666,0,0,0,0
2024-03-01 11:33:52.000,5.930995,5.933829279468578,0,0,0,0
2024-03-01 11:33:52.250,5.924589,5.9266461300536575,0,0,0,0
2024-03-01 11:33:52.500,5.916238,5.908245320686631,0,0,0,0
2024-03-01 11:33:52.750,5.903424,5.900153475489632,0,0,0,0
2024-03-01 11:33:53.000,5.907269,5.926332328310122,0,0,0,0
2024-03-01 11:33:53.250,5.963647,5.957462645998028,0,0,0,0
2024-03-01 11:33:53.500,5.963647,5.939587526615351,0,0,0,0
2024-03-01 11:33:53.750,5.862422,5.88804323290986,0,0,0,0
2024-03-01 11:33:54.000,5.886767,5.891306014367311,0,0,0,0
2024-03-01 11:33:54.250,6.036683,6.0092538148985035,0,0,0,0
2024-03-01 11:33:54.500,6.190443,6.214603721270569,1,0,0,0
2024-03-01 11:33:54.750,6.437739,6.431170815717126,0,0,0,0
2024-03-01 11:33:55.000,6.59985,6.5930402251722295,0,0,0,0
2024-03-01 11:33:55.250,6.670323,6.675788949551096,0,0,0,0
2024-03-01 11:33:55.500,6.692106,6.697272777337564,0,1,0,0
2024-03-01 11:33:55.750,6.703638,6.6944772623025175,0,0,0,0
2024-03-01 11:33:56.000,6.697231,6.692791262548807,0,0,0,0
2024-03-01 11:33:56.250,6.656229,6.679876531974667,0,0,0,0
2024-03-01 11:33:56.500,6.629321,6.612526208910929,0,0,0,0
2024-03-01 11:33:56.750,6.498625,6.482147340385252,0,0,0,0
2024-03-01 11:33:57.000,6.33077,6.357640781453558,0,0,0,1
2024-03-01 11:33:57.250,6.302581,6.308473936964653,0,0,0,0
2024-03-01 11:33:57.500,6.344865,6.311317866831174,0,0,0,0
2024-03-01 11:33:57.750,6.274392,6.296557780428837,0,0,0,0
2024-03-01 11:33:58.000,6.251328,6.25080541492324,0,0,1,0
2024-03-01 11:33:58.250,6.212888,6.2107119977050385,0,0,0,0
2024-03-01 11:33:58.500,6.196231,6.1924486143565165,0,0,0,0
2024-03-01 11:33:58.750,6.178292,6.181754358844742,0,0,0,0
2024-03-01 11:33:59.000,6.170604,6.1703617006642855,0,0,0,0
2024-03-01 11:33:59.250,6.165479,6.165160324022482,0,0,0,0
2024-03-01 11:33:59.500,6.170604,6.169991391761935,0,0,0,0
2024-03-01 11:33:59.750,6.17573,6.177739092068695,0,0,0,0
2024-03-01 11:34:00.000,6.183418,6.179818367260098,0,0,0,0
2024-03-01 11:34:00.250,6.171885,6.175128195145006,0,0,0,0
2024-03-01 11:34:00.500,6.168042,6.167256560425279,0,0,0,0
2024-03-01 11:34:00.750,6.157791,6.157318159656972,0,0,0,0
2024-03-01 11:34:01.000,6.144978,6.144174929886831,0,0,0,0
2024-03-01 11:34:01.250,6.127039,6.1289989675084,0,0,0,0
2024-03-01 11:34:01.500,6.115507,6.114310558354418,0,0,0,0
2024-03-01 11:34:01.750,6.100131,6.100240677647764,0,0,0,0
2024-03-01 11:34:02.000,6.086037,6.086004714830136,0,0,0,0
2024-03-01 11:34:02.250,6.073223,6.073019634734351,0,0,0,0
2024-03-01 11:34:02.500,6.061691,6.062611802690349,0,0,0,0
2024-03-01 11:34:02.750,6.052722,6.052731042202576,0,0,0,0
2024-03-01 11:34:03.000,6.043753,6.041057422750109,0,0,0,0
2024-03-01 11:34:03.250,6.025814,6.02901594527747,0,0,0,0
2024-03-01 11:34:03.500,6.018126,6.018424901074179,0,0,0,0
2024-03-01 11:34:03.750,6.011719,6.008387127840881,0,0,0,0
2024-03-01 11:34:04.000,5.998906,6.000988487255329,0,0,0,0
2024-03-01 11:34:04.250,6.004031,6.003846434625887,0,0,0,0
2024-03-01 11:34:04.500,6.018126,6.019840141964779,0,0,0,0
2024-03-01 11:34:04.750,6.043753,6.040667871641736,0,0,0,0
2024-03-01 11:34:05.000,6.056566,6.056992764286027,0,0,0,0
2024-03-01 11:34:05.250,6.065535,6.067225145397142,0,0,0,0
2024-03-01 11:34:05.500,6.069379,6.071028618233274,0,0,0,0
2024-03-01 11:34:05.750,6.070661,6.065842616592741,0,0,0,0
2024-03-01 11:34:06.000,6.056566,6.0566407271772595,0,0,0,0
2024-03-01 11:34:06.250,6.047596,6.054662217008781,0,0,0,0
2024-03-01 11:34:06.500,6.064254,6.058605820734009,0,0,0,0
2024-03-01 11:34:06.750,6.054003,6.053089819500486,0,0,0,0
2024-03-01 11:34:07.000,6.030939,6.032164542221912,0,0,0,0
2024-03-01 11:34:07.250,6.004031,6.006482453377752,0,0,0,0
2024-03-01 11:34:07.500,5.98353,5.983970887209288,0,0,0,0
2024-03-01 11:34:07.750,5.970716,5.965178747550177,0,0,0,0
2024-03-01 11:34:08.000,5.959185,5.9576099948764965,0,0,0,0
2024-03-01 11:34:08.250,5.950215,5.964990669129973,0,0,0,0
2024-03-01 11:34:08.500,5.973279,5.9635855358603616,0,0,0,0
2024-03-01 11:34:08.750,5.939965,5.927530421770823,0,0,0,0
2024-03-01 11:34:09.000,5.855397,5.875576970473097,0,0,0,0
2024-03-01 11:34:09.250,5.854734,5.849455466536149,0,0,0,0
2024-03-01 11:34:09.500,5.857296,5.851972572776704,0,0,0,0
2024-03-01 11:34:09.750,5.85089,5.850915929840776,0,0,0,0
2024-03-01 11:34:10.000,5.830389,5.834099030168863,0,0,0,0
2024-03-01 11:34:10.250,5.816294,5.81761932821482,0,0,0,0
2024-03-01 11:34:10.500,5.811169,5.8085023517955054,0,0,0,0
2024-03-01 11:34:10.750,5.799636,5.797046736347662,0,0,0,0
2024-03-01 11:34:11.000,5.779135,5.7822160296846805,0,0,0,0
2024-03-01 11:34:11.250,5.771447,5.774329405150155,0,0,0,0
2024-03-01 11:34:11.500,5.777854,5.773255125638685,0,0,0,0
2024-03-01 11:34:11.750,5.767603,5.767612491603536,0,0,0,0
2024-03-01 11:34:12.000,5.753509,5.755477523746144,0,0,0,0
2024-03-01 11:34:12.250,5.745821,5.746316428640751,0,0,0,0
2024-03-01 11:34:12.500,5.743258,5.7425668574334034,0,0,0,0
2024-03-01 11:34:12.750,5.738132,5.736472505259394,0,0,0,0
2024-03-01 11:34:13.000,5.725319,5.726139782066611,0,0,0,0
2024-03-01 11:34:13.250,5.717631,5.719872677835225,0,0,0,0
2024-03-01 11:34:13.500,5.724038,5.721968291265858,0,0,0,0
2024-03-01 11:34:13.750,5.726601,5.726411158911442,0,0,0,0
2024-03-01 11:34:14.000,5.727882,5.727810068011694,0,0,0,0
2024-03-01 11:34:14.250,5.726601,5.727967526110035,0,0,0,0
2024-03-01 11:34:14.500,5.727882,5.728198951763956,0,0,0,0
2024-03-01 11:34:14.750,5.727882,5.725074660472436,0,0,0,0
2024-03-01 11:34:15.000,5.71635,5.717765152279991,0,0,0,0
2024-03-01 11:34:15.250,5.708662,5.710685051713777,0,0,0,0
2024-03-01 11:34:15.500,5.707381,5.705402417090028,0,0,0,0
2024-03-01 11:34:15.750,5.699693,5.698337428951335,0,0,0,0
2024-03-01 11:34:16.000,5.685598,5.688870944477349,0,0,0,0
2024-03-01 11:34:16.250,5.684317,5.6816073500600135,0,0,0,0
2024-03-01 11:34:16.500,5.676629,5.678419642728507,0,0,0,0
2024-03-01 11:34:16.750,5.675347,5.675021563267891,0,0,0,0
2024-03-01 11:34:17.000,5.670222,5.667923059386571,0,0,0,0
2024-03-01 11:34:17.250,5.656127,5.659566161946957,0,0,0,0
2024-03-01 11:34:17.500,5.654846,5.653470983724784,0,0,0,0
2024-03-01 11:34:17.750,5.649721,5.648966806101116,0,0,0,0
2024-03-01 11:34:18.000,5.644596,5.64451835777051,0,0,0,0
2024-03-01 11:34:18.250,5.63947,5.641181471320762,0,0,0,0
2024-03-01 11:34:18.500,5.63947,5.638375316138371,0,0,0,0
2024-03-01 11:34:18.750,5.631782,5.631669778157872,0,0,0,0
2024-03-01 11:34:19.000,5.62025,5.6195995005094606,0,0,0,0
2024-03-01 11:34:19.250,5.606155,5.607771486348083,0,0,0,0
2024-03-01 11:34:19.500,5.602312,5.601389854750168,0,0,0,0
2024-03-01 11:34:19.750,5.597186,5.597831408120289,0,0,0,0
2024-03-01 11:34:20.000,5.593342,5.591618821688241,0,0,0,0
2024-03-01 11:34:20.250,5.58181,5.5833822685250105,0,0,0,0
2024-03-01 11:34:20.500,5.577966,5.578063829814237,0,0,0,0
2024-03-01 11:34:20.750,5.576685,5.57625601697533,0,0,0,0
2024-03-01 11:34:21.000,5.574122,5.573675813510258,0,0,0,0
2024-03-01 11:34:21.250,5.568997,5.568501814223902,0,0,0,0
2024-03-01 11:34:21.500,5.560028,5.562960272695215,0,0,0,0
2024-03-01 11:34:21.750,5.561309,5.557957586637045,0,0,0,0
2024-03-01 11:34:22.000,5.551058,5.552357362329019,0,0,0,0
2024-03-01 11:34:22.250,5.547215,5.547129334655349,0,0,0,0
2024-03-01 11:34:22.500,5.54337,5.5441241580209555,0,0,0,0
2024-03-01 11:34:22.750,5.542089,5.5415867498125,0,0,0,0
2024-03-01 11:34:23.000,5.538245,5.536746263405577,0,0,0,0
2024-03-01 11:34:23.250,5.529276,5.5315128393144555,0,0,0,0
2024-03-01 11:34:23.500,5.530557,5.529783645269133,0,0,0,0
2024-03-01 11:34:23.750,5.530557,5.530591055333462,0,0,0,0
2024-03-01 11:34:24.000,5.530557,5.529654207158133,0,0,0,0
2024-03-01 11:34:24.250,5.525432,5.5261848692458715,0,0,0,0
2024-03-01 11:34:24.500,5.521588,5.52241749735583,0,0,0,0
2024-03-01 11:34:24.750,5.519025,5.517991537156015,0,0,0,0
2024-03-01 11:34:25.000,5.511337,5.511039242026116,0,0,0,0
2024-03-01 11:34:25.250,5.503649,5.503600223769238,0,0,0,0
2024-03-01 11:34:25.500,5.497242,5.499190462663888,0,0,0,0
2024-03-01 11:34:25.750,5.497242,5.496023239322528,0,0,0,0
2024-03-01 11:34:26.000,5.492117,5.489895970461786,0,0,0,0
2024-03-01 11:34:26.250,5.479304,5.48223872550833,0,0,0,0
2024-03-01 11:34:26.500,5.476741,5.477318666510806,0,0,0,0
2024-03-01 11:34:26.750,5.476741,5.4739501304951865,0,0,0,0
2024-03-01 11:34:27.000,5.467772,5.4682467087574445,0,0,0,0
2024-03-01 11:34:27.250,5.458802,5.461142135751767,0,0,0,0
2024-03-01 11:34:27.500,5.457521,5.455706363441222,0,0,0,0
2024-03-01 11:34:27.750,5.451115,5.451317010731748,0,0,0,0
2024-03-01 11:34:28.000,5.44727,5.4463950778603545,0,0,0,0
2024-03-01 11:34:28.250,5.439582,5.442076817513835,0,0,0,0
2024-03-01 11:34:28.500,5.440864,5.438859367305294,0,0,0,0
2024-03-01 11:34:28.750,5.434457,5.434420426845603,0,0,0,0
2024-03-01 11:34:29.000,5.426769,5.4279198801153274,0,0,0,0
2024-03-01 11:34:29.250,5.423408,5.4222273861138675,0,0,0,0
2024-03-01 11:34:29.500,5.418283,5.419191101869212,0,0,0,0
2024-03-01 11:34:29.750,5.41572,5.4159439085004175,0,0,0,0
2024-03-01 11:34:30.000,5.410594,5.4091331771806805,0,0,0,0
2024-03-01 11:34:30.250,5.400344,5.400813764826981,0,0,0,0
2024-03-01 11:34:30.500,5.393938,5.395453897561681,0,0,0,0
2024-03-01 11:34:30.750,5.392656,5.392022251781458,0,0,0,0
2024-03-01 11:34:31.000,5.387531,5.385779733172103,0,0,0,0
2024-03-01 11:34:31.250,5.37728,5.3775565881050476,0,0,0,0
2024-03-01 11:34:31.500,5.368311,5.3723515789352385,0,0,0,0
2024-03-01 11:34:31.750,5.373436,5.36915458470077,0,0,0,0
2024-03-01 11:34:32.000,5.363185,5.363020658858359,0,0,0,0
2024-03-01 11:34:32.250,5.354216,5.35670964631737,0,0,0,0
2024-03-01 11:34:32.500,5.359342,5.358609600118737,0,0,0,0
2024-03-01 11:34:32.750,5.369592,5.369410255336998,0,0,0,0
2024-03-01 11:34:33.000,5.382405,5.381190133231515,0,0,0,0
2024-03-01 11:34:33.250,5.387531,5.388930148621571,0,0,0,0
2024-03-01 11:34:33.500,5.393938,5.3939207342367235,0,0,0,0
2024-03-01 11:34:33.750,5.3965,5.3967672834190115,0,0,0,0
2024-03-01 11:34:34.000,5.397781,5.395706652982732,0,0,0,0
2024-03-01 11:34:34.250,5.390093,5.392332365004373,0,0,0,0
2024-03-01 11:34:34.500,5.392656,5.391869989311689,0,0,0,0
2024-03-01 11:34:34.750,5.3965,5.397187523805833,0,0,0,0
2024-03-01 11:34:35.000,5.410594,5.4090823986216074,0,0,0,0
2024-03-01 11:34:35.250,5.432377,5.432642698776658,0,0,0,0
2024-03-01 11:34:35.500,5.47338,5.4750675690234845,0,0,0,0
2024-03-01 11:34:35.750,5.534884,5.534220264303753,0,0,0,0
2024-03-01 11:34:36.000,5.597669,5.595756810119902,0,0,0,0
2024-03-01 11:34:36.250,5.642516,5.64470815356112,0,0,0,0
2024-03-01 11:34:36.500,5.67583,5.675499334282075,0,0,0,0
2024-03-01 11:34:36.750,5.691206,5.6899331094736425,0,0,0,0
2024-03-01 11:34:37.000,5.691206,5.691854600429488,0,0,0,0
2024-03-01 11:34:37.250,5.686081,5.690357086177754,0,0,0,0
2024-03-01 11:34:37.500,5.716833,5.708342035848261,1,0,0,0
2024-03-01 11:34:37.750,5.775774,5.771548359852743,0,0,0,0
2024-03-01 11:34:38.000,5.834715,5.8697427961665625,0,0,0,0
2024-03-01 11:34:38.250,5.998725,5.94726217285724,0,1,0,0
2024-03-01 11:34:38.500,5.932895,5.963906551650261,0,0,0,0
2024-03-01 11:34:38.750,5.941864,5.9439994478545115,0,0,0,0
2024-03-01 11:34:39.000,5.950834,5.933178217952532,0,0,0,0
2024-03-01 11:34:39.250,5.917519,5.933807198012351,0,0,0,0
2024-03-01 11:34:39.500,5.922644,5.914824453298734,0,0,0,1
2024-03-01 11:34:39.750,5.868828,5.86735290598289,0,0,1,0
2024-03-01 11:34:40.000,5.821419,5.821052808584287,0,0,0,0
2024-03-01 11:34:40.250,5.788105,5.799276058830978,0,0,0,0
2024-03-01 11:34:40.500,5.786823,5.781445974407508,0,0,0,0
2024-03-01 11:34:40.750,5.762478,5.739244941729983,0,0,0,0
2024-03-01 11:34:41.000,5.647158,5.6928642053725165,0,0,0,0
2024-03-01 11:34:41.250,5.73557,5.6906164478587105,0,0,0,0
2024-03-01 11:34:41.500,5.709943,5.743373447385151,0,0,0,0
2024-03-01 11:34:41.750,5.835514,5.815777985607036,0,0,0,0
2024-03-01 11:34:42.000,5.872673,5.875629005145138,0,0,0,0
2024-03-01 11:34:42.250,5.913675,5.92147062562272,0,0,0,0
2024-03-01 11:34:42.500,5.964928,5.961081314137598,0,0,0,0
2024-03-01 11:34:42.750,5.99568,5.990949008297427,0,0,0,0
2024-03-01 11:34:43.000,6.00465,6.008317111830813,0,0,0,0
2024-03-01 11:34:43.250,6.017463,6.0211414292258985,0,0,0,0
2024-03-01 11:34:43.500,6.037964,6.033246787656347,0,0,0,0
2024-03-01 11:34:43.750,6.037964,6.036856897811778,0,0,0,0
2024-03-01 11:34:44.000,6.022588,6.026414816467551,0,0,0,0
2024-03-01 11:34:44.250,6.005931,6.0053439575067165,0,0,0,0
2024-03-01 11:34:44.500,5.981586,5.980878557563889,0,0,0,0
2024-03-01 11:34:44.750,5.971335,5.967640816364818,0,0,0,0
2024-03-01 11:34:45.000,5.984148,5.990067069273922,0,0,0,0
2024-03-01 11:34:45.250,6.063591,6.062463548359273,1,0,0,0
2024-03-01 11:34:45.500,6.171223,6.167836882110153,0,0,0,0
2024-03-01 11:34:45.750,6.266041,6.267507292403314,0,0,0,0
2024-03-01 11:34:46.000,6.327545,6.3302465234847185,0,0,0,0
2024-03-01 11:34:46.250,6.353171,6.353472611836491,0,0,0,0
2024-03-01 11:34:46.500,6.376235,6.364896597483375,0,0,0,0
2024-03-01 11:34:46.750,6.380079,6.3894822299217084,0,0,0,0
2024-03-01 11:34:47.000,6.380079,6.399355358176901,0,1,0,0
2024-03-01 11:34:47.250,6.373673,6.335091997985647,0,0,0,0
2024-03-01 11:34:47.500,6.194286,6.208120107528135,0,0,0,1
2024-03-01 11:34:47.750,6.105875,6.117582538057233,0,0,0,0
2024-03-01 11:34:48.000,6.100749,6.115856663809891,0,0,0,0
2024-03-01 11:34:48.250,6.191724,6.136788525757853,0,0,0,0
2024-03-01 11:34:48.500,6.067435,6.1087522599170105,0,0,0,0
2024-03-01 11:34:48.750,6.039246,6.048966941253949,0,0,0,0
2024-03-01 11:34:49.000,6.040527,6.003311886666743,0,0,1,0
2024-03-01 11:34:49.250,5.953396,5.980298278251512,0,0,0,0
2024-03-01 11:34:49.500,5.982867,5.973411784935397,0,0,0,0
2024-03-01 11:34:49.750,5.97646,5.9801585619041555,0,0,0,0
2024-03-01 11:34:50.000,5.98543,5.984192513650712,0,0,0,0
2024-03-01 11:34:50.250,5.966209,5.961020408209372,0,0,0,0
2024-03-01 11:34:50.500,5.897017,5.906056585716396,0,0,0,0
2024-03-01 11:34:50.750,5.843202,5.83729650455045,0,0,0,0
2024-03-01 11:34:51.000,5.77401,5.7749162795331275,0,0,0,0
2024-03-01 11:34:51.250,5.729163,5.7294177863635465,0,0,0,0
2024-03-01 11:34:51.500,5.699693,5.702616005769352,0,0,0,0
2024-03-01 11:34:51.750,5.69713,5.690137671522667,0,0,0,0
2024-03-01 11:34:52.000,5.675347,5.683089857429402,0,0,0,0
2024-03-01 11:34:52.250,5.674066,5.6702081162951465,0,0,0,0
2024-03-01 11:34:52.500,5.643314,5.642345675478134,0,0,0,0
2024-03-01 11:34:52.750,5.597186,5.598907214419434,0,0,0,0
2024-03-01 11:34:53.000,5.547215,5.548606125479065,0,0,0,0
2024-03-01 11:34:53.250,5.506212,5.503318766597466,0,0,0,0
2024-03-01 11:34:53.500,5.474178,5.472916689324162,0,0,0,0
2024-03-01 11:34:53.750,5.453677,5.461322098123876,0,0,0,0
2024-03-01 11:34:54.000,5.471616,5.464145644571793,0,0,0,0
2024-03-01 11:34:54.250,5.476741,5.474686970669598,0,0,0,0
2024-03-01 11:34:54.500,5.478023,5.4895690104065356,0,0,0,0
2024-03-01 11:34:54.750,5.5139,5.503149273431422,0,0,0,0
2024-03-01 11:34:55.000,5.503649,5.506557162035918,0,0,0,0
2024-03-01 11:34:55.250,5.498524,5.498975882982344,0,0,0,0
2024-03-01 11:34:55.500,5.485711,5.488785497202453,0,0,0,0
2024-03-01 11:34:55.750,5.486992,5.482337359422264,0,0,0,0
2024-03-01 11:34:56.000,5.483148,5.483103799862337,0,0,0,0
2024-03-01 11:34:56.250,5.492117,5.495396500663128,0,0,0,0
2024-03-01 11:34:56.500,5.512619,5.513819252270611,0,0,0,0
2024-03-01 11:34:56.750,5.525432,5.517292824936921,0,0,0,0
2024-03-01 11:34:57.000,5.479304,5.492396362354729,0,0,0,0
2024-03-01 11:34:57.250,5.47546,5.460182908541562,0,0,0,0
2024-03-01 11:34:57.500,5.452396,5.456088801776921,0,0,0,0
2024-03-01 11:34:57.750,5.452396,5.4728534372619855,0,0,0,0
2024-03-01 11:34:58.000,5.478023,5.461188821975778,0,0,0,0
2024-03-01 11:34:58.250,5.453677,5.421461559858238,0,0,0,0
2024-03-01 11:34:58.500,5.371672,5.434566962090861,1,0,0,0
2024-03-01 11:34:58.750,5.561792,5.537947451529789,0,0,0,0
2024-03-01 11:34:59.000,5.67583,5.650400711042993,0,0,0,0
2024-03-01 11:34:59.250,5.683518,5.696263015212127,0,0,0,0
2024-03-01 11:34:59.500,5.683518,5.706923927337218,0,0,0,0
2024-03-01 11:34:59.750,5.739897,5.730353353682622,0,0,0,0
2024-03-01 11:35:00.000,5.784743,5.750085501028588,0,1,0,0
2024-03-01 11:35:00.250,5.711708,5.744577329345469,0,0,0,0
2024-03-01 11:35:00.500,5.696332,5.721918186299715,0,0,0,0
2024-03-01 11:35:00.750,5.748866,5.678632143074025,0,0,0,0
2024-03-01 11:35:01.000,5.561792,5.613227035121694,0,0,0,1
2024-03-01 11:35:01.250,5.564354,5.559468021418966,0,0,0,0
2024-03-01 11:35:01.500,5.55026,5.539127019474787,0,0,1,0
2024-03-01 11:35:01.750,5.529758,5.529616309731486,0,0,0,0
2024-03-01 11:35:02.000,5.516945,5.516632278766774,0,0,0,0
2024-03-01 11:35:02.250,5.501569,5.512032992772666,0,0,0,0
2024-03-01 11:35:02.500,5.497725,5.49845216158816,0,0,0,0
2024-03-01 11:35:02.750,5.455441,5.43261127835637,0,0,0,0
2024-03-01 11:35:03.000,5.308088,5.326437381441752,0,0,0,0
2024-03-01 11:35:03.250,5.250428,5.255094018034416,0,0,0,0
2024-03-01 11:35:03.500,5.27093,5.261727183515311,0,0,0,0
2024-03-01 11:35:03.750,5.317058,5.314102902724182,0,0,0,0
2024-03-01 11:35:04.000,5.365748,5.372165857413342,0,0,0,0
2024-03-01 11:35:04.250,5.443909,5.442489674562642,0,0,0,0
2024-03-01 11:35:04.500,5.545135,5.544446304397356,0,0,0,0
2024-03-01 11:35:04.750,5.660454,5.663413638233224,1,0,0,0
2024-03-01 11:35:05.000,5.770648,5.765156938069639,0,0,0,0
2024-03-01 11:35:05.250,5.838559,5.837678115773258,0,0,0,0
2024-03-01 11:35:05.500,5.880843,5.891780735146374,0,0,0,0
2024-03-01 11:35:05.750,5.93594,5.92747329154491,0,1,0,0
2024-03-01 11:35:06.000,5.934176,5.930585370487479,0,0,0,0
2024-03-01 11:35:06.250,5.897017,5.903744187521574,0,0,0,0
2024-03-01 11:35:06.500,5.868828,5.869996095757145,0,0,0,0
2024-03-01 11:35:06.750,5.847046,5.8417814613677965,0,0,0,1
2024-03-01 11:35:07.000,5.811169,5.811794362508299,0,0,0,0
2024-03-01 11:35:07.250,5.771447,5.775657676160765,0,0,1,0
2024-03-01 11:35:07.500,5.747102,5.742954537971639,0,0,0,0
2024-03-01 11:35:07.750,5.722757,5.724054729603788,0,0,0,0
2024-03-01 11:35:08.000,5.71635,5.717289509525628,0,0,0,0
2024-03-01 11:35:08.250,5.711225,5.711113134020457,0,0,0,0
2024-03-01 11:35:08.500,5.699693,5.697730329278242,0,0,0,0
2024-03-01 11:35:08.750,5.683035,5.6838522812928645,0,0,0,0
2024-03-01 11:35:09.000,5.680473,5.681388687701163,0,0,0,0
2024-03-01 11:35:09.250,5.684317,5.68637563730101,0,0,0,0
2024-03-01 11:35:09.500,5.685598,5.681635890201323,0,0,0,0
2024-03-01 11:35:09.750,5.670222,5.669342482894685,0,0,0,0
2024-03-01 11:35:10.000,5.680473,5.6839327059651445,0,0,0,0
2024-03-01 11:35:10.250,5.752227,5.7522098576575225,0,0,0,0
2024-03-01 11:35:10.500,5.849608,5.850722833972485,1,0,0,0
2024-03-01 11:35:10.750,5.932895,5.929443057240333,0,0,0,0
2024-03-01 11:35:11.000,5.981586,5.975166117872054,0,0,0,0
2024-03-01 11:35:11.250,6.000805,6.018087202891915,0,0,0,0
2024-03-01 11:35:11.500,6.081529,6.069192164283145,0,0,0,0
2024-03-01 11:35:11.750,6.085373,6.094336314897725,0,0,0,0
2024-03-01 11:35:12.000,6.098186,6.071576591833471,0,0,0,0
2024-03-01 11:35:12.250,5.987992,6.028296020042752,0,0,0,0
2024-03-01 11:35:12.500,6.013619,5.995498294452597,0,0,0,0
2024-03-01 11:35:12.750,5.99568,5.976625157748144,0,0,0,0
2024-03-01 11:35:13.000,5.95724,5.981294609184114,0,0,0,0
2024-03-01 11:35:13.250,6.022588,6.026044660031111,0,0,0,0
2024-03-01 11:35:13.500,6.105875,6.086524595542665,0,0,0,0
2024-03-01 11:35:13.750,6.104593,6.112562600664071,0,1,0,0
2024-03-01 11:35:14.000,6.093061,6.094943345411141,0,0,0,0
2024-03-01 11:35:14.250,6.059747,6.063532042237404,0,0,0,0
2024-03-01 11:35:14.500,6.036683,6.030883288893614,0,0,0,0
2024-03-01 11:35:14.750,5.991836,5.988948132248428,0,0,0,1
2024-03-01 11:35:15.000,5.941864,5.946965447820215,0,0,0,0
2024-03-01 11:35:15.250,5.921363,5.921326361800574,0,0,0,0
2024-03-01 11:35:15.500,5.888048,5.896163471426372,0,0,1,0
2024-03-01 11:35:15.750,5.868828,5.84529532888262,0,0,0,0
2024-03-01 11:35:16.000,5.77401,5.789047518214149,0,0,0,0
2024-03-01 11:35:16.250,5.759915,5.771945720053111,0,0,0,0
2024-03-01 11:35:16.500,5.802199,5.785019662298162,0,0,0,0
2024-03-01 11:35:16.750,5.776573,5.7737130540649915,0,0,0,0
2024-03-01 11:35:17.000,5.712506,5.724121532902405,0,0,0,0
2024-03-01 11:35:17.250,5.679192,5.679223011948601,0,0,0,0
2024-03-01 11:35:17.500,5.675347,5.667357236438846,0,0,0,0
2024-03-01 11:35:17.750,5.665097,5.665749890520118,0,0,0,0
2024-03-01 11:35:18.000,5.625375,5.640406513981353,0,0,0,0
2024-03-01 11:35:18.250,5.618969,5.59220299516178,0,0,0,0
2024-03-01 11:35:18.500,5.53312,5.550586974237421,0,0,0,0
2024-03-01 11:35:18.750,5.5139,5.524471910436137,0,0,0,0
2024-03-01 11:35:19.000,5.50493,5.4865815894674945,0,0,0,0
2024-03-01 11:35:19.250,5.448552,5.433069899951716,0,0,0,0
2024-03-01 11:35:19.500,5.367828,5.415873170373934,0,0,0,0
2024-03-01 11:35:19.750,5.502851,5.4675553157723655,0,0,0,0
2024-03-01 11:35:20.000,5.542572,5.543729674176109,0,0,0,0
2024-03-01 11:35:20.250,5.577168,5.58803617438003,0,0,0,0
2024-03-01 11:35:20.500,5.605357,5.601378217566369,0,0,0,0
2024-03-01 11:35:20.750,5.609201,5.60944940420944,0,0,0,0
2024-03-01 11:35:21.000,5.610482,5.613162355876427,0,0,0,0
2024-03-01 11:35:21.250,5.616889,5.605846233955646,0,0,0,0
2024-03-01 11:35:21.500,5.589981,5.601122258509268,1,0,0,0
2024-03-01 11:35:21.750,5.605357,5.608919956167879,0,0,0,0
2024-03-01 11:35:22.000,5.622015,5.609407584356209,0,0,0,0
2024-03-01 11:35:22.250,5.582293,5.585494858159886,0,0,0,0
2024-03-01 11:35:22.500,5.555385,5.5616333602710935,0,0,0,0
2024-03-01 11:35:22.750,5.578449,5.577827084804168,0,0,0,0
2024-03-01 11:35:23.000,5.648922,5.642052413338881,0,0,0,0
2024-03-01 11:35:23.250,5.728365,5.729574547635042,0,0,0,0
2024-03-01 11:35:23.500,5.796275,5.804047587051691,0,0,0,0
2024-03-01 11:35:23.750,5.827027,5.826115745282413,0,1,0,0
2024-03-01 11:35:24.000,5.793713,5.7793029568841785,0,0,0,0
2024-03-01 11:35:24.250,5.689925,5.701343564962949,0,0,0,0
2024-03-01 11:35:24.500,5.642516,5.647022679864841,0,0,0,0
2024-03-01 11:35:24.750,5.611763,5.610890592683223,0,0,0,0
2024-03-01 11:35:25.000,5.555385,5.537123631105762,0,0,0,0
2024-03-01 11:35:25.250,5.392656,5.4121959419206975,0,0,0,1
2024-03-01 11:35:25.500,5.295275,5.291623358691111,0,0,1,0
2024-03-01 11:35:25.750,5.228646,5.225292074149825,0,0,0,0
2024-03-01 11:35:26.000,5.206863,5.2058067861458355,0,0,0,0
2024-03-01 11:35:26.250,5.196612,5.199776329262866,0,0,0,0
2024-03-01 11:35:26.500,5.191487,5.190345028712677,0,0,0,0
2024-03-01 11:35:26.750,5.177392,5.177732123689169,0,0,0,0
2024-03-01 11:35:27.000,5.164579,5.163557491379589,0,0,0,0
2024-03-01 11:35:27.250,5.14664,5.147599470186747,0,0,0,0
2024-03-01 11:35:27.500,5.131265,5.130783860709465,0,0,0,0
2024-03-01 11:35:27.750,5.113326,5.114530883019097,0,0,0,0
2024-03-01 11:35:28.000,5.101794,5.099329413462804,0,0,0,0
2024-03-01 11:35:28.250,5.082574,5.083697569833335,0,0,0,0
2024-03-01 11:35:28.500,5.058228,5.061217886037642,0,0,0,0
2024-03-01 11:35:28.750,5.027477,5.023509444411671,0,0,0,0
2024-03-01 11:35:29.000,4.974942,4.974455157304935,0,0,0,0
2024-03-01 11:35:29.250,4.932658,4.934866473418141,0,0,0,0
2024-03-01 11:35:29.500,4.917282,4.919917635158705,0,0,0,0
2024-03-01 11:35:29.750,4.922843,4.918106297122471,0,0,0,0
2024-03-01 11:35:30.000,4.907467,4.907203481693837,0,0,0,0
2024-03-01 11:35:30.250,4.880559,4.884537027940782,0,0,0,0
2024-03-01 11:35:30.500,4.869027,4.866501260887245,0,0,0,0
2024-03-01 11:35:30.750,4.86262,4.864191218965372,0,0,0,0
2024-03-01 11:35:31.000,4.876715,4.873439534839818,0,0,0,0
2024-03-01 11:35:31.250,4.880559,4.883686620267346,0,0,0,0
2024-03-01 11:35:31.500,4.884403,4.884945139791731,0,0,0,0
2024-03-01 11:35:31.750,4.874153,4.87235222547381,0,0,0,0
2024-03-01 11:35:32.000,4.857495,4.854915860507493,0,0,0,0
2024-03-01 11:35:32.250,4.847245,4.84986410904782,0,0,0,0
2024-03-01 11:35:32.500,4.849807,4.857245883966776,0,0,0,0
2024-03-01 11:35:32.750,4.869027,4.861399077043204,0,0,0,0
2024-03-01 11:35:33.000,4.892091,4.8742575643973725,0,0,0,0
2024-03-01 11:35:33.250,4.898498,4.9388447759087795,0,0,0,0
2024-03-01 11:35:33.500,5.085572,5.059643585197598,1,0,0,0
2024-03-01 11:35:33.750,5.180391,5.17489460271705,0,0,0,0
2024-03-01 11:35:34.000,5.216268,5.2307659950737975,0,0,0,0
2024-03-01 11:35:34.250,5.240613,5.236853544050408,0,0,0,0
2024-03-01 11:35:34.500,5.2278,5.225344987008462,0,0,0,0
2024-03-01 11:35:34.750,5.202173,5.204348773905975,0,0,0,0
2024-03-01 11:35:35.000,5.179109,5.175426758667019,0,0,0,0
2024-03-01 11:35:35.250,5.157327,5.160484095117872,0,0,0,0
2024-03-01 11:35:35.500,5.181672,5.183590219467053,0,0,0,0
2024-03-01 11:35:35.750,5.243176,5.239447827152712,0,0,0,0
2024-03-01 11:35:36.000,5.298273,5.299024616920341,0,0,0,0
2024-03-01 11:35:36.250,5.341838,5.341671468055215,0,0,0,0
2024-03-01 11:35:36.500,5.364902,5.367048133851649,0,0,0,0
2024-03-01 11:35:36.750,5.380278,5.379147056557663,0,1,0,0
2024-03-01 11:35:37.000,5.377716,5.3757916639853605,0,0,0,0
2024-03-01 11:35:37.250,5.354651,5.356983397126528,0,0,0,0
2024-03-01 11:35:37.500,5.331588,5.330786545557779,0,0,0,0
2024-03-01 11:35:37.750,5.30468,5.305173988722032,0,0,0,0
2024-03-01 11:35:38.000,5.281616,5.281136380640482,0,0,0,0
2024-03-01 11:35:38.250,5.258552,5.257477465256331,0,0,0,1
2024-03-01 11:35:38.500,5.234207,5.236278927580191,0,0,0,0
2024-03-01 11:35:38.750,5.220112,5.220010586179989,0,0,0,0
2024-03-01 11:35:39.000,5.211143,5.2084959433176525,0,0,0,0
2024-03-01 11:35:39.250,5.199611,5.201932937673565,0,0,0,0
2024-03-01 11:35:39.500,5.200892,5.201850453000989,0,0,0,0
2024-03-01 11:35:39.750,5.209861,5.205898196641423,0,0,0,0
2024-03-01 11:35:40.000,5.200892,5.2050659308506555,0,0,0,0
2024-03-01 11:35:40.250,5.190641,5.189750478594393,0,0,0,0
2024-03-01 11:35:40.500,5.163733,5.161364885637792,0,0,1,0
2024-03-01 11:35:40.750,5.136826,5.13656799341748,0,0,0,0
2024-03-01 11:35:41.000,5.125293,5.130851415250438,0,0,0,0
2024-03-01 11:35:41.250,5.140669,5.136913239069531,0,0,0,0
2024-03-01 11:35:41.500,5.135544,5.133580861522785,0,0,0,0
2024-03-01 11:35:41.750,5.117605,5.117213169544979,0,0,0,0
2024-03-01 11:35:42.000,5.097104,5.103829081122386,0,0,0,0
2024-03-01 11:35:42.250,5.10223,5.099118723589516,0,0,0,0
2024-03-01 11:35:42.500,5.098385,5.093473909328043,0,0,0,0
2024-03-01 11:35:42.750,5.088135,5.087712683980476,0,0,0,0
2024-03-01 11:35:43.000,5.077884,5.0894098223591895,0,0,0,0
2024-03-01 11:35:43.250,5.085572,5.085786710951402,0,0,0,0
2024-03-01 11:35:43.500,5.095823,5.064474688030005,0,0,0,0
2024-03-01 11:35:43.750,5.013818,5.0524512846758585,0,0,0,0
2024-03-01 11:35:44.000,5.086854,5.079741627708975,0,0,0,0
2024-03-01 11:35:44.250,5.141951,5.120424887434824,0,0,0,0
2024-03-01 11:35:44.500,5.109918,5.124609826662901,0,0,0,0
2024-03-01 11:35:44.750,5.077884,5.084898133894965,0,0,0,0
2024-03-01 11:35:45.000,5.040726,5.029234826611114,0,0,0,0
2024-03-01 11:35:45.250,4.980503,4.979649948627748,0,0,0,0
2024-03-01 11:35:45.500,4.935657,4.943150724604359,0,0,0,0
2024-03-01 11:35:45.750,4.912592,4.914160932924467,0,0,0,0
2024-03-01 11:35:46.000,4.89081,4.881825074029641,0,0,0,0
2024-03-01 11:35:46.250,4.858777,4.856693837678574,0,0,0,0
2024-03-01 11:35:46.500,4.85237,4.869109233090686,0,0,0,0
2024-03-01 11:35:46.750,4.930531,4.914518044815084,0,0,0,0
2024-03-01 11:35:47.000,4.922843,4.9347116758526255,0,0,0,0
2024-03-01 11:35:47.250,4.907467,4.896712037164431,0,0,0,0
2024-03-01 11:35:47.500,4.872871,4.865389962343995,0,0,0,0
2024-03-01 11:35:47.750,4.907467,4.9409299344153474,0,0,0,0
2024-03-01 11:35:48.000,5.158608,5.128888144115339,1,0,0,0
2024-03-01 11:35:48.250,5.326462,5.330760642359115,0,0,0,0
2024-03-01 11:35:48.500,5.462284,5.467048443726504,0,0,0,0
2024-03-01 11:35:48.750,5.546416,5.547896019451193,0,0,0,0
2024-03-01 11:35:49.000,5.614326,5.612421366099554,0,0,0,0
2024-03-01 11:35:49.250,5.661736,5.661813789434347,0,0,0,0
2024-03-01 11:35:49.500,5.683518,5.6811591907837515,0,0,0,0
2024-03-01 11:35:49.750,5.6848,5.68331411378428,0,0,0,0
2024-03-01 11:35:50.000,5.679674,5.686885462628813,0,1,0,0
2024-03-01 11:35:50.250,5.664298,5.669018366643459,0,0,0,0
2024-03-01 11:35:50.500,5.614326,5.594515997016646,0,0,0,0
2024-03-01 11:35:50.750,5.490037,5.491502145470663,0,0,0,0
2024-03-01 11:35:51.000,5.397781,5.432986491472377,0,0,0,1
2024-03-01 11:35:51.250,5.472098,5.4343062863850475,0,0,0,0
2024-03-01 11:35:51.500,5.433659,5.439646803217757,0,0,0,0
2024-03-01 11:35:51.750,5.402907,5.4154659184712,0,0,0,0
2024-03-01 11:35:52.000,5.387531,5.383829227741595,0,0,0,0
2024-03-01 11:35:52.250,5.368311,5.36313429603114,0,0,0,0
2024-03-01 11:35:52.500,5.341403,5.343197139749105,0,0,0,0
2024-03-01 11:35:52.750,5.31962,5.319902753892093,0,0,0,0
2024-03-01 11:35:53.000,5.3004,5.303856663543848,0,0,1,0
2024-03-01 11:35:53.250,5.295275,5.29230766526299,0,0,0,0
2024-03-01 11:35:53.500,5.268367,5.267296458352505,0,0,0,0
2024-03-01 11:35:53.750,5.227365,5.225082392846579,0,0,0,0
2024-03-01 11:35:54.000,5.172267,5.182826577343885,0,0,0,0
2024-03-01 11:35:54.250,5.164579,5.154761026876623,0,0,0,0
2024-03-01 11:35:54.500,5.144078,5.142559530718802,0,0,0,0
2024-03-01 11:35:54.750,5.13639,5.145806366938078,0,0,0,0
2024-03-01 11:35:55.000,5.165861,5.160112728387464,0,0,0,0
2024-03-01 11:35:55.250,5.170986,5.170072679402825,0,0,0,0
2024-03-01 11:35:55.500,5.162016,5.163485330853504,0,0,0,0
2024-03-01 11:35:55.750,5.14664,5.147114645663281,0,0,0,0
2024-03-01 11:35:56.000,5.135108,5.135568811508964,0,0,0,0
2024-03-01 11:35:56.250,5.133827,5.131796062087491,0,0,0,0
2024-03-01 11:35:56.500,5.126139,5.128014692435772,0,0,0,0
2024-03-01 11:35:56.750,5.121014,5.119799674903315,0,0,0,0
2024-03-01 11:35:57.000,5.110763,5.110407813885157,0,0,0,0
2024-03-01 11:35:57.250,5.099231,5.102843498608003,0,0,0,0
2024-03-01 11:35:57.500,5.100513,5.095496187606914,0,0,0,0
2024-03-01 11:35:57.750,5.086418,5.0875714116307185,0,0,0,0
2024-03-01 11:35:58.000,5.077448,5.081530575334808,0,0,0,0
2024-03-01 11:35:58.250,5.081293,5.077537612399329,0,0,0,0
2024-03-01 11:35:58.500,5.074886,5.073798776921193,0,0,0,0
2024-03-01 11:35:58.750,5.071042,5.073028402741059,0,0,0,0
2024-03-01 11:35:59.000,5.074886,5.0782834058911694,0,0,0,0
2024-03-01 11:35:59.250,5.091543,5.0847588310291565,0,0,0,0
2024-03-01 11:35:59.500,5.083855,5.08689195358213,0,0,0,0
2024-03-01 11:35:59.750,5.086418,5.087559980497458,0,0,0,0
2024-03-01 11:36:00.000,5.088981,5.089113058190175,0,0,0,0
2024-03-01 11:36:00.250,5.086418,5.085385984881062,0,0,0,0
2024-03-01 11:36:00.500,5.077448,5.074641478051953,0,0,0,0
2024-03-01 11:36:00.750,5.064635,5.066384616950654,0,0,0,0
2024-03-01 11:36:01.000,5.05054,5.0602764350422405,0,0,0,0
2024-03-01 11:36:01.250,5.053103,5.03706049874939,0,0,0,0
2024-03-01 11:36:01.500,4.986474,4.992005272273482,0,0,0,0
2024-03-01 11:36:01.750,4.950597,4.95652579130403,0,0,0,0
2024-03-01 11:36:02.000,4.96341,4.960154979740669,0,0,0,0
2024-03-01 11:36:02.250,4.992881,4.990214171530395,0,0,0,0
2024-03-01 11:36:02.500,5.013382,5.013878848882734,0,0,0,0
2024-03-01 11:36:02.750,5.019789,5.022442223933155,0,0,0,0
2024-03-01 11:36:03.000,5.032602,5.03197659073677,0,0,0,0
2024-03-01 11:36:03.250,5.055666,5.053946567481648,1,0,0,0
2024-03-01 11:36:03.500,5.082574,5.083665332566725,0,0,0,0
2024-03-01 11:36:03.750,5.110763,5.1104588410377705,0,0,0,0
2024-03-01 11:36:04.000,5.124858,5.1261505881005025,0,0,0,0
2024-03-01 11:36:04.250,5.128702,5.127013785568252,0,0,0,0
2024-03-01 11:36:04.500,5.11717,5.115768864002749,0,0,0,0
2024-03-01 11:36:04.750,5.094106,5.10053751802565,0,0,0,0
2024-03-01 11:36:05.000,5.09795,5.089154738282615,0,0,0,0
2024-03-01 11:36:05.250,5.080011,5.086644888964851,0,0,0,0
2024-03-01 11:36:05.500,5.099231,5.096849548513367,0,0,0,0
2024-03-01 11:36:05.750,5.122295,5.1214090102397325,0,0,0,0
2024-03-01 11:36:06.000,5.154328,5.15642318166503,0,0,0,0
2024-03-01 11:36:06.250,5.19405,5.19177619546133,0,0,0,0
2024-03-01 11:36:06.500,5.211988,5.215328981527373,0,0,0,0
2024-03-01 11:36:06.750,5.226083,5.2217189012599095,0,1,0,0
2024-03-01 11:36:07.000,5.215832,5.217696704024466,0,0,0,0
2024-03-01 11:36:07.250,5.210707,5.212940906752016,0,0,0,0
2024-03-01 11:36:07.500,5.206863,5.205363945264531,0,0,0,0
2024-03-01 11:36:07.750,5.187643,5.184385039592859,0,0,0,0
2024-03-01 11:36:08.000,5.144078,5.149534586448891,0,0,0,0
2024-03-01 11:36:08.250,5.119732,5.114973988019915,0,0,0,1
2024-03-01 11:36:08.500,5.087699,5.092567216701357,0,0,0,0
2024-03-01 11:36:08.750,5.083855,5.078803273625828,0,0,0,0
2024-03-01 11:36:09.000,5.058228,5.061185709508134,0,0,0,0
2024-03-01 11:36:09.250,5.031321,5.032333161730593,0,0,1,0
2024-03-01 11:36:09.500,5.000569,4.9965195988436335,0,0,0,0
2024-03-01 11:36:09.750,4.962129,4.963882613584806,0,0,0,0
2024-03-01 11:36:10.000,4.932658,4.937506912721896,0,0,0,0
2024-03-01 11:36:10.250,4.917282,4.912761848940672,0,0,0,0
2024-03-01 11:36:10.500,4.902342,4.896154941803329,0,0,0,0
2024-03-01 11:36:10.750,4.897216,4.9048819766421765,0,0,0,0
2024-03-01 11:36:11.000,4.917718,4.9278562618440285,0,0,0,0
2024-03-01 11:36:11.250,4.936938,4.921906386066756,0,0,0,0
2024-03-01 11:36:11.500,4.899779,4.882085587077358,0,0,0,0
2024-03-01 11:36:11.750,4.819055,4.867328441254761,0,0,0,0
2024-03-01 11:36:12.000,4.942063,4.910664449536793,0,0,0,0
2024-03-01 11:36:12.250,4.970253,4.963826925272087,0,0,0,0
2024-03-01 11:36:12.500,4.961283,4.977965544118463,0,0,0,0
2024-03-01 11:36:12.750,4.980503,4.97563291803684,0,0,0,0
2024-03-01 11:36:13.000,5.001004,5.001022597097316,0,0,0,0
2024-03-01 11:36:13.250,5.056101,5.053297284722238,0,0,0,0
2024-03-01 11:36:13.500,5.099667,5.102447018875,0,0,0,0
2024-03-01 11:36:13.750,5.136826,5.134346916325233,1,0,0,0
2024-03-01 11:36:14.000,5.149639,5.153720989833972,0,1,1,1
2024-03-01 11:36:14.250,5.163733,5.161537782033075,0,0,0,0
2024-03-01 11:36:14.500,5.154764,5.152193200555407,0,0,0,0
2024-03-01 11:36:14.750,5.125293,5.127825070047976,0,0,0,0
2024-03-01 11:36:15.000,5.095823,5.097622470473125,0,0,0,0
2024-03-01 11:36:15.250,5.066352,5.065033854512508,0,0,0,0
2024-03-01 11:36:15.500,5.036881,5.033334053647691,0,0,0,0
2024-03-01 11:36:15.750,5.018943,5.02073785703995,0,0,0,0
2024-03-01 11:36:16.000,5.040726,5.046724459360419,0,0,0,0
2024-03-01 11:36:16.250,5.108636,5.101810943629346,0,0,0,0
2024-03-01 11:36:16.500,5.153482,5.1533290087669155,0,0,0,0
2024-03-01 11:36:16.750,5.181672,5.185406089183556,0,0,0,0
2024-03-01 11:36:17.000,5.217549,5.216585626688418,0,0,0,0
2024-03-01 11:36:17.250,5.279053,5.275286097175033,1,0,0,0
2024-03-01 11:36:17.500,5.361058,5.368250423300625,0,0,0,0
2024-03-01 11:36:17.750,5.480222,5.473871257588403,0,0,0,0
2024-03-01 11:36:18.000,5.559229,5.561542074559083,0,0,0,0
2024-03-01 11:36:18.250,5.615608,5.615729544503471,0,0,0,0
2024-03-01 11:36:18.500,5.641234,5.639665725259263,0,1,0,0
2024-03-01 11:36:18.750,5.634828,5.639609912630151,0,0,0,0
2024-03-01 11:36:19.000,5.622015,5.617465994498969,0,0,0,0
2024-03-01 11:36:19.250,5.583574,5.5797225214626,0,0,0,0
2024-03-01 11:36:19.500,5.525915,5.534407374925562,0,0,0,1
2024-03-01 11:36:19.750,5.468255,5.4740915112511095,0,0,0,0
2024-03-01 11:36:20.000,5.41572,5.390585005338111,0,0,1,0
2024-03-01 11:36:20.250,5.292712,5.3123220844393035,0,0,0,0
2024-03-01 11:36:20.500,5.279899,5.2836435345133,0,0,0,0
2024-03-01 11:36:20.750,5.308088,5.298558334538946,0,0,0,0
2024-03-01 11:36:21.000,5.310651,5.307811167545206,0,0,0,0
2024-03-01 11:36:21.250,5.296556,5.300918885664559,0,0,0,0
2024-03-01 11:36:21.500,5.320901,5.326163368410411,0,0,0,0
2024-03-01 11:36:21.750,5.422127,5.415984908114345,1,0,0,0
2024-03-01 11:36:22.000,5.537446,5.537995984633373,0,0,0,0
2024-03-01 11:36:22.250,5.634828,5.635221124749279,0,0,0,0
2024-03-01 11:36:22.500,5.683518,5.683709915757708,0,0,0,0
2024-03-01 11:36:22.750,5.69505,5.696359805869485,0,0,0,0
2024-03-01 11:36:23.000,5.692488,5.691227451411441,0,1,0,0
2024-03-01 11:36:23.250,5.674549,5.673508890338658,0,0,0,0
2024-03-01 11:36:23.500,5.638671,5.641166319295208,0,0,0,0
2024-03-01 11:36:23.750,5.596388,5.5943097585594534,0,0,0,0
2024-03-01 11:36:24.000,5.536165,5.537715335084048,0,0,0,0
2024-03-01 11:36:24.250,5.482349,5.479528247534445,0,0,0,1
2024-03-01 11:36:24.500,5.422127,5.427531211704031,0,0,0,0
2024-03-01 11:36:24.750,5.391375,5.384149734521968,0,0,0,0
2024-03-01 11:36:25.000,5.33884,5.3461112247264975,0,0,1,0
2024-03-01 11:36:25.250,5.315776,5.310927475970387,0,0,0,0
2024-03-01 11:36:25.500,5.282462,5.282514686727363,0,0,0,0
2024-03-01 11:36:25.750,5.263242,5.265722566767514,0,0,0,0
2024-03-01 11:36:26.000,5.252991,5.254029777982002,0,0,0,0
2024-03-01 11:36:26.250,5.236334,5.232191498432881,0,0,0,0
2024-03-01 11:36:26.500,5.197894,5.1976471415423795,0,0,0,0
2024-03-01 11:36:26.750,5.162016,5.167264808460378,0,0,0,0
2024-03-01 11:36:27.000,5.15561,5.153463124980366,0,0,0,0
2024-03-01 11:36:27.250,5.150485,5.147521627346802,0,0,0,0
2024-03-01 11:36:27.500,5.135108,5.1365811223596305,0,0,0,0
2024-03-01 11:36:27.750,5.119732,5.121794319174823,0,0,0,0
2024-03-01 11:36:28.000,5.109482,5.109066584136029,0,0,0,0
2024-03-01 11:36:28.250,5.099231,5.09647651350525,0,0,0,0
2024-03-01 11:36:28.500,5.080011,5.080926938024344,0,0,0,0
2024-03-01 11:36:28.750,5.062073,5.064877405444406,0,0,0,0
2024-03-01 11:36:29.000,5.05054,5.049457294746214,0,0,0,0
2024-03-01 11:36:29.250,5.036446,5.032530637947231,0,0,0,0
2024-03-01 11:36:29.500,5.013382,5.016026607233324,0,0,0,0
2024-03-01 11:36:29.750,4.996725,5.001732559047197,0,0,0,0
2024-03-01 11:36:30.000,4.989037,4.982241016414075,0,0,0,0
2024-03-01 11:36:30.250,4.954441,4.952925824423572,0,0,0,0
2024-03-01 11:36:30.500,4.919845,4.926877843154779,0,0,0,0
2024-03-01 11:36:30.750,4.92028,4.919304014869186,0,0,0,0
2024-03-01 11:36:31.000,4.933094,4.925188945401557,0,0,0,0
2024-03-01 11:36:31.250,4.918999,4.9294650827439455,0,0,0,0
2024-03-01 11:36:31.500,4.938219,4.929778941094304,0,0,0,0
2024-03-01 11:36:31.750,4.92925,4.9323044994192085,0,0,0,0
2024-03-01 11:36:32.000,4.924124,4.930485346502479,0,0,0,0
2024-03-01 11:36:32.250,4.917718,4.906584483425119,0,0,0,0
2024-03-01 11:36:32.500,4.856214,4.859426606930881,0,0,0,0
2024-03-01 11:36:32.750,4.806242,4.813878173052316,0,0,0,0
2024-03-01 11:36:33.000,4.799835,4.7920159547197025,0,0,0,0
2024-03-01 11:36:33.250,4.788303,4.788855248294919,0,0,0,0
2024-03-01 11:36:33.500,4.781897,4.784388139522971,0,0,0,0
2024-03-01 11:36:33.750,4.765239,4.767375398757602,0,0,0,0
2024-03-01 11:36:34.000,4.753707,4.747367422410444,0,0,0,0
2024-03-01 11:36:34.250,4.752426,4.753039125252768,0,0,0,0
2024-03-01 11:36:34.500,4.798554,4.80788406681691,0,0,0,0
2024-03-01 11:36:34.750,4.906186,4.897054454580157,0,0,0,0
2024-03-01 11:36:35.000,4.972815,4.973602699032459,0,0,0,0
2024-03-01 11:36:35.250,5.002285,5.006680090553957,0,0,0,0
2024-03-01 11:36:35.500,5.013818,5.006351282891984,0,0,0,0
2024-03-01 11:36:35.750,4.983066,4.9917232380429954,0,0,0,0
2024-03-01 11:36:36.000,4.956158,4.957675353468239,0,0,0,0
2024-03-01 11:36:36.250,4.913874,4.9008041425218,0,0,0,0
2024-03-01 11:36:36.500,4.86262,4.861647660724528,0,0,0,0
2024-03-01 11:36:36.750,4.860058,4.89048635628883,0,0,0,0
2024-03-01 11:36:37.000,5.004848,4.973337636928449,1,0,0,0
2024-03-01 11:36:37.250,5.048413,5.050284291628879,0,0,0,0
2024-03-01 11:36:37.500,5.089416,5.103361735283835,0,0,0,0
2024-03-01 11:36:37.750,5.163733,5.162603165519835,0,0,0,0
2024-03-01 11:36:38.000,5.244457,5.234534473306055,0,0,0,0
2024-03-01 11:36:38.250,5.28546,5.287684832813928,0,0,0,0
2024-03-01 11:36:38.500,5.294429,5.30312628284075,0,1,0,0
2024-03-01 11:36:38.750,5.303399,5.29631407292406,0,0,0,0
2024-03-01 11:36:39.000,5.299554,5.294262724159222,0,0,0,0
2024-03-01 11:36:39.250,5.294429,5.309151734967046,0,0,0,0
2024-03-01 11:36:39.500,5.336713,5.326410436835723,0,0,0,0
2024-03-01 11:36:39.750,5.320055,5.319496831928479,0,0,0,0
2024-03-01 11:36:40.000,5.281616,5.284705184606947,0,0,0,0
2024-03-01 11:36:40.250,5.248301,5.24889588362154,0,0,0,1
2024-03-01 11:36:40.500,5.235488,5.235687193205688,0,0,0,0
2024-03-01 11:36:40.750,5.244457,5.241027371601854,0,0,0,0
2024-03-01 11:36:41.000,5.245739,5.247173212194797,0,0,0,0
2024-03-01 11:36:41.250,5.239332,5.242762212675681,0,0,0,0
2024-03-01 11:36:41.500,5.2278,5.224969428317185,0,0,0,0
2024-03-01 11:36:41.750,5.202173,5.1981514596194955,0,0,1,0
2024-03-01 11:36:42.000,5.165015,5.1729850591168125,0,0,0,0
2024-03-01 11:36:42.250,5.158608,5.154740454882956,0,0,0,0
2024-03-01 11:36:42.500,5.136826,5.136134227866221,0,0,0,0
2024-03-01 11:36:42.750,5.113761,5.113699763391539,0,0,0,0
2024-03-01 11:36:43.000,5.10223,5.101483776492831,0,0,0,0
2024-03-01 11:36:43.250,5.106073,5.112298201208377,0,0,0,0
2024-03-01 11:36:43.500,5.140669,5.134397723977218,0,0,0,0
2024-03-01 11:36:43.750,5.147076,5.143880232415413,0,0,0,0
2024-03-01 11:36:44.000,5.122731,5.133196934768657,0,0,0,0
2024-03-01 11:36:44.250,5.121449,5.11584707793595,0,0,0,0
2024-03-01 11:36:44.500,5.120168,5.115343178406853,0,0,0,0
2024-03-01 11:36:44.750,5.149639,5.15607615148833,0,0,0,0
2024-03-01 11:36:45.000,5.241895,5.242899022947169,1,0,0,0
2024-03-01 11:36:45.250,5.345682,5.341658093970285,0,0,0,0
2024-03-01 11:36:45.500,5.402061,5.404397971499877,0,0,0,0
2024-03-01 11:36:45.750,5.428969,5.422797850026868,0,0,0,0
2024-03-01 11:36:46.000,5.424689,5.433020261541019,0,0,0,0
2024-03-01 11:36:46.250,5.458004,5.4589188017186405,0,0,0,0
2024-03-01 11:36:46.500,5.484912,5.478709850932486,0,1,0,0
2024-03-01 11:36:46.750,5.470817,5.4638962673410925,0,0,0,0
2024-03-01 11:36:47.000,5.399063,5.422119641075388,0,0,0,1
2024-03-01 11:36:47.250,5.401625,5.380711999421925,0,0,0,0
2024-03-01 11:36:47.500,5.349091,5.35138318996678,0,0,1,0
2024-03-01 11:36:47.750,5.311932,5.325072504160799,0,0,0,0
2024-03-01 11:36:48.000,5.296556,5.2879892180023855,0,0,0,0
2024-03-01 11:36:48.250,5.255554,5.246439636693627,0,0,0,0
2024-03-01 11:36:48.500,5.224802,5.238206797215094,0,0,0,0
2024-03-01 11:36:48.750,5.292712,5.294249130167371,0,0,0,0
2024-03-01 11:36:49.000,5.401625,5.391377457664936,1,0,0,0
2024-03-01 11:36:49.250,5.474661,5.475944670835227,0,0,0,0
2024-03-01 11:36:49.500,5.519508,5.526597586291518,0,0,0,0
2024-03-01 11:36:49.750,5.565636,5.561653773315334,0,0,0,0
2024-03-01 11:36:50.000,5.597669,5.596597507266974,0,0,0,0
2024-03-01 11:36:50.250,5.623296,5.623192107324806,0,0,0,0
2024-03-01 11:36:50.500,5.619452,5.624034144285203,0,1,0,0
2024-03-01 11:36:50.750,5.597669,5.5932694492782975,0,0,0,0
2024-03-01 11:36:51.000,5.55026,5.548322077498721,0,0,0,0
2024-03-01 11:36:51.250,5.514382,5.517369083806606,0,0,0,0
2024-03-01 11:36:51.500,5.493881,5.498876440304735,0,0,0,0
2024-03-01 11:36:51.750,5.452878,5.447071425524241,0,0,0,1
2024-03-01 11:36:52.000,5.332434,5.33229819930421,0,0,1,0
2024-03-01 11:36:52.250,5.217113,5.20615203174169,0,0,0,0
2024-03-01 11:36:52.500,5.126139,5.15600178390127,0,0,0,0
2024-03-01 11:36:52.750,5.21327,5.1926850286724795,0,0,0,0
2024-03-01 11:36:53.000,5.246584,5.238461693438307,0,0,0,0
2024-03-01 11:36:53.250,5.215832,5.230845976766756,0,0,0,0
2024-03-01 11:36:53.500,5.177392,5.182039189815783,0,0,0,0
2024-03-01 11:36:53.750,5.156891,5.135144829165606,0,0,0,0
2024-03-01 11:36:54.000,5.095387,5.114892495936808,0,0,0,0
2024-03-01 11:36:54.250,5.12742,5.121466075118965,0,0,0,0
2024-03-01 11:36:54.500,5.140234,5.135842126490558,0,0,0,0
2024-03-01 11:36:54.750,5.126139,5.133940976934822,0,0,0,0
2024-03-01 11:36:55.000,5.121014,5.1160867344074115,0,0,0,0
2024-03-01 11:36:55.250,5.123577,5.114962694093628,0,0,0,0
2024-03-01 11:36:55.500,5.129983,5.154609006206947,0,0,0,0
2024-03-01 11:36:55.750,5.229927,5.207637247444107,0,0,0,0
2024-03-01 11:36:56.000,5.217113,5.222618380014135,0,0,0,0
2024-03-01 11:36:56.250,5.192769,5.194472555716812,0,0,0,0
2024-03-01 11:36:56.500,5.169704,5.169680235219749,0,0,0,0
2024-03-01 11:36:56.750,5.170986,5.173676207285192,0,0,0,0
2024-03-01 11:36:57.000,5.176111,5.177403404655608,0,0,0,0
2024-03-01 11:36:57.250,5.177392,5.160615173308982,0,0,0,0
2024-03-01 11:36:57.500,5.14664,5.164668057657719,0,0,0,0
2024-03-01 11:36:57.750,5.23249,5.2283763298700165,0,0,0,0
2024-03-01 11:36:58.000,5.291431,5.299984093524105,0,0,0,0
2024-03-01 11:36:58.250,5.315776,5.29821877230842,0,0,0,0
2024-03-01 11:36:58.500,5.274774,5.260676779707831,1,0,0,0
2024-03-01 11:36:58.750,5.27093,5.324618224526226,0,0,0,0
2024-03-01 11:36:59.000,5.564354,5.528904102421485,0,0,0,0
2024-03-01 11:36:59.250,5.755273,5.74431174200664,0,0,0,0
2024-03-01 11:36:59.500,5.827027,5.842821376317406,0,1,0,0
2024-03-01 11:36:59.750,5.820621,5.830701052472419,0,0,0,0
2024-03-01 11:37:00.000,5.793713,5.778228368265318,0,0,0,0
2024-03-01 11:37:00.250,5.720677,5.718131031264731,0,0,0,0
2024-03-01 11:37:00.500,5.634828,5.6472616988432645,0,0,0,0
2024-03-01 11:37:00.750,5.557948,5.5548324508060745,0,0,0,0
2024-03-01 11:37:01.000,5.43494,5.427584014507516,0,0,0,1
2024-03-01 11:37:01.250,5.264523,5.272152977664466,0,0,1,0
2024-03-01 11:37:01.500,5.144078,5.1338634870147235,0,0,0,0
2024-03-01 11:37:01.750,5.039009,5.0585381410849,0,0,0,0
2024-03-01 11:37:02.000,5.05951,5.041512912184867,0,0,0,0
2024-03-01 11:37:02.250,5.04029,5.042826459275308,0,0,0,0
2024-03-01 11:37:02.500,5.035165,5.039454762739281,0,0,0,0
2024-03-01 11:37:02.750,5.024914,5.033085438937158,0,0,0,0
2024-03-01 11:37:03.000,5.046697,5.0247916394395356,0,0,0,0
2024-03-01 11:37:03.250,4.995443,5.013589632446117,0,0,0,0
2024-03-01 11:37:03.500,5.006975,5.004495175752213,0,0,0,0
2024-03-01 11:37:03.750,5.004413,4.997869565113924,0,0,0,0
2024-03-01 11:37:04.000,4.983912,4.987348049285688,0,0,0,0
2024-03-01 11:37:04.250,4.973661,4.976341656066049,0,0,0,0
2024-03-01 11:37:04.500,4.985193,4.979069650299398,0,0,0,0
2024-03-01 11:37:04.750,4.992881,5.001173424747418,0,0,0,0
2024-03-01 11:37:05.000,5.039009,5.030522781117025,0,0,0,0
2024-03-01 11:37:05.250,5.044134,5.048206226812707,0,0,0,0
2024-03-01 11:37:05.500,5.04029,5.043891552013816,0,0,0,0
2024-03-01 11:37:05.750,5.032602,5.025586481961479,0,0,0,0
2024-03-01 11:37:06.000,5.018507,5.017902107752421,0,0,0,0
2024-03-01 11:37:06.250,5.028758,5.037778579195219,0,0,0,0
2024-03-01 11:37:06.500,5.071042,5.071280320388789,0,0,0,0
2024-03-01 11:37:06.750,5.11717,5.103301769727061,0,0,0,0
2024-03-01 11:37:07.000,5.168423,5.164922248940435,1,0,0,0
2024-03-01 11:37:07.250,5.254272,5.293187182242742,0,0,0,0
2024-03-01 11:37:07.500,5.482349,5.445693533370874,0,0,0,0
2024-03-01 11:37:07.750,5.538728,5.533727316881207,0,0,0,0
2024-03-01 11:37:08.000,5.514382,5.541316061146388,0,0,0,0
2024-03-01 11:37:08.250,5.54129,5.532732238781242,0,0,0,0
2024-03-01 11:37:08.500,5.563073,5.551882161218973,0,0,0,0
2024-03-01 11:37:08.750,5.578449,5.585651759916863,0,0,0,0
2024-03-01 11:37:09.000,5.604075,5.607749022296725,0,1,0,0
2024-03-01 11:37:09.250,5.602794,5.601538952724379,0,0,0,0
2024-03-01 11:37:09.500,5.566917,5.55809884489382,0,0,0,0
2024-03-01 11:37:09.750,5.478505,5.487903626781067,0,0,0,0
2024-03-01 11:37:10.000,5.419564,5.420226206924657,0,0,0,1
2024-03-01 11:37:10.250,5.384968,5.376589242970262,0,0,0,0
2024-03-01 11:37:10.500,5.349091,5.357055278014968,0,0,0,0
2024-03-01 11:37:10.750,5.355497,5.350952885958592,0,0,0,0
2024-03-01 11:37:11.000,5.341403,5.3441000515312345,0,0,1,0
2024-03-01 11:37:11.250,5.322183,5.317248182646908,0,0,0,0
2024-03-01 11:37:11.500,5.241459,5.258579457293468,0,0,0,0
2024-03-01 11:37:11.750,5.226083,5.190673438836727,0,0,0,0
2024-03-01 11:37:12.000,5.129983,5.165820097252701,0,0,0,0
2024-03-01 11:37:12.250,5.215832,5.205857877477107,0,0,0,0
2024-03-01 11:37:12.500,5.274774,5.263784045491979,0,0,0,0
2024-03-01 11:37:12.750,5.274774,5.280271211997951,0,0,0,0
2024-03-01 11:37:13.000,5.251709,5.256986062787099,0,0,0,0
2024-03-01 11:37:13.250,5.241459,5.240057170584516,0,0,0,0
2024-03-01 11:37:13.500,5.264523,5.258869877153376,0,0,0,0
2024-03-01 11:37:13.750,5.310651,5.311799375581217,0,0,0,0
2024-03-01 11:37:14.000,5.374717,5.383624673580326,1,0,0,0
2024-03-01 11:37:14.250,5.460567,5.4498382293900125,0,0,0,0
2024-03-01 11:37:14.500,5.479786,5.484216935483661,0,1,0,0
2024-03-01 11:37:14.750,5.481068,5.480471298029929,0,0,0,0
2024-03-01 11:37:15.000,5.45416,5.455423532752983,0,0,0,0
2024-03-01 11:37:15.250,5.427252,5.4267704110024955,0,0,1,1
2024-03-01 11:37:15.500,5.401625,5.399848861657636,0,0,0,0
2024-03-01 11:37:15.750,5.374717,5.375553831333552,0,0,0,0
2024-03-01 11:37:16.000,5.354216,5.356802213754593,0,0,0,0
2024-03-01 11:37:16.250,5.347809,5.344515378257876,0,0,0,0
2024-03-01 11:37:16.500,5.336277,5.3368523462697,0,0,0,0
2024-03-01 11:37:16.750,5.332434,5.332754409331039,0,0,0,0
2024-03-01 11:37:17.000,5.326027,5.32854118246006,0,0,0,0
2024-03-01 11:37:17.250,5.318339,5.315158872337596,0,0,0,0
2024-03-01 11:37:17.500,5.291431,5.289524805452987,0,0,0,0
2024-03-01 11:37:17.750,5.258116,5.265536998820431,0,0,0,0
2024-03-01 11:37:18.000,5.273492,5.264809765805808,0,0,0,0
2024-03-01 11:37:18.250,5.29015,5.298648629869155,0,0,0,0
2024-03-01 11:37:18.500,5.372155,5.361227720576851,0,0,0,0
2024-03-01 11:37:18.750,5.418283,5.431882111449656,0,0,0,0
2024-03-01 11:37:19.000,5.493881,5.4840184822978735,1,0,0,0
2024-03-01 11:37:19.250,5.505413,5.507777949259047,0,0,0,0
2024-03-01 11:37:19.500,5.529758,5.526825307264382,0,0,0,0
2024-03-01 11:37:19.750,5.564354,5.573800984113989,0,0,0,0
2024-03-01 11:37:20.000,5.652766,5.645661693788573,0,0,0,0
2024-03-01 11:37:20.250,5.706582,5.704083246215511,0,0,0,0
2024-03-01 11:37:20.500,5.716833,5.721973840495966,0,1,0,0
2024-03-01 11:37:20.750,5.707863,5.706856527283559,0,0,0,0
2024-03-01 11:37:21.000,5.677112,5.677179315212335,0,0,0,0
2024-03-01 11:37:21.250,5.642516,5.639608996523861,0,0,0,0
2024-03-01 11:37:21.500,5.591262,5.595354605992557,0,0,0,0
2024-03-01 11:37:21.750,5.554104,5.551237309334473,0,0,0,1
2024-03-01 11:37:22.000,5.514382,5.515769739669298,0,0,0,0
2024-03-01 11:37:22.250,5.491319,5.490540071809349,0,0,0,0
2024-03-01 11:37:22.500,5.468255,5.4703482033392765,0,0,0,0
2024-03-01 11:37:22.750,5.455441,5.4508399059734325,0,0,1,0
2024-03-01 11:37:23.000,5.428533,5.432362746645487,0,0,0,0
2024-03-01 11:37:23.250,5.413157,5.415071448200297,0,0,0,0
2024-03-01 11:37:23.500,5.402907,5.397705043444072,0,0,0,0
2024-03-01 11:37:23.750,5.387531,5.385983212255132,0,0,0,0
2024-03-01 11:37:24.000,5.378561,5.3908855852128434,0,0,0,0
2024-03-01 11:37:24.250,5.427252,5.412383743770116,0,0,0,0
2024-03-01 11:37:24.500,5.428533,5.4388364635425335,0,0,0,0
2024-03-01 11:37:24.750,5.474661,5.465319860995776,0,0,0,0
2024-03-01 11:37:25.000,5.482349,5.492916092830551,0,0,0,0
2024-03-01 11:37:25.250,5.510539,5.5075924368661955,0,0,0,0
2024-03-01 11:37:25.500,5.493881,5.482928523363519,0,0,0,0
2024-03-01 11:37:25.750,5.393938,5.4097009602238,0,0,0,0
2024-03-01 11:37:26.000,5.313213,5.307826283279023,0,0,0,0
2024-03-01 11:37:26.250,5.219676,5.209701681447989,0,0,0,0
2024-03-01 11:37:26.500,5.124858,5.138482869943055,0,0,0,0
2024-03-01 11:37:26.750,5.094106,5.094061110541049,0,0,0,0
2024-03-01 11:37:27.000,5.073605,5.062275065053743,0,0,0,0
2024-03-01 11:37:27.250,5.047978,5.044418380358813,0,0,0,0
2024-03-01 11:37:27.500,5.023633,5.058231827305089,0,0,0,0
2024-03-01 11:37:27.750,5.150485,5.108085071312251,0,0,0,0
2024-03-01 11:37:28.000,5.173548,5.182333140010824,0,0,0,0
2024-03-01 11:37:28.250,5.231208,5.2661526015426485,0,0,0,0
2024-03-01 11:37:28.500,5.375998,5.33220447689278,0,0,0,0
2024-03-01 11:37:28.750,5.336277,5.354246904360372,0,0,0,0
2024-03-01 11:37:29.000,5.345247,5.345052616648097,0,0,0,0
2024-03-01 11:37:29.250,5.327308,5.337003192822234,0,0,0,0
2024-03-01 11:37:29.500,5.350372,5.331468103750357,0,0,0,0
2024-03-01 11:37:29.750,5.305525,5.313733381244945,0,0,0,0
2024-03-01 11:37:30.000,5.29015,5.293137436614488,0,0,0,0
2024-03-01 11:37:30.250,5.279899,5.278661403951997,0,0,0,0
2024-03-01 11:37:30.500,5.237615,5.245119269229789,0,0,0,0
2024-03-01 11:37:30.750,5.206863,5.177714698814889,0,0,0,0
2024-03-01 11:37:31.000,5.088981,5.12361837689355,0,0,0,0
2024-03-01 11:37:31.250,5.153047,5.141058788862437,0,0,0,0
2024-03-01 11:37:31.500,5.222239,5.215308771939268,0,0,0,0
2024-03-01 11:37:31.750,5.272211,5.278633302908509,0,0,0,0
2024-03-01 11:37:32.000,5.302963,5.296358528103424,0,0,0,0
2024-03-01 11:37:32.250,5.269648,5.284405827422204,0,0,0,0
2024-03-01 11:37:32.500,5.273492,5.258315855106113,0,0,0,0
2024-03-01 11:37:32.750,5.209426,5.213752341619437,0,0,0,0
2024-03-01 11:37:33.000,5.150485,5.155411098595995,0,0,0,0
2024-03-01 11:37:33.250,5.115889,5.110437244800661,0,0,0,0
2024-03-01 11:37:33.500,5.105638,5.103934323048977,0,0,0,0
2024-03-01 11:37:33.750,5.119732,5.132256261490538,0,0,0,0
2024-03-01 11:37:34.000,5.183799,5.166375581834303,0,0,0,0
2024-03-01 11:37:34.250,5.170986,5.1819981494521885,0,0,0,0
2024-03-01 11:37:34.500,5.182518,5.180601479417048,0,0,0,0
2024-03-01 11:37:34.750,5.177392,5.176645314963074,0,0,0,0
2024-03-01 11:37:35.000,5.176111,5.174970703954021,0,0,0,0
2024-03-01 11:37:35.250,5.167142,5.170081652844907,0,0,0,0
2024-03-01 11:37:35.500,5.163298,5.159684115684544,0,0,0,0
2024-03-01 11:37:35.750,5.14664,5.150035226775467,0,0,0,0
2024-03-01 11:37:36.000,5.151766,5.148225978539555,0,0,0,0
2024-03-01 11:37:36.250,5.147922,5.151690982725011,0,0,0,0
2024-03-01 11:37:36.500,5.150485,5.15136481284459,0,0,0,0
2024-03-01 11:37:36.750,5.160735,5.151790514796447,0,0,0,0
2024-03-01 11:37:37.000,5.170986,5.177405299461254,0,0,0,0
2024-03-01 11:37:37.250,5.23249,5.240928792390664,1,0,0,0
2024-03-01 11:37:37.500,5.331152,5.3187472011714,0,0,0,0
2024-03-01 11:37:37.750,5.38625,5.382073034234248,0,0,0,0
2024-03-01 11:37:38.000,5.41572,5.428425666724827,0,0,0,0
2024-03-01 11:37:38.250,5.443909,5.4506536770689875,0,1,0,0
2024-03-01 11:37:38.500,5.441347,5.416480051947179,0,0,0,0
2024-03-01 11:37:38.750,5.314495,5.326486943935953,0,0,0,1
2024-03-01 11:37:39.000,5.240178,5.249594942480692,0,0,1,0
2024-03-01 11:37:39.250,5.259398,5.250019424014675,1,0,0,0
2024-03-01 11:37:39.500,5.313213,5.312875604771574,0,0,0,0
2024-03-01 11:37:39.750,5.37728,5.3788140599064915,0,0,0,0
2024-03-01 11:37:40.000,5.419564,5.419441971501603,0,0,0,0
2024-03-01 11:37:40.250,5.44519,5.446480034315239,0,0,0,0
2024-03-01 11:37:40.500,5.469536,5.469202522538348,0,0,0,0
2024-03-01 11:37:40.750,5.475943,5.475407029372068,0,1,0,0
2024-03-01 11:37:41.000,5.456723,5.453479987729391,0,0,0,0
2024-03-01 11:37:41.250,5.405469,5.411937174119069,0,0,0,0
2024-03-01 11:37:41.500,5.372155,5.368314959076281,0,0,0,1
2024-03-01 11:37:41.750,5.331152,5.33058704788819,0,0,0,0
2024-03-01 11:37:42.000,5.296556,5.298412402231417,0,0,1,0
2024-03-01 11:37:42.250,5.274774,5.273762614062784,0,0,0,0
2024-03-01 11:37:42.500,5.260679,5.260457923219327,0,0,0,0
2024-03-01 11:37:42.750,5.254272,5.256251049362748,0,0,0,0
2024-03-01 11:37:43.000,5.255554,5.252177651794317,0,0,0,0
2024-03-01 11:37:43.250,5.237615,5.2411971184595965,0,0,0,0
2024-03-01 11:37:43.500,5.228646,5.225170402850207,0,0,0,0
2024-03-01 11:37:43.750,5.208144,5.210912986092637,0,0,0,0
2024-03-01 11:37:44.000,5.200456,5.199512842219304,0,0,0,0
2024-03-01 11:37:44.250,5.182518,5.18298110101449,0,0,0,0
2024-03-01 11:37:44.500,5.156891,5.154227044884717,0,0,0,0
2024-03-01 11:37:44.750,5.113326,5.11818677887813,0,0,0,0
2024-03-01 11:37:45.000,5.094106,5.089402856276413,0,0,0,0
2024-03-01 11:37:45.250,5.076167,5.077657391344488,0,0,0,0
2024-03-01 11:37:45.500,5.073605,5.076351397339394,0,0,0,0
2024-03-01 11:37:45.750,5.071042,5.069887706386734,0,0,0,0
2024-03-01 11:37:46.000,5.065917,5.0599753361565005,0,0,0,0
2024-03-01 11:37:46.250,5.071042,5.075832917455078,0,0,0,0
2024-03-01 11:37:46.500,5.132546,5.1391252532360205,0,0,0,0
2024-03-01 11:37:46.750,5.236334,5.227395127662596,0,0,0,0
2024-03-01 11:37:47.000,5.3004,5.297795396656871,0,0,0,0
2024-03-01 11:37:47.250,5.328589,5.335215033418683,0,0,0,0
2024-03-01 11:37:47.500,5.342684,5.348044857364707,0,0,0,0
2024-03-01 11:37:47.750,5.350372,5.337233732766065,0,0,0,0
2024-03-01 11:37:48.000,5.304244,5.309384301042144,0,0,0,0
2024-03-01 11:37:48.250,5.3004,5.30323865123464,1,0,0,0
2024-03-01 11:37:48.500,5.360623,5.360087695662107,0,0,0,0
2024-03-01 11:37:48.750,5.47338,5.471339408419793,0,0,0,0
2024-03-01 11:37:49.000,5.582293,5.583268545642214,0,0,0,0
2024-03-01 11:37:49.250,5.654047,5.652061426952396,0,0,0,0
2024-03-01 11:37:49.500,5.673267,5.6763512391257125,0,0,0,0
2024-03-01 11:37:49.750,5.678393,5.677237988611436,0,1,0,0
2024-03-01 11:37:50.000,5.664298,5.663641329943787,0,0,0,0
2024-03-01 11:37:50.250,5.624577,5.6266138452232175,0,0,0,0
2024-03-01 11:37:50.500,5.565636,5.561745549129921,0,0,0,0
2024-03-01 11:37:50.750,5.482349,5.484985267862491,0,0,0,0
2024-03-01 11:37:51.000,5.418283,5.4192322871349745,0,0,0,1
2024-03-01 11:37:51.250,5.370873,5.3701132261524,0,0,0,0
2024-03-01 11:37:51.500,5.327308,5.325672543574467,0,0,0,0
2024-03-01 11:37:51.750,5.278617,5.278611262496905,0,0,0,0
2024-03-01 11:37:52.000,5.23249,5.234898974885163,0,0,0,0
2024-03-01 11:37:52.250,5.197894,5.199123974045668,0,0,1,0
2024-03-01 11:37:52.500,5.173548,5.168387064093487,0,0,0,0
2024-03-01 11:37:52.750,5.144078,5.142799251808131,0,0,0,0
2024-03-01 11:37:53.000,5.109482,5.11929895620074,0,0,0,0
2024-03-01 11:37:53.250,5.074886,5.074837690109698,0,0,0,0
2024-03-01 11:37:53.500,5.010819,4.9897703994760585,0,0,0,0
2024-03-01 11:37:53.750,4.867311,4.887204514583555,0,0,0,0
2024-03-01 11:37:54.000,4.801116,4.807388111115614,0,0,0,0
2024-03-01 11:37:54.250,4.771646,4.754442259308183,0,0,0,0
2024-03-01 11:37:54.500,4.721674,4.719507087724386,0,0,0,0
2024-03-01 11:37:54.750,4.715268,4.728856143642259,0,0,0,0
2024-03-01 11:37:55.000,4.797273,4.802515124093758,0,0,0,0
2024-03-01 11:37:55.250,4.915155,4.893730227994597,0,0,0,0
2024-03-01 11:37:55.500,4.925406,4.9350473739544265,0,0,0,0
2024-03-01 11:37:55.750,4.912592,4.9201852859803905,0,0,0,0
2024-03-01 11:37:56.000,4.899779,4.891946775314505,0,0,0,0
2024-03-01 11:37:56.250,4.876715,4.876751251635761,0,0,0,0
2024-03-01 11:37:56.500,4.866465,4.869099052034244,0,0,0,0
2024-03-01 11:37:56.750,4.860058,4.85938740808031,0,0,0,0
2024-03-01 11:37:57.000,4.849807,4.848557676207962,0,0,0,0
2024-03-01 11:37:57.250,4.840838,4.841452223802436,0,0,0,0
2024-03-01 11:37:57.500,4.835712,4.838296341019297,0,0,0,0
2024-03-01 11:37:57.750,4.839557,4.834425336128357,0,0,0,0
2024-03-01 11:37:58.000,4.822899,4.827182884628897,0,0,0,0
2024-03-01 11:37:58.250,4.821618,4.819930744350987,0,0,0,0
2024-03-01 11:37:58.500,4.816493,4.816468373182795,0,0,0,0
2024-03-01 11:37:58.750,4.81393,4.814296954638787,0,0,0,0
2024-03-01 11:37:59.000,4.806242,4.807559902110535,0,0,0,0
2024-03-01 11:37:59.250,4.801116,4.7963885301483655,0,0,0,0
2024-03-01 11:37:59.500,4.783178,4.788829507480886,0,0,0,0
2024-03-01 11:37:59.750,4.792147,4.7904141531746305,0,0,0,0
2024-03-01 11:38:00.000,4.798554,4.796221809050566,0,0,0,0
2024-03-01 11:38:00.250,4.795991,4.797851626487662,0,0,0,0
2024-03-01 11:38:00.500,4.792147,4.793320190644278,1,0,0,0
2024-03-01 11:38:00.750,4.788303,4.785799437328226,0,0,0,0
2024-03-01 11:38:01.000,4.776772,4.777708916845112,0,0,0,0
2024-03-01 11:38:01.250,4.767802,4.769889081635236,0,0,0,0
2024-03-01 11:38:01.500,4.767802,4.76392382234054,0,0,0,0
2024-03-01 11:38:01.750,4.760114,4.761878906408258,0,0,0,0
2024-03-01 11:38:02.000,4.760114,4.762321648216584,0,0,0,0
2024-03-01 11:38:02.250,4.762677,4.762277034424128,0,0,0,0
2024-03-01 11:38:02.500,4.776772,4.770657923790388,0,0,0,0
2024-03-01 11:38:02.750,4.804961,4.805177864431403,0,0,0,0
2024-03-01 11:38:03.000,4.834431,4.854314316327922,0,0,0,0
2024-03-01 11:38:03.250,4.89081,4.8689199251651765,0,1,0,0
2024-03-01 11:38:03.500,4.836994,4.834822505086079,0,0,0,0
2024-03-01 11:38:03.750,4.807523,4.810543214892853,0,0,0,0
2024-03-01 11:38:04.000,4.790866,4.817911200287785,0,0,0,0
2024-03-01 11:38:04.250,4.770365,4.7632369829342815,0,0,0,0
2024-03-01 11:38:04.500,4.671702,4.5972652549442845,0,0,1,1
2024-03-01 11:38:04.750,4.379559,4.4730306662840045,0,0,0,0
2024-03-01 11:38:05.000,4.566333,4.558220382676856,1,0,0,0
2024-03-01 11:38:05.250,4.81363,4.763777596482964,0,0,0,0
2024-03-01 11:38:05.500,4.850789,4.861656825803918,0,1,0,0
2024-03-01 11:38:05.750,4.768783,4.801149921543801,0,0,0,0
2024-03-01 11:38:06.000,4.739313,4.7243462513825145,0,0,0,1
2024-03-01 11:38:06.250,4.754689,4.73511580407958,0,0,0,0
2024-03-01 11:38:06.500,4.771346,4.797630185118982,0,0,0,0
2024-03-01 11:38:06.750,4.827724,4.818544109898605,0,0,0,0
2024-03-01 11:38:07.000,4.748282,4.743290214705815,0,0,0,0
2024-03-01 11:38:07.250,4.598366,4.592630237558987,0,0,1,0
2024-03-01 11:38:07.500,4.408729,4.43976816539397,0,0,0,0
2024-03-01 11:38:07.750,4.389509,4.35788121967389,0,0,0,0
2024-03-01 11:38:08.000,4.402323,4.387234904847716,0,0,0,0
2024-03-01 11:38:08.250,4.436919,4.511718338761445,1,0,0,0
2024-03-01 11:38:08.500,4.729062,4.647155889804223,0,0,0,0
2024-03-01 11:38:08.750,4.681653,4.708335875957008,0,1,0,0
2024-03-01 11:38:09.000,4.672683,4.697314400404563,0,0,0,0
2024-03-01 11:38:09.250,4.695747,4.672924871474635,0,0,0,0
2024-03-01 11:38:09.500,4.667558,4.658376501246495,0,0,0,0
2024-03-01 11:38:09.750,4.607336,4.630583076725216,0,0,0,1
2024-03-01 11:38:10.000,4.568896,4.57226461741263,0,0,1,0
2024-03-01 11:38:10.250,4.557364,4.506522482911785,0,0,0,0
2024-03-01 11:38:10.500,4.413855,4.478763024059644,0,0,0,0
2024-03-01 11:38:10.750,4.509954,4.489304330458001,0,0,0,0
2024-03-01 11:38:11.000,4.507392,4.4798391721393696,0,0,0,0
2024-03-01 11:38:11.250,4.411292,4.433801423570175,0,0,0,0
2024-03-01 11:38:11.500,4.41898,4.424947707122278,0,0,0,0
2024-03-01 11:38:11.750,4.509954,4.5036834097197085,0,0,0,0
2024-03-01 11:38:12.000,4.616305,4.610263359737668,1,0,0,0
2024-03-01 11:38:12.250,4.662433,4.666607642200053,0,0,0,0
2024-03-01 11:38:12.500,4.695747,4.687321584823802,0,0,0,0
2024-03-01 11:38:12.750,4.705998,4.730455147595947,0,0,0,0
2024-03-01 11:38:13.000,4.80466,4.787060471733557,0,0,0,0
2024-03-01 11:38:13.250,4.811067,4.799462517587693,0,1,0,0
2024-03-01 11:38:13.500,4.745719,4.764630574017187,0,0,0,0
2024-03-01 11:38:13.750,4.735469,4.735625284507059,0,0,0,0
2024-03-01 11:38:14.000,4.734187,4.72914117136558,0,0,0,1
2024-03-01 11:38:14.250,4.720093,4.7102580277772335,0,0,0,0
2024-03-01 11:38:14.500,4.654745,4.661533227197269,0,0,1,0
2024-03-01 11:38:14.750,4.57274,4.59561166669195,0,0,0,0
2024-03-01 11:38:15.000,4.556082,4.514847098671058,0,0,0,0
2024-03-01 11:38:15.250,4.398479,4.428094904433677,0,0,0,0
2024-03-01 11:38:15.500,4.403604,4.385990461148071,0,0,0,0
2024-03-01 11:38:15.750,4.406167,4.428721945150879,0,0,0,0
2024-03-01 11:38:16.000,4.5343,4.514070147990811,0,0,0,0
2024-03-01 11:38:16.250,4.556082,4.5586960302661295,0,0,0,0
2024-03-01 11:38:16.500,4.535581,4.541478585905418,0,0,0,0
2024-03-01 11:38:16.750,4.518924,4.517201001151917,0,0,0,0
2024-03-01 11:38:17.000,4.533019,4.53733372447445,0,0,0,0
2024-03-01 11:38:17.250,4.615024,4.601395980458923,0,0,0,0
2024-03-01 11:38:17.500,4.667558,4.679514096445375,0,0,0,0
2024-03-01 11:38:17.750,4.738031,4.742786673913432,0,0,0,0
2024-03-01 11:38:18.000,4.795691,4.776376532975475,1,0,0,0
2024-03-01 11:38:18.250,4.77519,4.794020435779429,0,0,0,0
2024-03-01 11:38:18.500,4.843101,4.826454454320299,0,0,0,0
2024-03-01 11:38:18.750,4.848226,4.869180170233833,0,0,0,0
2024-03-01 11:38:19.000,4.877697,4.876146545803247,0,0,0,0
2024-03-01 11:38:19.250,4.899479,4.845797378857453,0,0,0,0
2024-03-01 11:38:19.500,4.772627,4.8597753953294385,0,0,0,0
2024-03-01 11:38:19.750,5.026331,4.970775599885458,0,0,0,0
2024-03-01 11:38:20.000,5.103511,5.109941470604529,0,0,0,0
2024-03-01 11:38:20.250,5.171422,5.17579048085865,0,1,0,0
2024-03-01 11:38:20.500,5.148357,5.1546614132011515,0,0,0,0
2024-03-01 11:38:20.750,5.100948,5.096933765733116,0,0,0,0
2024-03-01 11:38:21.000,5.042007,5.039024873023044,0,0,0,0
2024-03-01 11:38:21.250,5.002285,4.9964047237168865,0,0,0,1
2024-03-01 11:38:21.500,4.95872,4.979112559017797,0,0,0,0
2024-03-01 11:38:21.750,4.992035,4.975772070681336,0,0,0,0
2024-03-01 11:38:22.000,4.961283,4.958718195651688,0,0,0,0
2024-03-01 11:38:22.250,4.913874,4.923416439354479,0,0,0,0
2024-03-01 11:38:22.500,4.89081,4.891745032660411,0,0,0,0
2024-03-01 11:38:22.750,4.883122,4.874866720575025,0,0,1,0
2024-03-01 11:38:23.000,4.86262,4.864407364368876,0,0,0,0
2024-03-01 11:38:23.250,4.847245,4.853075366291388,0,0,0,0
2024-03-01 11:38:23.500,4.839557,4.836357974177532,0,0,0,0
2024-03-01 11:38:23.750,4.808805,4.806542930982531,0,0,0,0
2024-03-01 11:38:24.000,4.766521,4.767614107064449,0,0,0,0
2024-03-01 11:38:24.250,4.740894,4.7400546766366825,0,0,0,0
2024-03-01 11:38:24.500,4.722955,4.731411074779161,0,0,0,0
2024-03-01 11:38:24.750,4.731925,4.721615408661671,0,0,0,0
2024-03-01 11:38:25.000,4.701173,4.6986232703322495,0,0,0,0
2024-03-01 11:38:25.250,4.672984,4.684536259103037,0,0,0,0
2024-03-01 11:38:25.500,4.702454,4.698454724173562,0,0,0,0
2024-03-01 11:38:25.750,4.720393,4.7195822619882986,0,0,0,0
2024-03-01 11:38:26.000,4.731925,4.721118599001752,0,0,0,0
2024-03-01 11:38:26.250,4.696047,4.715310907951488,0,0,0,0
2024-03-01 11:38:26.500,4.739613,4.730975891719388,0,0,0,0
2024-03-01 11:38:26.750,4.776772,4.77219907463069,0,0,0,0
2024-03-01 11:38:27.000,4.826743,4.828632554542502,0,0,0,0
2024-03-01 11:38:27.250,4.89081,4.897526758961069,1,0,0,0
2024-03-01 11:38:27.500,4.972815,4.969386056230141,0,0,0,0
2024-03-01 11:38:27.750,5.026631,5.020485840311722,0,0,0,0
2024-03-01 11:38:28.000,5.0356,5.04123554043621,0,0,0,0
2024-03-01 11:38:28.250,5.045851,5.048055346385995,0,0,0,0
2024-03-01 11:38:28.500,5.058664,5.054999012766769,0,1,0,0
2024-03-01 11:38:28.750,5.057383,5.057157653830802,0,0,0,0
2024-03-01 11:38:29.000,5.049695,5.0492906830092394,0,0,0,0
2024-03-01 11:38:29.250,5.033038,5.036918158028438,0,0,0,0
2024-03-01 11:38:29.500,5.022787,5.020347793623295,0,0,0,0
2024-03-01 11:38:29.750,4.989472,4.98772276792784,0,0,0,1
2024-03-01 11:38:30.000,4.931812,4.935131069995113,0,0,1,0
2024-03-01 11:38:30.250,4.884403,4.879848782381233,0,0,0,0
2024-03-01 11:38:30.500,4.835712,4.840101349480535,0,0,0,0
2024-03-01 11:38:30.750,4.806242,4.810680759749465,0,0,0,0
2024-03-01 11:38:31.000,4.793428,4.77854591042545,0,0,0,0
2024-03-01 11:38:31.250,4.748582,4.758811300320644,0,0,0,0
2024-03-01 11:38:31.500,4.781897,4.785500290963356,0,0,0,0
2024-03-01 11:38:31.750,4.866465,4.861126233956997,0,0,0,0
2024-03-01 11:38:32.000,4.949751,4.9456407677943535,0,0,0,0
2024-03-01 11:38:32.250,4.994597,5.001484371392665,0,0,0,0
2024-03-01 11:38:32.500,5.022787,5.0224737929299135,0,0,0,0
2024-03-01 11:38:32.750,5.021505,5.017862555287929,0,0,0,0
2024-03-01 11:38:33.000,4.995879,4.9949244949581715,0,0,0,0
2024-03-01 11:38:33.250,4.952314,4.960687603334803,0,0,0,0
2024-03-01 11:38:33.500,4.935657,4.926620846871913,0,0,0,0
2024-03-01 11:38:33.750,4.91003,4.909636103518856,0,0,0,0
2024-03-01 11:38:34.000,4.915155,4.9268686706823885,0,0,0,0
2024-03-01 11:38:34.250,4.995879,4.982914948581108,0,0,0,0
2024-03-01 11:38:34.500,5.061227,5.063504288100395,1,0,0,0
2024-03-01 11:38:34.750,5.1317,5.140253244746602,0,0,0,0
2024-03-01 11:38:35.000,5.186797,5.180411778049937,0,0,0,0
2024-03-01 11:38:35.250,5.173984,5.170010244554772,0,0,0,0
2024-03-01 11:38:35.500,5.130419,5.135805421595272,0,0,0,0
2024-03-01 11:38:35.750,5.121449,5.121020856414241,0,0,0,0
2024-03-01 11:38:36.000,5.127856,5.134543494343293,0,0,0,0
2024-03-01 11:38:36.250,5.17014,5.1556086000811705,0,0,0,0
2024-03-01 11:38:36.500,5.188078,5.185312073220087,0,0,0,0
2024-03-01 11:38:36.750,5.20858,5.240750156450054,0,0,0,0
2024-03-01 11:38:37.000,5.327744,5.296190263089451,0,0,0,0
2024-03-01 11:38:37.250,5.294429,5.2961158895629845,0,1,0,0
2024-03-01 11:38:37.500,5.221393,5.236512244881776,0,0,0,0
2024-03-01 11:38:37.750,5.179109,5.1727394820455395,0,0,0,1
2024-03-01 11:38:38.000,5.145795,5.142764682542915,0,0,0,0
2024-03-01 11:38:38.250,5.1317,5.133478252633184,0,0,0,0
2024-03-01 11:38:38.500,5.120168,5.12070030734927,0,0,0,0
2024-03-01 11:38:38.750,5.100948,5.101147118869324,0,0,0,0
2024-03-01 11:38:39.000,5.083009,5.082545996437127,0,0,0,0
2024-03-01 11:38:39.250,5.067634,5.067483100497773,0,0,0,0
2024-03-01 11:38:39.500,5.053539,5.053485229228004,0,0,1,0
2024-03-01 11:38:39.750,5.038163,5.038828309434794,0,0,0,0
2024-03-01 11:38:40.000,5.024068,5.023713042694397,0,0,0,0
2024-03-01 11:38:40.250,5.009974,5.009261720007253,0,0,0,0
2024-03-01 11:38:40.500,4.995879,4.9970510510075945,0,0,0,0
2024-03-01 11:38:40.750,4.988191,4.987350746554181,0,0,0,0
2024-03-01 11:38:41.000,4.976659,4.977727168358174,0,0,0,0
2024-03-01 11:38:41.250,4.96769,4.966198931303059,0,0,0,0
2024-03-01 11:38:41.500,4.954876,4.954797790768269,0,0,0,0
2024-03-01 11:38:41.750,4.943345,4.945296195083659,0,0,0,0
2024-03-01 11:38:42.000,4.933094,4.933777602509109,0,0,0,0
2024-03-01 11:38:42.250,4.924124,4.919273722918942,0,0,0,0
2024-03-01 11:38:42.500,4.913874,4.91528851092944,0,0,0,0
2024-03-01 11:38:42.750,4.927969,4.934524279373481,0,0,0,0
2024-03-01 11:38:43.000,4.966408,4.9595157084680865,0,0,0,0
2024-03-01 11:38:43.250,4.94847,4.950723179570847,0,0,0,0
2024-03-01 11:38:43.500,4.897216,4.893321736809257,0,0,0,0
2024-03-01 11:38:43.750,4.810086,4.8191734790584775,0,0,0,0
2024-03-01 11:38:44.000,4.784459,4.774484368041261,0,0,0,0
2024-03-01 11:38:44.250,4.770365,4.777834971026865,0,0,0,0
2024-03-01 11:38:44.500,4.817774,4.813613770160752,0,0,0,0
2024-03-01 11:38:44.750,4.853651,4.854841969797091,1,0,0,0
2024-03-01 11:38:45.000,4.885684,4.885467333483271,0,0,0,0
2024-03-01 11:38:45.250,4.903623,4.903659780592593,0,0,0,0
2024-03-01 11:38:45.500,4.91003,4.910065709251103,0,0,0,0
2024-03-01 11:38:45.750,4.898498,4.902724589800293,0,0,0,0
2024-03-01 11:38:46.000,4.898498,4.8885753645978065,0,0,0,0
2024-03-01 11:38:46.250,4.884403,4.883471718764824,0,0,0,0
2024-03-01 11:38:46.500,4.848526,4.882943035991907,0,1,0,0
2024-03-01 11:38:46.750,4.916436,4.855216262174723,0,0,0,0
2024-03-01 11:38:47.000,4.73705,4.790057277865957,0,0,0,1
2024-03-01 11:38:47.250,4.748582,4.725251550569196,0,0,1,0
2024-03-01 11:38:47.500,4.696047,4.69314028232989,0,0,0,0
2024-03-01 11:38:47.750,4.647357,4.672171016616412,0,0,0,0
2024-03-01 11:38:48.000,4.665296,4.627295271774852,0,0,0,0
2024-03-01 11:38:48.250,4.551257,4.575381935239633,0,0,0,0
2024-03-01 11:38:48.500,4.561508,4.567935810973058,0,0,0,0
2024-03-01 11:38:48.750,4.635825,4.618282472029139,0,0,0,0
2024-03-01 11:38:49.000,4.685797,4.6905165854117135,0,0,0,0
2024-03-01 11:38:49.250,4.749863,4.750968800580987,0,0,0,0
2024-03-01 11:38:49.500,4.771646,4.781725448332085,0,0,0,0
2024-03-01 11:38:49.750,4.772927,4.76224033836634,0,0,0,0
2024-03-01 11:38:50.000,4.70758,4.695517488861034,0,0,0,0
2024-03-01 11:38:50.250,4.606354,4.63345783301772,0,0,0,0
2024-03-01 11:38:50.500,4.634543,4.62207822614397,0,0,0,0
2024-03-01 11:38:50.750,4.64992,4.642991601563153,0,0,0,0
2024-03-01 11:38:51.000,4.644794,4.652997808986257,0,0,0,0
2024-03-01 11:38:51.250,4.656326,4.651035070152659,0,0,0,0
2024-03-01 11:38:51.500,4.652482,4.66135938186578,0,0,0,0
2024-03-01 11:38:51.750,4.684515,4.677671263442194,0,0,0,0
2024-03-01 11:38:52.000,4.671702,4.672527857827941,0,0,0,0
2024-03-01 11:38:52.250,4.66017,4.650997036146315,0,0,0,0
2024-03-01 11:38:52.500,4.623012,4.648545872453877,0,0,0,0
2024-03-01 11:38:52.750,4.69861,4.674730981111935,0,0,0,0
2024-03-01 11:38:53.000,4.696047,4.7005355221075655,0,0,0,0
2024-03-01 11:38:53.250,4.69861,4.705185552089658,0,0,0,0
2024-03-01 11:38:53.500,4.69861,4.70244690816868,0,0,0,0
2024-03-01 11:38:53.750,4.742176,4.720563088115103,0,0,0,0
2024-03-01 11:38:54.000,4.749863,4.768867237210912,0,0,0,0
2024-03-01 11:38:54.250,4.801116,4.812673379220548,0,0,0,0
2024-03-01 11:38:54.500,4.829306,4.798054294821102,0,0,0,0
2024-03-01 11:38:54.750,4.725518,4.728846774145043,0,0,0,0
2024-03-01 11:38:55.000,4.639669,4.677299189414549,0,0,0,0
2024-03-01 11:38:55.250,4.721674,4.690967759187862,0,0,0,0
2024-03-01 11:38:55.500,4.763958,4.752686508841166,0,0,0,0
2024-03-01 11:38:55.750,4.821618,4.838881846296356,1,0,0,0
2024-03-01 11:38:56.000,4.901061,4.931332001227071,0,0,0,0
2024-03-01 11:38:56.250,5.052258,4.991387105269892,0,0,0,0
2024-03-01 11:38:56.500,4.993316,5.0155577483318075,0,0,0,0
2024-03-01 11:38:56.750,5.034319,5.067556280292812,0,0,0,0
2024-03-01 11:38:57.000,5.20858,5.174217023847141,0,0,0,0
2024-03-01 11:38:57.250,5.261115,5.267917827422929,0,0,0,0
2024-03-01 11:38:57.500,5.309805,5.2959019058543975,0,1,0,0
2024-03-01 11:38:57.750,5.249582,5.292179417807781,0,0,0,0
2024-03-01 11:38:58.000,5.332869,5.293077012259271,0,0,0,0
2024-03-01 11:38:58.250,5.267521,5.274813928308336,0,0,0,0
2024-03-01 11:38:58.500,5.199611,5.21387633088076,0,0,0,0
2024-03-01 11:38:58.750,5.149639,5.1392843126869145,0,0,0,0
2024-03-01 11:38:59.000,5.100948,5.095504489419354,0,0,0,1
2024-03-01 11:38:59.250,5.071477,5.085199737141911,0,0,0,0
2024-03-01 11:38:59.500,5.061227,5.062527885490727,0,0,0,0
2024-03-01 11:38:59.750,5.013818,4.984609061501117,0,0,1,0
2024-03-01 11:39:00.000,4.830587,4.865534669984123,0,0,0,0
2024-03-01 11:39:00.250,4.769083,4.762276994492777,0,0,0,0
2024-03-01 11:39:00.500,4.744738,4.71983272147083,0,0,0,0
2024-03-01 11:39:00.750,4.722955,4.750035896463487,0,0,0,0
2024-03-01 11:39:01.000,4.835712,4.832312616768384,0,0,0,0
2024-03-01 11:39:01.250,4.926687,4.914016825354677,0,0,0,0
2024-03-01 11:39:01.500,4.940782,4.943562082480903,0,0,0,0
2024-03-01 11:39:01.750,4.899779,4.915730730325993,0,0,0,0
2024-03-01 11:39:02.000,4.89081,4.870850145580408,0,0,0,0
2024-03-01 11:39:02.250,4.854932,4.863432180574275,0,0,0,0
2024-03-01 11:39:02.500,4.933094,4.932454159099688,0,0,0,0
2024-03-01 11:39:02.750,5.062508,5.067703314706183,1,0,0,0
2024-03-01 11:39:03.000,5.20858,5.203170428346392,0,0,0,0
2024-03-01 11:39:03.250,5.281616,5.2751267735450575,0,1,0,0
2024-03-01 11:39:03.500,5.271365,5.281794210590445,0,0,0,0
2024-03-01 11:39:03.750,5.261115,5.260857524899837,0,0,0,0
2024-03-01 11:39:04.000,5.231644,5.2318785188483385,0,0,0,1
2024-03-01 11:39:04.250,5.218831,5.19956566230311,0,0,1,0
2024-03-01 11:39:04.500,5.154764,5.187244578116581,0,0,0,0
2024-03-01 11:39:04.750,5.240613,5.215353238556455,0,0,0,0
2024-03-01 11:39:05.000,5.245739,5.26015666847311,0,0,0,0
2024-03-01 11:39:05.250,5.288023,5.277311988461041,0,0,0,0
2024-03-01 11:39:05.500,5.254708,5.258222576248292,0,0,0,0
2024-03-01 11:39:05.750,5.222674,5.230639054751939,0,0,0,0
2024-03-01 11:39:06.000,5.222674,5.212534365817413,0,0,0,0
2024-03-01 11:39:06.250,5.193204,5.195919432788813,0,0,0,0
2024-03-01 11:39:06.500,5.17014,5.171624124368271,0,0,0,0
2024-03-01 11:39:06.750,5.141951,5.141695133811765,0,0,0,0
2024-03-01 11:39:07.000,5.106073,5.10857810704411,0,0,0,0
2024-03-01 11:39:07.250,5.086854,5.0792149365382535,0,0,0,0
2024-03-01 11:39:07.500,5.076603,5.0824049778499765,0,0,0,0
2024-03-01 11:39:07.750,5.154764,5.1558272372665925,0,0,0,0
2024-03-01 11:39:08.000,5.307242,5.3045102789838925,0,0,0,0
2024-03-01 11:39:08.250,5.486629,5.486681119339382,1,0,0,0
2024-03-01 11:39:08.500,5.646359,5.648941117349254,0,0,0,0
2024-03-01 11:39:08.750,5.773211,5.7657796929529415,0,0,0,0
2024-03-01 11:39:09.000,5.827027,5.838763698504942,0,0,0,0
2024-03-01 11:39:09.250,5.878281,5.869693163558016,0,1,0,0
2024-03-01 11:39:09.500,5.851373,5.8540644380149605,0,0,0,0
2024-03-01 11:39:09.750,5.803963,5.800870834900298,0,0,0,0
2024-03-01 11:39:10.000,5.730927,5.735296775472232,0,0,0,1
2024-03-01 11:39:10.250,5.669424,5.671224151708729,0,0,1,0
2024-03-01 11:39:10.500,5.609201,5.603417950242656,0,0,0,0
2024-03-01 11:39:10.750,5.543853,5.541996036557307,0,0,0,0
2024-03-01 11:39:11.000,5.520789,5.528716147225582,0,0,0,0
2024-03-01 11:39:11.250,5.593825,5.5918928160180945,0,0,0,0
2024-03-01 11:39:11.500,5.705301,5.701621209460322,1,0,0,0
2024-03-01 11:39:11.750,5.794994,5.796583009737173,0,0,0,0
2024-03-01 11:39:12.000,5.846247,5.8453624470536605,0,0,0,0
2024-03-01 11:39:12.250,5.856498,5.859071430779208,0,1,0,0
2024-03-01 11:39:12.500,5.852654,5.852199247715922,0,0,0,0
2024-03-01 11:39:12.750,5.819339,5.818218371516091,0,0,0,1
2024-03-01 11:39:13.000,5.753992,5.750777258083286,0,0,1,0
2024-03-01 11:39:13.250,5.663017,5.67158135434595,0,0,0,0
2024-03-01 11:39:13.500,5.633546,5.623659206590694,0,0,0,0
2024-03-01 11:39:13.750,5.632265,5.638817500632119,0,0,0,0
2024-03-01 11:39:14.000,5.712989,5.713350766531134,0,0,0,0
2024-03-01 11:39:14.250,5.816777,5.811553844854391,0,0,0,0
2024-03-01 11:39:14.500,5.888531,5.8908681017317726,1,0,0,0
2024-03-01 11:39:14.750,5.920565,5.926186006626003,0,0,0,0
2024-03-01 11:39:15.000,5.930332,5.921263451708277,0,0,0,0
2024-03-01 11:39:15.250,5.905987,5.908940302619274,0,0,0,0
2024-03-01 11:39:15.500,5.92777,5.930696561481677,0,0,0,0
2024-03-01 11:39:15.750,5.996962,5.998610406285024,0,0,0,0
2024-03-01 11:39:16.000,6.09178,6.085027543912787,0,0,0,0
2024-03-01 11:39:16.250,6.15969,6.159581910287673,0,0,0,0
2024-03-01 11:39:16.500,6.208381,6.217790717161013,0,0,0,0
2024-03-01 11:39:16.750,6.269885,6.263088592027851,0,0,0,0
2024-03-01 11:39:17.000,6.289105,6.287041172401296,0,1,0,0
2024-03-01 11:39:17.250,6.278854,6.2821905244830925,0,0,0,0
2024-03-01 11:39:17.500,6.250665,6.252335680453087,0,0,0,0
2024-03-01 11:39:17.750,6.201974,6.200006978183953,0,0,0,0
2024-03-01 11:39:18.000,6.126376,6.124296254801639,0,0,0,0
2024-03-01 11:39:18.250,6.035401,6.036454909965368,0,0,0,1
2024-03-01 11:39:18.500,5.953396,5.9564891894407115,0,0,0,0
2024-03-01 11:39:18.750,5.890611,5.89041077053851,0,0,0,0
2024-03-01 11:39:19.000,5.836795,5.832448634457623,0,0,1,0
2024-03-01 11:39:19.250,5.791948,5.788350813712169,0,0,0,0
2024-03-01 11:39:19.500,5.749665,5.762007159437777,0,0,0,0
2024-03-01 11:39:19.750,5.715069,5.718983321149344,0,0,0,0
2024-03-01 11:39:20.000,5.647158,5.6173795645671145,0,0,0,0
2024-03-01 11:39:20.250,5.462646,5.485773062922959,0,0,0,0
2024-03-01 11:39:20.500,5.39858,5.4069290772222205,0,0,0,0
2024-03-01 11:39:20.750,5.427252,5.408494703223812,0,0,0,0
2024-03-01 11:39:21.000,5.429815,5.432852219364345,0,0,0,0
2024-03-01 11:39:21.250,5.418283,5.426953599232393,0,0,0,0
2024-03-01 11:39:21.500,5.410594,5.405070984925896,0,0,0,0
2024-03-01 11:39:21.750,5.418283,5.409610912833974,0,0,0,0
2024-03-01 11:39:22.000,5.420846,5.451622339781485,0,0,0,0
2024-03-01 11:39:22.250,5.556666,5.516724741191512,0,0,0,0
2024-03-01 11:39:22.500,5.596388,5.609862321881825,1,0,0,0
2024-03-01 11:39:22.750,5.718114,5.742753866528728,0,0,0,0
2024-03-01 11:39:23.000,5.897501,5.87062740531548,0,0,0,0
2024-03-01 11:39:23.250,5.910314,5.908199195206165,0,1,0,0
2024-03-01 11:39:23.500,5.814214,5.8326436206312895,0,0,0,0
2024-03-01 11:39:23.750,5.727083,5.7132732110200894,0,0,0,1
2024-03-01 11:39:24.000,5.614326,5.623821897767692,0,0,1,0
2024-03-01 11:39:24.250,5.582293,5.574676923010024,0,0,0,0
2024-03-01 11:39:24.500,5.538728,5.539873747599136,0,0,0,0
2024-03-01 11:39:24.750,5.502851,5.506511552011732,0,0,0,0
2024-03-01 11:39:25.000,5.479786,5.477782940494197,0,0,0,0
2024-03-01 11:39:25.250,5.451597,5.452241329201236,0,0,0,0
2024-03-01 11:39:25.500,5.427252,5.423791576096348,0,0,0,0
2024-03-01 11:39:25.750,5.390093,5.394744086243405,0,0,0,0
2024-03-01 11:39:26.000,5.373436,5.372942204164958,0,0,0,0
2024-03-01 11:39:26.250,5.363185,5.358842161759634,0,0,0,0
2024-03-01 11:39:26.500,5.340121,5.344228375200188,0,0,0,0
2024-03-01 11:39:26.750,5.320901,5.3220356640455915,0,0,0,0
2024-03-01 11:39:27.000,5.302963,5.298336631655771,0,0,0,0
2024-03-01 11:39:27.250,5.299119,5.300179339532461,0,0,0,0
2024-03-01 11:39:27.500,5.359342,5.362788756910055,0,0,0,0
2024-03-01 11:39:27.750,5.496444,5.494680894386469,1,0,0,0
2024-03-01 11:39:28.000,5.660454,5.659221880844129,0,0,0,0
2024-03-01 11:39:28.250,5.800119,5.801027434870405,0,0,0,0
2024-03-01 11:39:28.500,5.888531,5.887898291098797,0,0,0,0
2024-03-01 11:39:28.750,5.921846,5.923021545621355,0,0,0,0
2024-03-01 11:39:29.000,5.925207,5.924715365007418,0,1,0,0
2024-03-01 11:39:29.250,5.904706,5.904145399320175,0,0,0,0
2024-03-01 11:39:29.500,5.86114,5.861787982330859,0,0,0,0
2024-03-01 11:39:29.750,5.798355,5.7995710547824455,0,0,0,0
2024-03-01 11:39:30.000,5.738132,5.73377091260624,0,0,0,1
2024-03-01 11:39:30.250,5.688161,5.692233801410878,0,0,0,0
2024-03-01 11:39:30.500,5.692005,5.691977172558617,0,0,0,0
2024-03-01 11:39:30.750,5.721475,5.721074499138004,0,0,0,0
2024-03-01 11:39:31.000,5.75479,5.751716915650465,0,0,0,0
2024-03-01 11:39:31.250,5.766322,5.7677379921458405,0,0,0,0
2024-03-01 11:39:31.500,5.762478,5.767558747378212,0,0,0,0
2024-03-01 11:39:31.750,5.753509,5.749022785969249,0,0,0,0
2024-03-01 11:39:32.000,5.717631,5.71232873362997,0,0,0,0
2024-03-01 11:39:32.250,5.661253,5.671183765377209,0,0,0,0
2024-03-01 11:39:32.500,5.640751,5.638814331114301,0,0,0,0
2024-03-01 11:39:32.750,5.616406,5.610542772369093,0,0,0,0
2024-03-01 11:39:33.000,5.576685,5.579102032461174,0,0,1,0
2024-03-01 11:39:33.250,5.549777,5.553625297975926,0,0,0,0
2024-03-01 11:39:33.500,5.547215,5.544528124068687,0,0,0,0
2024-03-01 11:39:33.750,5.544652,5.543631874306456,0,0,0,0
2024-03-01 11:39:34.000,5.535682,5.535839748964182,0,0,0,0
2024-03-01 11:39:34.250,5.517744,5.519592769392632,0,0,0,0
2024-03-01 11:39:34.500,5.50493,5.504962604167692,0,0,0,0
2024-03-01 11:39:34.750,5.50493,5.501478139859454,0,0,0,0
2024-03-01 11:39:35.000,5.511337,5.515202149427494,0,0,0,0
2024-03-01 11:39:35.250,5.549777,5.548109447894436,0,0,0,0
2024-03-01 11:39:35.500,5.592061,5.591958429225999,0,0,0,0
2024-03-01 11:39:35.750,5.626657,5.6271827514938275,0,0,0,0
2024-03-01 11:39:36.000,5.634345,5.635303356087905,0,0,0,0
2024-03-01 11:39:36.250,5.618969,5.6152544201048995,0,0,0,0
2024-03-01 11:39:36.500,5.58181,5.584594195581269,0,0,0,0
2024-03-01 11:39:36.750,5.557465,5.560133451591196,0,0,0,0
2024-03-01 11:39:37.000,5.545933,5.54148942981566,0,0,0,0
2024-03-01 11:39:37.250,5.521588,5.520848958381926,0,0,0,0
2024-03-01 11:39:37.500,5.495961,5.500634874785414,0,0,0,0
2024-03-01 11:39:37.750,5.490836,5.48842853949135,0,0,0,0
2024-03-01 11:39:38.000,5.481866,5.4812810865489325,0,0,0,0
2024-03-01 11:39:38.250,5.469053,5.4691237428490345,0,0,0,0
2024-03-01 11:39:38.500,5.448552,5.4503361112312625,0,0,0,0
2024-03-01 11:39:38.750,5.43702,5.433205649547399,0,0,0,0
2024-03-01 11:39:39.000,5.416519,5.422688903292176,0,0,0,0
2024-03-01 11:39:39.250,5.419564,5.413770749100767,0,0,0,0
2024-03-01 11:39:39.500,5.399063,5.400543623475234,0,0,0,0
2024-03-01 11:39:39.750,5.383687,5.3854337175963884,0,0,0,0
2024-03-01 11:39:40.000,5.374717,5.374241611216898,0,0,0,0
2024-03-01 11:39:40.250,5.369592,5.368354040071299,0,0,0,0
2024-03-01 11:39:40.500,5.368311,5.3679723392483725,0,0,0,0
2024-03-01 11:39:40.750,5.373436,5.3745570218875445,0,0,0,0
2024-03-01 11:39:41.000,5.379843,5.382275355264097,0,0,0,0
2024-03-01 11:39:41.250,5.382405,5.378540240358168,0,0,0,0
2024-03-01 11:39:41.500,5.367029,5.36584056767092,0,0,0,0
2024-03-01 11:39:41.750,5.368311,5.372047898250431,0,0,0,0
2024-03-01 11:39:42.000,5.420846,5.421928626556196,0,0,0,0
2024-03-01 11:39:42.250,5.509257,5.505992870993728,0,0,0,0
2024-03-01 11:39:42.500,5.593825,5.593025432819057,1,0,0,0
2024-03-01 11:39:42.750,5.661736,5.662073982729205,0,0,0,0
2024-03-01 11:39:43.000,5.697613,5.7032347720828325,0,1,0,0
2024-03-01 11:39:43.250,5.706582,5.705048622651035,0,0,0,0
2024-03-01 11:39:43.500,5.6848,5.6733954731022935,0,0,0,0
2024-03-01 11:39:43.750,5.63739,5.64181598865191,0,0,0,1
2024-03-01 11:39:44.000,5.595106,5.616524961847728,0,0,1,0
2024-03-01 11:39:44.250,5.557948,5.546708844762605,0,0,0,0
2024-03-01 11:39:44.500,5.470817,5.424357899964743,0,0,0,0
2024-03-01 11:39:44.750,5.29015,5.360698724055131,0,0,0,0
2024-03-01 11:39:45.000,5.47338,5.452159952699278,0,0,0,0
2024-03-01 11:39:45.250,5.650204,5.625617288169457,1,0,0,0
2024-03-01 11:39:45.500,5.724521,5.737553422049595,0,0,0,0
2024-03-01 11:39:45.750,5.760398,5.7684376053912105,0,0,0,0
2024-03-01 11:39:46.000,5.807807,5.806545832801383,0,0,0,0
2024-03-01 11:39:46.250,5.901344,5.894445758877735,0,0,0,0
2024-03-01 11:39:46.500,5.991038,5.991753062545086,0,0,0,0
2024-03-01 11:39:46.750,6.055903,6.058388081238684,0,0,0,0
2024-03-01 11:39:47.000,6.095624,6.09782718255287,0,0,0,0
2024-03-01 11:39:47.250,6.127657,6.124484864751998,0,0,0,0
2024-03-01 11:39:47.500,6.137908,6.13800226987531,0,1,0,0
2024-03-01 11:39:47.750,6.137908,6.135507246268359,0,0,0,0
2024-03-01 11:39:48.000,6.111,6.120577580726666,0,0,0,0
2024-03-01 11:39:48.250,6.105875,6.094551038285126,0,0,0,0
2024-03-01 11:39:48.500,6.052059,6.0567511743562115,0,0,0,0
2024-03-01 11:39:48.750,6.012338,6.013603894936648,0,0,0,0
2024-03-01 11:39:49.000,5.973897,5.973848228097958,0,0,0,1
2024-03-01 11:39:49.250,5.941864,5.938532001548921,0,0,0,0
2024-03-01 11:39:49.500,5.903424,5.905833878100439,0,0,0,0
2024-03-01 11:39:49.750,5.877798,5.87838799281292,0,0,0,0
2024-03-01 11:39:50.000,5.858578,5.85795898363011,0,0,0,0
2024-03-01 11:39:50.250,5.84192,5.841013496302477,0,0,1,0
2024-03-01 11:39:50.500,5.825263,5.824994430227253,0,0,0,0
2024-03-01 11:39:50.750,5.808606,5.811036668319818,0,0,0,0
2024-03-01 11:39:51.000,5.798355,5.797788284619066,0,0,0,0
2024-03-01 11:39:51.250,5.785542,5.781855745561056,0,0,0,0
2024-03-01 11:39:51.500,5.762478,5.765938495014923,0,0,0,0
2024-03-01 11:39:51.750,5.75479,5.756206452620956,0,0,0,0
2024-03-01 11:39:52.000,5.75479,5.751206186254298,0,0,0,0
2024-03-01 11:39:52.250,5.743258,5.7439159280819725,0,0,0,0
2024-03-01 11:39:52.500,5.731726,5.733472234274005,0,0,0,0
2024-03-01 11:39:52.750,5.725319,5.724545286208473,0,0,0,0
2024-03-01 11:39:53.000,5.717631,5.717565257490073,0,0,0,0
2024-03-01 11:39:53.250,5.709943,5.709163101476872,0,0,0,0
2024-03-01 11:39:53.500,5.699693,5.69988218096229,0,0,0,0
2024-03-01 11:39:53.750,5.690723,5.693074185138294,0,0,0,0
2024-03-01 11:39:54.000,5.690723,5.688269662824274,0,0,0,0
2024-03-01 11:39:54.250,5.684317,5.682570270827507,0,0,0,0
2024-03-01 11:39:54.500,5.670222,5.675774329563961,0,0,0,0
2024-03-01 11:39:54.750,5.672785,5.668784329588315,0,0,0,0
2024-03-01 11:39:55.000,5.662534,5.661405550075718,0,0,0,0
2024-03-01 11:39:55.250,5.651002,5.6549270282526365,0,0,0,0
2024-03-01 11:39:55.500,5.653565,5.650761788360732,0,0,0,0
2024-03-01 11:39:55.750,5.644596,5.6460188694356495,0,0,0,0
2024-03-01 11:39:56.000,5.63947,5.638823029984046,0,0,0,0
2024-03-01 11:39:56.250,5.640751,5.638526178816872,0,0,0,0
2024-03-01 11:39:56.500,5.656127,5.661393743511367,0,0,0,0
2024-03-01 11:39:56.750,5.71635,5.712798511969939,0,0,0,0
2024-03-01 11:39:57.000,5.780416,5.778364458622272,0,0,0,0
2024-03-01 11:39:57.250,5.827826,5.8329367752099035,0,0,0,0
2024-03-01 11:39:57.500,5.858578,5.857862984866687,0,0,0,0
2024-03-01 11:39:57.750,5.866266,5.860277579918988,0,0,0,0
2024-03-01 11:39:58.000,5.876516,5.879895471871363,0,0,0,0
2024-03-01 11:39:58.250,5.953396,5.95978048359996,1,0,0,0
2024-03-01 11:39:58.500,6.109719,6.100680261998791,0,0,0,0
2024-03-01 11:39:58.750,6.253228,6.256066647024747,0,0,0,0
2024-03-01 11:39:59.000,6.372392,6.3751155981489775,0,0,0,0
2024-03-01 11:39:59.250,6.442865,6.440372518368258,0,0,0,0
2024-03-01 11:39:59.500,6.469154,6.464947714648353,0,1,0,0
2024-03-01 11:39:59.750,6.451216,6.4619360732386495,0,0,0,0
2024-03-01 11:40:00.000,6.429433,6.424397811580072,0,0,0,0
2024-03-01 11:40:00.250,6.353835,6.346069563246903,0,0,0,0
2024-03-01 11:40:00.500,6.246203,6.253025240203062,0,0,0,0
2024-03-01 11:40:00.750,6.177011,6.184325441045247,0,0,0,1
2024-03-01 11:40:01.000,6.153947,6.14304935540635,0,0,0,0
2024-03-01 11:40:01.250,6.101412,6.101189154399367,0,0,0,0
2024-03-01 11:40:01.500,6.043753,6.0498432955174355,0,0,0,0
2024-03-01 11:40:01.750,6.009157,6.008012459498475,0,0,0,0
2024-03-01 11:40:02.000,5.986093,5.984932309801419,0,0,0,0
2024-03-01 11:40:02.250,5.970716,5.968059913573153,0,0,0,0
2024-03-01 11:40:02.500,5.94509,5.948858947758924,0,0,1,0
2024-03-01 11:40:02.750,5.934839,5.9338764908309845,0,0,0,0
2024-03-01 11:40:03.000,5.927152,5.927080646756361,0,0,0,0
2024-03-01 11:40:03.250,5.920082,5.9202212862551695,0,0,0,0
2024-03-01 11:40:03.500,5.909831,5.906535577740202,0,0,0,0
2024-03-01 11:40:03.750,5.882923,5.891808587139689,0,0,0,0
2024-03-01 11:40:04.000,5.898299,5.88212970327787,0,0,0,0
2024-03-01 11:40:04.250,5.839358,5.862922865386152,0,0,0,0
2024-03-01 11:40:04.500,5.825263,5.802264309468519,0,0,0,0
2024-03-01 11:40:04.750,5.674066,5.687703663433797,0,0,0,0
2024-03-01 11:40:05.000,5.563871,5.555195781948569,0,0,0,0
2024-03-01 11:40:05.250,5.453677,5.465634620656557,0,0,0,0
2024-03-01 11:40:05.500,5.46649,5.454866673123142,0,0,0,0
2024-03-01 11:40:05.750,5.5139,5.517444863298704,0,0,0,0
2024-03-01 11:40:06.000,5.622813,5.624917047755743,1,0,0,0
2024-03-01 11:40:06.250,5.738132,5.739870940144817,0,0,0,0
2024-03-01 11:40:06.500,5.832951,5.824690340190819,0,0,0,0
2024-03-01 11:40:06.750,5.852171,5.859716703218513,0,0,0,0
2024-03-01 11:40:07.000,5.853452,5.852593002358565,0,0,0,0
2024-03-01 11:40:07.250,5.827826,5.824401206724211,0,0,0,0
2024-03-01 11:40:07.500,5.790667,5.791489610318979,0,0,0,0
2024-03-01 11:40:07.750,5.753509,5.759071299072641,0,0,0,0
2024-03-01 11:40:08.000,5.731726,5.725755672870484,0,0,0,0
2024-03-01 11:40:08.250,5.698411,5.691722025008043,0,0,0,0
2024-03-01 11:40:08.500,5.635626,5.657107531067349,0,0,0,0
2024-03-01 11:40:08.750,5.634345,5.620548873193514,0,0,0,0
2024-03-01 11:40:09.000,5.616406,5.599674937890382,0,0,0,0
2024-03-01 11:40:09.250,5.599749,5.627968719260458,0,0,0,0
2024-03-01 11:40:09.500,5.686879,5.688657113662337,0,0,0,0
2024-03-01 11:40:09.750,5.722757,5.69693073786334,0,1,0,0
2024-03-01 11:40:10.000,5.606155,5.6131131223716055,0,0,0,0
2024-03-01 11:40:10.250,5.50493,5.512456017168008,0,0,0,1
2024-03-01 11:40:10.500,5.444708,5.462882825233484,0,0,0,0
2024-03-01 11:40:10.750,5.43702,5.409498356375704,0,0,0,0
2024-03-01 11:40:11.000,5.294792,5.274842207014332,0,0,1,0
2024-03-01 11:40:11.250,5.028758,5.094624940285781,0,0,0,0
2024-03-01 11:40:11.500,5.009538,4.953702397187528,0,0,0,0
2024-03-01 11:40:11.750,4.83784,4.856320007131225,0,0,0,0
2024-03-01 11:40:12.000,4.744738,4.749020658836717,0,0,0,0
2024-03-01 11:40:12.250,4.634543,4.624214484633205,0,0,0,0
2024-03-01 11:40:12.500,4.529474,4.535126127810042,0,0,0,0
2024-03-01 11:40:12.750,4.519224,4.526125246706874,0,0,0,0
2024-03-01 11:40:13.000,4.598666,4.583891974483376,0,0,0,0
2024-03-01 11:40:13.250,4.646076,4.657964027923068,0,0,0,0
2024-03-01 11:40:13.500,4.715268,4.708703923146867,0,0,0,0
2024-03-01 11:40:13.750,4.721674,4.72312137181192,0,0,0,0
2024-03-01 11:40:14.000,4.694766,4.704017700533484,0,0,0,0
2024-03-01 11:40:14.250,4.693485,4.675756242225729,0,0,0,0
2024-03-01 11:40:14.500,4.688359,4.693308851437081,0,0,0,0
2024-03-01 11:40:14.750,4.781897,4.803267662292316,0,0,0,0
2024-03-01 11:40:15.000,5.01638,4.989966299822118,0,0,0,0
2024-03-01 11:40:15.250,5.191923,5.195266561357244,0,0,0,0
2024-03-01 11:40:15.500,5.368746,5.3838244663005,0,0,0,0
2024-03-01 11:40:15.750,5.559665,5.549020267402616,1,0,0,0
2024-03-01 11:40:16.000,5.67583,5.676236415265873,0,0,0,0
2024-03-01 11:40:16.250,5.750147,5.752795431309012,0,0,0,0
2024-03-01 11:40:16.500,5.81037,5.804356985064214,0,0,0,0
2024-03-01 11:40:16.750,5.86803,5.8769243248694085,0,0,0,0
2024-03-01 11:40:17.000,5.980787,5.979209493354869,0,0,0,0
2024-03-01 11:40:17.250,6.080248,6.073297163395239,0,0,0,0
2024-03-01 11:40:17.500,6.127657,6.131098637823857,0,0,0,0
2024-03-01 11:40:17.750,6.169941,6.1734113400198325,0,0,0,0
2024-03-01 11:40:18.000,6.240415,6.236523109027405,0,0,0,0
2024-03-01 11:40:18.250,6.317294,6.320571014125564,0,0,0,0
2024-03-01 11:40:18.500,6.395455,6.392549000562158,0,0,0,0
2024-03-01 11:40:18.750,6.432614,6.430801903159866,0,1,0,0
2024-03-01 11:40:19.000,6.439684,6.444395499918317,0,0,0,0
2024-03-01 11:40:19.250,6.446091,6.446714538783737,0,0,0,0
2024-03-01 11:40:19.500,6.437121,6.4310022723448235,0,0,0,0
2024-03-01 11:40:19.750,6.380743,6.384717957329109,0,0,0,0
2024-03-01 11:40:20.000,6.312832,6.313871755294854,0,0,0,0
2024-03-01 11:40:20.250,6.242359,6.238552677321544,0,0,0,0
2024-03-01 11:40:20.500,6.16676,6.1726192893313385,0,0,0,1
2024-03-01 11:40:20.750,6.125758,6.119410032854581,0,0,0,0
2024-03-01 11:40:21.000,6.07963,6.080540902509331,0,0,0,0
2024-03-01 11:40:21.250,6.047596,6.055016823564838,0,0,0,0
2024-03-01 11:40:21.500,6.04119,6.032948555944255,0,0,0,0
2024-03-01 11:40:21.750,6.005312,6.005569218031568,0,0,1,0
2024-03-01 11:40:22.000,5.974561,5.979007901335316,0,0,0,0
2024-03-01 11:40:22.250,5.963029,5.962628648327677,0,0,0,0
2024-03-01 11:40:22.500,5.952778,5.950280286920657,0,0,0,0
2024-03-01 11:40:22.750,5.932277,5.93101899194523,0,0,0,0
2024-03-01 11:40:23.000,5.90665,5.9098654038010014,0,0,0,0
2024-03-01 11:40:23.250,5.898299,5.898568414147452,0,0,0,0
2024-03-01 11:40:23.500,5.894455,5.893997315792879,0,0,0,0
2024-03-01 11:40:23.750,5.890611,5.885880096498701,0,0,0,0
2024-03-01 11:40:24.000,5.873954,5.879598456615553,0,0,0,0
2024-03-01 11:40:24.250,5.88933,5.889352384920571,0,0,0,0
2024-03-01 11:40:24.500,5.913675,5.90843501591431,0,0,0,0
2024-03-01 11:40:24.750,5.898299,5.9058228792410095,0,0,0,0
2024-03-01 11:40:25.000,5.867547,5.864185845308982,0,0,0,0
2024-03-01 11:40:25.250,5.822701,5.812491320700663,0,0,0,0
2024-03-01 11:40:25.500,5.779135,5.792885116318445,0,0,0,0
2024-03-01 11:40:25.750,5.775291,5.783316599236057,0,0,0,0
2024-03-01 11:40:26.000,5.720194,5.697471669238601,0,0,0,0
2024-03-01 11:40:26.250,5.499805,5.502284268675128,0,0,0,0
2024-03-01 11:40:26.500,5.271728,5.290188934462227,0,0,0,0
2024-03-01 11:40:26.750,5.191487,5.181772671712822,0,0,0,0
2024-03-01 11:40:27.000,5.201738,5.199678386130229,0,0,0,0
2024-03-01 11:40:27.250,5.291431,5.287551285471788,0,0,0,0
2024-03-01 11:40:27.500,5.395219,5.401456920998484,0,0,0,0
2024-03-01 11:40:27.750,5.515664,5.5207273647526645,0,0,0,0
2024-03-01 11:40:28.000,5.615608,5.608526348745364,0,0,0,0
2024-03-01 11:40:28.250,5.641234,5.633983227266003,0,0,0,0
2024-03-01 11:40:28.500,5.611763,5.6248925191271795,0,0,0,0
2024-03-01 11:40:28.750,5.647641,5.646619438942485,0,0,0,0
2024-03-01 11:40:29.000,5.739897,5.729970378175674,1,0,0,0
2024-03-01 11:40:29.250,5.841122,5.850500802443842,0,0,0,0
2024-03-01 11:40:29.500,5.973099,5.966736386309891,0,0,0,0
2024-03-01 11:40:29.750,6.043089,6.051462577397757,0,0,0,0
2024-03-01 11:40:30.000,6.108438,6.09707982671954,0,0,0,0
2024-03-01 11:40:30.250,6.104593,6.111759644138286,0,0,0,0
2024-03-01 11:40:30.500,6.103312,6.105691202114476,0,1,0,0
2024-03-01 11:40:30.750,6.082811,6.076930638914935,0,0,0,0
2024-03-01 11:40:31.000,6.021307,6.0229832755742025,0,0,0,0
2024-03-01 11:40:31.250,5.963647,5.9636775511207905,0,0,0,0
2024-03-01 11:40:31.500,5.929051,5.930793601452024,0,0,0,0
2024-03-01 11:40:31.750,5.930332,5.930894731302705,0,0,0,0
2024-03-01 11:40:32.000,5.940583,5.936377883224381,0,0,0,0
2024-03-01 11:40:32.250,5.916238,5.919367911312517,0,0,0,0
2024-03-01 11:40:32.500,5.881642,5.879974249883585,0,0,0,0
2024-03-01 11:40:32.750,5.83167,5.833963721763138,0,0,0,0
2024-03-01 11:40:33.000,5.786823,5.788465061322202,0,0,0,0
2024-03-01 11:40:33.250,5.753509,5.74526397115939,0,0,0,0
2024-03-01 11:40:33.500,5.709943,5.712845459392774,0,0,0,0
2024-03-01 11:40:33.750,5.672785,5.687542536064299,0,0,0,0
2024-03-01 11:40:34.000,5.656127,5.632569964483498,0,0,0,0
2024-03-01 11:40:34.250,5.495961,5.511787388361993,0,0,0,1
2024-03-01 11:40:34.500,5.351171,5.344330370062651,0,0,1,0
2024-03-01 11:40:34.750,5.192769,5.19483118713714,0,0,0,0
2024-03-01 11:40:35.000,5.101794,5.105063700081088,0,0,0,0
2024-03-01 11:40:35.250,5.060791,5.0579875938608065,0,0,0,0
2024-03-01 11:40:35.500,5.02107,5.0164155284132095,0,0,0,0
2024-03-01 11:40:35.750,4.969817,4.9751268620974365,0,0,0,0
2024-03-01 11:40:36.000,4.951878,4.953044372516159,0,0,0,0
2024-03-01 11:40:36.250,4.949316,4.949171162813256,0,0,0,0
2024-03-01 11:40:36.500,4.946753,4.94274060828967,0,0,0,0
2024-03-01 11:40:36.750,4.940346,4.934225779168464,0,0,0,0
2024-03-01 11:40:37.000,4.922408,4.943083396107012,0,0,0,0
2024-03-01 11:40:37.250,4.972815,4.958882053765947,0,0,0,0
2024-03-01 11:40:37.500,4.94847,4.942357369861028,0,0,0,0
2024-03-01 11:40:37.750,4.877996,4.887329031892237,0,0,0,0
2024-03-01 11:40:38.000,4.831869,4.835406011773371,0,0,0,0
2024-03-01 11:40:38.250,4.825462,4.817324363870659,0,0,0,0
2024-03-01 11:40:38.500,4.819055,4.819712080787589,0,0,0,0
2024-03-01 11:40:38.750,4.812649,4.816541794549978,0,0,0,0
2024-03-01 11:40:39.000,4.801116,4.801758161595707,0,0,0,0
2024-03-01 11:40:39.250,4.793428,4.787566834905863,0,0,0,0
2024-03-01 11:40:39.500,4.785741,4.78582462067342,0,0,0,0
2024-03-01 11:40:39.750,4.774209,4.786297283866645,0,0,0,0
2024-03-01 11:40:40.000,4.763958,4.759452535618829,0,0,0,0
2024-03-01 11:40:40.250,4.73705,4.704798997053475,0,0,0,0
2024-03-01 11:40:40.500,4.614042,4.679816450065939,0,0,0,0
2024-03-01 11:40:40.750,4.810086,4.7439835399233505,0,0,0,0
2024-03-01 11:40:41.000,4.845963,4.886953864384093,1,0,0,0
2024-03-01 11:40:41.250,5.048413,5.037256805230965,0,0,0,0
2024-03-01 11:40:41.500,5.138107,5.130228674629004,0,0,0,0
2024-03-01 11:40:41.750,5.149639,5.157108457534578,0,0,0,0
2024-03-01 11:40:42.000,5.152201,5.15411196603616,0,0,0,0
2024-03-01 11:40:42.250,5.154764,5.1520927079568875,0,0,0,0
2024-03-01 11:40:42.500,5.154764,5.151633074136527,0,0,0,0
2024-03-01 11:40:42.750,5.143232,5.146672063396117,0,0,0,0
2024-03-01 11:40:43.000,5.144513,5.145410547649823,0,0,0,0
2024-03-01 11:40:43.250,5.158608,5.156343551727354,0,0,0,0
2024-03-01 11:40:43.500,5.171422,5.171202252606512,0,0,0,0
2024-03-01 11:40:43.750,5.17014,5.17409733357835,0,0,0,0
2024-03-01 11:40:44.000,5.168859,5.163985549671072,0,0,0,0
2024-03-01 11:40:44.250,5.162452,5.160083555843126,0,0,0,0
2024-03-01 11:40:44.500,5.166296,5.176306518422505,0,0,0,0
2024-03-01 11:40:44.750,5.195766,5.196898574145805,0,1,0,0
2024-03-01 11:40:45.000,5.226519,5.199060386562614,0,0,0,0
2024-03-01 11:40:45.250,5.153482,5.190575122977375,0,0,0,0
2024-03-01 11:40:45.500,5.209861,5.192940743274782,0,0,0,0
2024-03-01 11:40:45.750,5.20858,5.2025054692411405,0,0,0,0
2024-03-01 11:40:46.000,5.197048,5.203252563421712,0,0,0,0
2024-03-01 11:40:46.250,5.18936,5.196980620906011,0,0,0,0
2024-03-01 11:40:46.500,5.206017,5.192548352781476,0,0,0,0
2024-03-01 11:40:46.750,5.180391,5.187920250239402,0,0,0,0
2024-03-01 11:40:47.000,5.180391,5.17980448434218,0,0,0,0
2024-03-01 11:40:47.250,5.173984,5.172616268146506,0,0,0,0
2024-03-01 11:40:47.500,5.17014,5.171102724632669,0,0,0,0
2024-03-01 11:40:47.750,5.176547,5.175604620530109,0,0,0,0
2024-03-01 11:40:48.000,5.184235,5.184855865029431,0,0,0,0
2024-03-01 11:40:48.250,5.195766,5.196195227292142,0,0,0,0
2024-03-01 11:40:48.500,5.204736,5.204307640526438,0,0,0,0
2024-03-01 11:40:48.750,5.206017,5.204891440370763,0,0,0,0
2024-03-01 11:40:49.000,5.197048,5.198771239142578,0,0,0,0
2024-03-01 11:40:49.250,5.18936,5.18914611617902,0,0,0,0
2024-03-01 11:40:49.500,5.177828,5.177061521700236,0,0,0,1
2024-03-01 11:40:49.750,5.163733,5.163139936323793,0,0,0,0
2024-03-01 11:40:50.000,5.148357,5.1502448526431035,0,0,0,0
2024-03-01 11:40:50.250,5.140669,5.139915592728791,0,0,0,0
2024-03-01 11:40:50.500,5.130419,5.129510770457812,0,0,1,0
2024-03-01 11:40:50.750,5.116324,5.116864667544913,0,0,0,0
2024-03-01 11:40:51.000,5.103511,5.104289395414741,0,0,0,0
2024-03-01 11:40:51.250,5.095823,5.094521984481829,0,0,0,0
2024-03-01 11:40:51.500,5.084291,5.086130100633198,0,0,0,0
2024-03-01 11:40:51.750,5.079165,5.076390173634801,0,0,0,0
2024-03-01 11:40:52.000,5.063789,5.065903077776648,0,0,0,0
2024-03-01 11:40:52.250,5.056101,5.056733940511058,0,0,0,0
2024-03-01 11:40:52.500,5.050976,5.048439435859412,0,0,0,0
2024-03-01 11:40:52.750,5.038163,5.039799778218096,0,0,0,0
2024-03-01 11:40:53.000,5.031756,5.03192663842678,0,0,0,0
2024-03-01 11:40:53.250,5.026631,5.025745527862992,0,0,0,0
2024-03-01 11:40:53.500,5.017662,5.019219835511918,0,0,0,0
2024-03-01 11:40:53.750,5.013818,5.010944736624957,0,0,0,0
2024-03-01 11:40:54.000,5.001004,5.003469133951429,0,0,0,0
2024-03-01 11:40:54.250,4.998442,4.998947193473858,0,0,0,0
2024-03-01 11:40:54.500,4.99716,4.994960451716367,0,0,0,0
2024-03-01 11:40:54.750,4.989472,4.989453960603,0,0,0,0
2024-03-01 11:40:55.000,4.983066,4.9859369425810804,0,0,0,0
2024-03-01 11:40:55.250,4.992035,4.989154406584062,0,0,0,0
2024-03-01 11:40:55.500,4.998442,5.000814401431993,0,0,0,0
2024-03-01 11:40:55.750,5.027912,5.023608219543199,0,0,0,0
2024-03-01 11:40:56.000,5.056101,5.061151497218758,0,0,0,0
2024-03-01 11:40:56.250,5.108636,5.107911301548137,0,0,0,0
2024-03-01 11:40:56.500,5.152201,5.148991633648571,0,0,0,0
2024-03-01 11:40:56.750,5.177828,5.178366843671372,0,0,0,0
2024-03-01 11:40:57.000,5.204736,5.208123269849963,0,0,0,0
2024-03-01 11:40:57.250,5.253427,5.252271715038176,0,0,0,0
2024-03-01 11:40:57.500,5.31493,5.311864765243703,0,0,0,0
2024-03-01 11:40:57.750,5.378997,5.380264759043789,0,0,0,0
2024-03-01 11:40:58.000,5.444345,5.447729444299977,0,0,0,0
2024-03-01 11:40:58.250,5.499007,5.4975322697549265,0,0,0,0
2024-03-01 11:40:58.500,5.523352,5.519271303093847,0,0,0,0
2024-03-01 11:40:58.750,5.532321,5.534685949056611,0,0,0,0
2024-03-01 11:40:59.000,5.586137,5.589569215700279,1,0,0,0
2024-03-01 11:40:59.250,5.710426,5.707257075305797,0,0,0,0
2024-03-01 11:40:59.500,5.862905,5.86264303817983,0,0,0,0
2024-03-01 11:40:59.750,6.007695,6.008952145293195,0,0,0,0
2024-03-01 11:41:00.000,6.119969,6.117097901017478,0,0,0,0
2024-03-01 11:41:00.250,6.176348,6.181877317044657,0,0,0,0
2024-03-01 11:41:00.500,6.208381,6.204126256220846,0,1,0,0
2024-03-01 11:41:00.750,6.184036,6.183784394606964,0,0,0,0
2024-03-01 11:41:01.000,6.126376,6.128264969857356,0,0,0,0
2024-03-01 11:41:01.250,6.05334,6.053928614363657,0,0,0,0
2024-03-01 11:41:01.500,5.979023,5.976379641865608,0,0,0,0
2024-03-01 11:41:01.750,5.903424,5.905189652786433,0,0,0,1
2024-03-01 11:41:02.000,5.845765,5.845488062546867,0,0,0,0
2024-03-01 11:41:02.250,5.797074,5.797653350484223,0,0,0,0
2024-03-01 11:41:02.500,5.758634,5.757332405868341,0,0,0,0
2024-03-01 11:41:02.750,5.720194,5.720499894602049,0,0,0,0
2024-03-01 11:41:03.000,5.685598,5.686673315311486,0,0,0,0
2024-03-01 11:41:03.250,5.656127,5.6556610248632015,0,0,1,0
2024-03-01 11:41:03.500,5.626657,5.625653367316706,0,0,0,0
2024-03-01 11:41:03.750,5.595905,5.596467715342309,0,0,0,0
2024-03-01 11:41:04.000,5.568997,5.570067216467787,0,0,0,0
2024-03-01 11:41:04.250,5.547215,5.54662133064963,0,0,0,0
2024-03-01 11:41:04.500,5.526713,5.524727492142654,0,0,0,0
2024-03-01 11:41:04.750,5.502367,5.505153577077118,0,0,0,0
2024-03-01 11:41:05.000,5.489554,5.488944467081423,0,0,0,0
2024-03-01 11:41:05.250,5.474178,5.473659141918837,0,0,0,0
2024-03-01 11:41:05.500,5.458802,5.457121543319664,0,0,0,0
2024-03-01 11:41:05.750,5.438301,5.441050657342403,0,0,0,0
2024-03-01 11:41:06.000,5.424207,5.425573094887702,0,0,0,0
2024-03-01 11:41:06.250,5.413157,5.4069361712851975,0,0,0,0
2024-03-01 11:41:06.500,5.381124,5.386423240345419,0,0,0,0
2024-03-01 11:41:06.750,5.373436,5.372722139241696,0,0,0,0
2024-03-01 11:41:07.000,5.370873,5.369387448157175,0,0,0,0
2024-03-01 11:41:07.250,5.367029,5.368555063762484,0,0,0,0
2024-03-01 11:41:07.500,5.364467,5.362374927244425,0,0,0,0
2024-03-01 11:41:07.750,5.351654,5.353098514403706,0,0,0,0
2024-03-01 11:41:08.000,5.345247,5.346776841594408,0,0,0,0
2024-03-01 11:41:08.250,5.346528,5.343352563269716,0,0,0,0
2024-03-01 11:41:08.500,5.337559,5.339078239500482,0,0,0,0
2024-03-01 11:41:08.750,5.333715,5.3339517955972715,0,0,0,0
2024-03-01 11:41:09.000,5.329871,5.329997971376861,0,0,0,0
2024-03-01 11:41:09.250,5.326027,5.325450827330007,0,0,0,0
2024-03-01 11:41:09.500,5.317058,5.316961044526244,0,0,0,0
2024-03-01 11:41:09.750,5.305525,5.305425356994984,0,0,0,0
2024-03-01 11:41:10.000,5.292712,5.294355709276854,0,0,0,0
2024-03-01 11:41:10.250,5.286305,5.284346751046483,0,0,0,0
2024-03-01 11:41:10.500,5.273492,5.2739990853583345,0,0,0,0
2024-03-01 11:41:10.750,5.264523,5.264095020211903,0,0,0,0
2024-03-01 11:41:11.000,5.252991,5.255709742475025,0,0,0,0
2024-03-01 11:41:11.250,5.250428,5.247188537623138,0,0,0,0
2024-03-01 11:41:11.500,5.238896,5.238305331337563,0,0,0,0
2024-03-01 11:41:11.750,5.228646,5.232543645422275,0,0,0,0
2024-03-01 11:41:12.000,5.231208,5.229947649986118,0,0,0,0
2024-03-01 11:41:12.250,5.228646,5.225030477576736,0,0,0,0
2024-03-01 11:41:12.500,5.21327,5.216495732100166,0,0,0,0
2024-03-01 11:41:12.750,5.208144,5.209652874632258,0,0,0,0
2024-03-01 11:41:13.000,5.209426,5.205801482240193,0,0,0,0
2024-03-01 11:41:13.250,5.197894,5.19967847047828,0,0,0,0
2024-03-01 11:41:13.500,5.190206,5.190174719313947,0,0,0,0
2024-03-01 11:41:13.750,5.185081,5.184512084779048,0,0,0,0
2024-03-01 11:41:14.000,5.187643,5.189147453605053,0,0,0,0
2024-03-01 11:41:14.250,5.2043,5.202118725426963,0,0,0,0
2024-03-01 11:41:14.500,5.214551,5.215866212256446,0,0,0,0
2024-03-01 11:41:14.750,5.22352,5.224242705487487,0,0,0,0
2024-03-01 11:41:15.000,5.228646,5.226193681434912,0,0,0,0
2024-03-01 11:41:15.250,5.222239,5.224697122171189,0,0,0,0
2024-03-01 11:41:15.500,5.22352,5.222072641615611,0,0,0,0
2024-03-01 11:41:15.750,5.214551,5.216384798348459,0,0,0,0
2024-03-01 11:41:16.000,5.208144,5.205160437533382,0,0,0,0
2024-03-01 11:41:16.250,5.190206,5.191552615183271,0,0,0,0
2024-03-01 11:41:16.500,5.178674,5.181030043538412,0,0,0,0
2024-03-01 11:41:16.750,5.176111,5.173031264195446,0,0,0,0
2024-03-01 11:41:17.000,5.163298,5.164024506915612,0,0,0,0
2024-03-01 11:41:17.250,5.158173,5.157830063770446,0,0,0,0
2024-03-01 11:41:17.500,5.160735,5.162323366123609,0,0,0,0
2024-03-01 11:41:17.750,5.17483,5.175325197266115,0,0,0,0
2024-03-01 11:41:18.000,5.188924,5.18501460783699,0,0,0,0
2024-03-01 11:41:18.250,5.183799,5.185909499961581,0,0,0,0
2024-03-01 11:41:18.500,5.179955,5.183110614735873,0,0,0,0
2024-03-01 11:41:18.750,5.183799,5.179574142679599,0,0,0,0
2024-03-01 11:41:19.000,5.170986,5.1714434804294624,0,0,0,0
2024-03-01 11:41:19.250,5.15561,5.157481920438779,0,0,0,0
2024-03-01 11:41:19.500,5.142797,5.142542130904534,0,0,0,0
2024-03-01 11:41:19.750,5.132546,5.131136043951761,0,0,0,0
2024-03-01 11:41:20.000,5.124858,5.124425884169086,0,0,0,0
2024-03-01 11:41:20.250,5.11717,5.121311343645653,0,0,0,0
2024-03-01 11:41:20.500,5.123577,5.11831901318718,0,0,0,0
2024-03-01 11:41:20.750,5.109482,5.1119538863329,0,0,0,0
2024-03-01 11:41:21.000,5.101794,5.102704593166388,0,0,0,0
2024-03-01 11:41:21.250,5.095387,5.093590476394892,0,0,0,0
2024-03-01 11:41:21.500,5.085136,5.085751080599452,0,0,0,0
2024-03-01 11:41:21.750,5.077448,5.0778699516098,0,0,0,0
2024-03-01 11:41:22.000,5.068479,5.0685344681579005,0,0,0,0
2024-03-01 11:41:22.250,5.05951,5.058456846316151,0,0,0,0
2024-03-01 11:41:22.500,5.05054,5.050400127771037,0,0,0,0
2024-03-01 11:41:22.750,5.041571,5.045144965071933,0,0,0,0
2024-03-01 11:41:23.000,5.044134,5.039497801406837,0,0,0,0
2024-03-01 11:41:23.250,5.031321,5.032094614386016,0,0,0,0
2024-03-01 11:41:23.500,5.023633,5.026546927615256,0,0,0,0
2024-03-01 11:41:23.750,5.024914,5.023661593694177,0,0,0,0
2024-03-01 11:41:24.000,5.019789,5.018019882547293,0,0,0,0
2024-03-01 11:41:24.250,5.008257,5.008037001211642,0,0,0,0
2024-03-01 11:41:24.500,4.995443,4.999780288445327,0,0,0,0
2024-03-01 11:41:24.750,4.999288,4.995493739601215,0,0,0,0
2024-03-01 11:41:25.000,4.989037,4.989436870586258,0,0,0,0
2024-03-01 11:41:25.250,4.980067,4.9796589685279455,0,0,0,0
2024-03-01 11:41:25.500,4.969817,4.97202179347237,0,0,0,0
2024-03-01 11:41:25.750,4.968535,4.968493981512226,0,0,0,0
2024-03-01 11:41:26.000,4.967254,4.963505382719053,0,0,0,0
2024-03-01 11:41:26.250,4.953159,4.955454010655727,0,0,0,0
2024-03-01 11:41:26.500,4.946753,4.949722075939952,0,0,0,0
2024-03-01 11:41:26.750,4.951878,4.947384137400015,0,0,0,0
2024-03-01 11:41:27.000,4.941628,4.942772495534856,0,0,0,0
2024-03-01 11:41:27.250,4.932658,4.934658456028242,0,0,0,0
2024-03-01 11:41:27.500,4.932658,4.929400799621436,0,0,0,0
2024-03-01 11:41:27.750,4.926251,4.9303443333354755,0,0,0,0
2024-03-01 11:41:28.000,4.935657,4.931816914122036,0,0,0,0
2024-03-01 11:41:28.250,4.925406,4.927823386773529,0,0,0,0
2024-03-01 11:41:28.500,4.925406,4.923405980166431,0,0,0,0
2024-03-01 11:41:28.750,4.930531,4.932862430667058,0,0,0,0
2024-03-01 11:41:29.000,4.96769,4.966155681862192,0,0,0,0
2024-03-01 11:41:29.250,5.018943,5.0190295777537175,1,0,0,0
2024-03-01 11:41:29.500,5.075322,5.076017901169878,0,0,0,0
2024-03-01 11:41:29.750,5.121449,5.12132751320748,0,0,0,0
2024-03-01 11:41:30.000,5.149639,5.148098678107792,0,0,0,0
2024-03-01 11:41:30.250,5.157327,5.159395241979138,0,1,0,0
2024-03-01 11:41:30.500,5.16117,5.160790858782512,0,0,0,0
2024-03-01 11:41:30.750,5.154764,5.153807192289327,0,0,0,0
2024-03-01 11:41:31.000,5.138107,5.13799907192542,0,0,0,0
2024-03-01 11:41:31.250,5.113761,5.115678729795934,0,0,0,0
2024-03-01 11:41:31.500,5.09326,5.090957983124232,0,0,0,1
2024-03-01 11:41:31.750,5.065071,5.066681816837483,0,0,0,0
2024-03-01 11:41:32.000,5.045851,5.04480071372384,0,0,1,0
2024-03-01 11:41:32.250,5.026631,5.027065416754683,0,0,0,0
2024-03-01 11:41:32.500,5.012536,5.01299732434187,0,0,0,0
2024-03-01 11:41:32.750,4.999723,4.999526025669415,0,0,0,0
2024-03-01 11:41:33.000,4.986909,4.985231358354798,0,0,0,0
2024-03-01 11:41:33.250,4.970253,4.972642507183021,0,0,0,0
2024-03-01 11:41:33.500,4.963846,4.963492294742907,0,0,0,0
2024-03-01 11:41:33.750,4.956158,4.955218016047691,0,0,0,0
2024-03-01 11:41:34.000,4.947188,4.9454613670664,0,0,0,0
2024-03-01 11:41:34.250,4.930531,4.934931912354741,0,0,0,0
2024-03-01 11:41:34.500,4.925406,4.924608731860968,0,0,0,0
2024-03-01 11:41:34.750,4.926687,4.921052103934772,0,0,0,0
2024-03-01 11:41:35.000,4.940782,4.945649702088629,0,0,0,0
2024-03-01 11:41:35.250,5.018943,5.0207172684760515,0,0,0,0
2024-03-01 11:41:35.500,5.143232,5.1396235386484745,1,0,0,0
2024-03-01 11:41:35.750,5.264958,5.265140645255961,0,0,0,0
2024-03-01 11:41:36.000,5.361058,5.36257691246504,0,0,0,0
2024-03-01 11:41:36.250,5.425125,5.423573316980963,0,0,0,0
2024-03-01 11:41:36.500,5.45416,5.45653735524294,0,0,0,0
2024-03-01 11:41:36.750,5.469536,5.467447835351528,0,1,0,0
2024-03-01 11:41:37.000,5.456723,5.456971896398982,0,0,0,0
2024-03-01 11:41:37.250,5.428533,5.42862608584692,0,0,0,0
2024-03-01 11:41:37.500,5.388812,5.39042294615315,0,0,0,0
2024-03-01 11:41:37.750,5.351654,5.349409600956333,0,0,0,0
2024-03-01 11:41:38.000,5.30937,5.3096769005157896,0,0,0,1
2024-03-01 11:41:38.250,5.272211,5.273675457114515,0,0,0,0
2024-03-01 11:41:38.500,5.241459,5.241445600423026,0,0,0,0
2024-03-01 11:41:38.750,5.214551,5.211610394784904,0,0,1,0
2024-03-01 11:41:39.000,5.182518,5.185246263362774,0,0,0,0
2024-03-01 11:41:39.250,5.163298,5.164234535382312,0,0,0,0
2024-03-01 11:41:39.500,5.149203,5.146184935635185,0,0,0,0
2024-03-01 11:41:39.750,5.126139,5.1273384741891395,0,0,0,0
2024-03-01 11:41:40.000,5.108201,5.108785154460081,0,0,0,0
2024-03-01 11:41:40.250,5.092824,5.0937742348503505,0,0,0,0
2024-03-01 11:41:40.500,5.085136,5.081933706073939,0,0,0,0
2024-03-01 11:41:40.750,5.068479,5.070466845460687,0,0,0,0
2024-03-01 11:41:41.000,5.055666,5.057415956575943,0,0,0,0
2024-03-01 11:41:41.250,5.046697,5.044421574897855,0,0,0,0
2024-03-01 11:41:41.500,5.045415,5.043859530180314,0,0,0,0
2024-03-01 11:41:41.750,5.076167,5.0786316706129035,0,0,0,0
2024-03-01 11:41:42.000,5.158173,5.159990270104803,0,0,0,0
2024-03-01 11:41:42.250,5.269648,5.2661360722392665,1,0,0,0
2024-03-01 11:41:42.500,5.355497,5.35681233424307,0,0,0,0
2024-03-01 11:41:42.750,5.411876,5.409670591796586,0,0,0,0
2024-03-01 11:41:43.000,5.425971,5.4312064322329485,0,0,0,0
2024-03-01 11:41:43.250,5.438784,5.434916520887697,0,1,0,0
2024-03-01 11:41:43.500,5.424689,5.423708407347682,0,0,0,0
2024-03-01 11:41:43.750,5.391375,5.394985296071155,0,0,0,0
2024-03-01 11:41:44.000,5.352935,5.3506937090478335,0,0,0,1
2024-03-01 11:41:44.250,5.299119,5.298888105325221,0,0,1,0
2024-03-01 11:41:44.500,5.250428,5.250588695557353,0,0,0,0
2024-03-01 11:41:44.750,5.211988,5.21459614926089,0,0,0,0
2024-03-01 11:41:45.000,5.196612,5.192489553077757,0,0,0,0
2024-03-01 11:41:45.250,5.177392,5.1783386370495155,0,0,0,0
2024-03-01 11:41:45.500,5.156891,5.161443564120952,0,0,0,0
2024-03-01 11:41:45.750,5.137671,5.132616469173797,0,0,0,0
2024-03-01 11:41:46.000,5.099231,5.097903304516583,0,0,0,0
2024-03-01 11:41:46.250,5.07873,5.0850444850373275,0,0,0,0
2024-03-01 11:41:46.500,5.128702,5.124549803334396,0,0,0,0
2024-03-01 11:41:46.750,5.22352,5.222142590141637,0,0,0,0
2024-03-01 11:41:47.000,5.347809,5.352938342011559,1,0,0,0
2024-03-01 11:41:47.250,5.483631,5.478953249505304,0,0,0,0
2024-03-01 11:41:47.500,5.570761,5.571668099683181,0,0,0,0
2024-03-01 11:41:47.750,5.622015,5.623838653717861,0,0,0,0
2024-03-01 11:41:48.000,5.645078,5.643470970182098,0,1,0,0
2024-03-01 11:41:48.250,5.638671,5.639108721525405,0,0,0,0
2024-03-01 11:41:48.500,5.613045,5.61400097742056,0,0,0,0
2024-03-01 11:41:48.750,5.574605,5.572139960748213,0,0,0,0
2024-03-01 11:41:49.000,5.520789,5.5228245863367755,0,0,0,0
2024-03-01 11:41:49.250,5.474661,5.474990038666294,0,0,0,0
2024-03-01 11:41:49.500,5.431096,5.43006139834911,0,0,0,1
2024-03-01 11:41:49.750,5.38625,5.385602308539603,0,0,0,0
2024-03-01 11:41:50.000,5.342684,5.343663464692809,0,0,0,0
2024-03-01 11:41:50.250,5.308088,5.308985531775145,0,0,0,0
2024-03-01 11:41:50.500,5.282462,5.281051209313432,0,0,1,0
2024-03-01 11:41:50.750,5.255554,5.255541969119298,0,0,0,0
2024-03-01 11:41:51.000,5.23249,5.232295370615392,0,0,0,0
2024-03-01 11:41:51.250,5.211988,5.214075462624295,0,0,0,0
2024-03-01 11:41:51.500,5.200456,5.1988165610809345,0,0,0,0
2024-03-01 11:41:51.750,5.182518,5.181806009925206,0,0,0,0
2024-03-01 11:41:52.000,5.164579,5.164596521187466,0,0,0,0
2024-03-01 11:41:52.250,5.149203,5.151874171278059,0,0,0,0
2024-03-01 11:41:52.500,5.141515,5.140927044541054,0,0,0,0
2024-03-01 11:41:52.750,5.131265,5.126661086850226,0,0,0,0
2024-03-01 11:41:53.000,5.112044,5.114453188846197,0,0,0,0
2024-03-01 11:41:53.250,5.104357,5.111525338199386,0,0,0,0
2024-03-01 11:41:53.500,5.119732,5.109343440102644,0,0,0,0
2024-03-01 11:41:53.750,5.091543,5.094773145190406,0,0,0,0
2024-03-01 11:41:54.000,5.072323,5.073955689555125,0,0,0,0
2024-03-01 11:41:54.250,5.062073,5.063718657627112,0,0,0,0
2024-03-01 11:41:54.500,5.068479,5.064890553036736,0,0,0,0
2024-03-01 11:41:54.750,5.064635,5.06399386667929,0,0,0,0
2024-03-01 11:41:55.000,5.051822,5.055504734392293,0,0,0,0
2024-03-01 11:41:55.250,5.046697,5.045938295551215,0,0,0,0
2024-03-01 11:41:55.500,5.044134,5.040937976798024,0,0,0,0
2024-03-01 11:41:55.750,5.037727,5.039157498266044,0,0,0,0
2024-03-01 11:41:56.000,5.028758,5.034902567611036,0,0,0,0
2024-03-01 11:41:56.250,5.035165,5.024160435318393,0,0,0,0
2024-03-01 11:41:56.500,5.005694,5.011015115008249,0,0,0,0
2024-03-01 11:41:56.750,4.996725,5.0004497903485055,0,0,0,0
2024-03-01 11:41:57.000,4.986474,4.984562962259466,0,0,0,0
2024-03-01 11:41:57.250,4.962129,4.958431150953788,0,0,0,0
2024-03-01 11:41:57.500,4.955722,4.947779136250426,0,0,0,0
2024-03-01 11:41:57.750,4.954441,4.978991761717491,0,0,0,0
2024-03-01 11:41:58.000,5.032602,5.022881038983317,0,0,0,0
2024-03-01 11:41:58.250,5.055666,5.032222040068548,0,0,0,0
2024-03-01 11:41:58.500,5.015944,5.037690312663908,0,0,0,0
2024-03-01 11:41:58.750,5.112044,5.123531040801653,1,0,0,0
2024-03-01 11:41:59.000,5.31962,5.297748739306891,0,0,0,0
2024-03-01 11:41:59.250,5.466973,5.469694573711737,0,0,0,0
2024-03-01 11:41:59.500,5.557948,5.563784185150078,0,0,0,0
2024-03-01 11:41:59.750,5.577168,5.582452696318762,0,1,0,0
2024-03-01 11:42:00.000,5.56948,5.559462270742637,0,0,0,0
2024-03-01 11:42:00.250,5.518227,5.515182660738177,0,0,0,0
2024-03-01 11:42:00.500,5.438784,5.4554844454437745,0,0,0,0
2024-03-01 11:42:00.750,5.384968,5.37200365228741,0,0,0,1
2024-03-01 11:42:01.000,5.252991,5.25154815208071,0,0,0,0
2024-03-01 11:42:01.250,5.099231,5.10884041364306,0,0,1,0
2024-03-01 11:42:01.500,5.004413,4.992283294732014,0,0,0,0
2024-03-01 11:42:01.750,4.923689,4.938638060887853,0,0,0,0
2024-03-01 11:42:02.000,4.949751,4.938964858685416,0,0,0,0
2024-03-01 11:42:02.250,4.965127,4.96543241534018,0,0,0,0
2024-03-01 11:42:02.500,5.009974,5.0096826218636386,0,0,0,0
2024-03-01 11:42:02.750,5.056101,5.062806374032035,0,0,0,0
2024-03-01 11:42:03.000,5.076603,5.081542075261861,0,0,0,0
2024-03-01 11:42:03.250,5.058664,5.042262834787337,0,0,0,0
2024-03-01 11:42:03.500,5.042007,5.02079102428944,0,0,0,0
2024-03-01 11:42:03.750,5.038163,5.118171753299151,0,0,0,0
2024-03-01 11:42:04.000,5.370028,5.29513628069798,0,0,0,0
2024-03-01 11:42:04.250,5.385404,5.398071084272857,0,0,0,0
2024-03-01 11:42:04.500,5.345682,5.366034710999901,0,0,0,0
2024-03-01 11:42:04.750,5.298273,5.29178516134176,0,0,0,0
2024-03-01 11:42:05.000,5.273928,5.269313187777982,0,0,0,0
2024-03-01 11:42:05.250,5.294429,5.293378156167174,0,0,0,0
2024-03-01 11:42:05.500,5.316212,5.318881588390577,0,0,0,0
2024-03-01 11:42:05.750,5.329025,5.331139220456679,0,0,0,0
2024-03-01 11:42:06.000,5.340557,5.33794469190981,0,0,0,0
2024-03-01 11:42:06.250,5.345682,5.345181293668592,0,0,0,0
2024-03-01 11:42:06.500,5.361058,5.365145470401451,0,0,0,0
2024-03-01 11:42:06.750,5.432813,5.421252811289312,0,0,0,0
2024-03-01 11:42:07.000,5.497725,5.509666232358678,0,0,0,0
2024-03-01 11:42:07.250,5.554104,5.566790898143749,0,0,0,0
2024-03-01 11:42:07.500,5.566917,5.53274810399029,0,0,0,0
2024-03-01 11:42:07.750,5.45416,5.458814118545997,0,0,0,0
2024-03-01 11:42:08.000,5.427252,5.473372460013967,0,0,0,0
2024-03-01 11:42:08.250,5.661736,5.615768800880398,1,0,0,0
2024-03-01 11:42:08.500,5.788588,5.793587863844147,0,0,0,0
2024-03-01 11:42:08.750,5.912877,5.922276317814744,0,0,0,0
2024-03-01 11:42:09.000,5.9936,6.0064189672993775,0,0,0,0
2024-03-01 11:42:09.250,6.099468,6.070512822127574,0,0,0,0
2024-03-01 11:42:09.500,6.082811,6.10298946214587,0,1,0,0
2024-03-01 11:42:09.750,6.089217,6.086713690198696,0,0,0,0
2024-03-01 11:42:10.000,6.037964,6.030800701309184,0,0,0,0
2024-03-01 11:42:10.250,5.95724,5.962513425813148,0,0,0,0
2024-03-01 11:42:10.500,5.904706,5.905575064905224,0,0,0,0
2024-03-01 11:42:10.750,5.866266,5.864032925936382,0,0,0,1
2024-03-01 11:42:11.000,5.825263,5.82486668362706,0,0,0,0
2024-03-01 11:42:11.250,5.777854,5.7785211191698735,0,0,0,0
2024-03-01 11:42:11.500,5.729163,5.730396216273553,0,0,0,0
2024-03-01 11:42:11.750,5.692005,5.690891234729926,0,0,1,0
2024-03-01 11:42:12.000,5.663815,5.662936071790817,0,0,0,0
2024-03-01 11:42:12.250,5.63947,5.640182733638992,0,0,0,0
2024-03-01 11:42:12.500,5.607437,5.611077144245525,0,0,0,0
2024-03-01 11:42:12.750,5.575404,5.567602764320547,0,0,0,0
2024-03-01 11:42:13.000,5.510056,5.516270696481555,0,0,0,0
2024-03-01 11:42:13.250,5.476741,5.475261052687452,0,0,0,0
2024-03-01 11:42:13.500,5.454958,5.4544196749133,0,0,0,0
2024-03-01 11:42:13.750,5.443427,5.443195245691375,0,0,0,0
2024-03-01 11:42:14.000,5.421644,5.424071738053308,0,0,0,0
2024-03-01 11:42:14.250,5.400344,5.395391297905564,0,0,0,0
2024-03-01 11:42:14.500,5.372155,5.374779444847343,0,0,0,0
2024-03-01 11:42:14.750,5.372155,5.377078720678733,0,0,0,0
2024-03-01 11:42:15.000,5.404188,5.396548286488852,0,0,0,0
2024-03-01 11:42:15.250,5.419564,5.420973535560053,0,0,0,0
2024-03-01 11:42:15.500,5.451597,5.455944998592217,0,0,0,0
2024-03-01 11:42:15.750,5.523352,5.521173469760039,0,0,0,0
2024-03-01 11:42:16.000,5.630984,5.625601791419413,1,0,0,0
2024-03-01 11:42:16.250,5.741178,5.752534880605111,0,0,0,0
2024-03-01 11:42:16.500,5.875718,5.866087972266075,0,0,0,0
2024-03-01 11:42:16.750,5.932096,5.934268243493858,0,0,0,0
2024-03-01 11:42:17.000,5.949552,5.951603130119975,0,1,0,0
2024-03-01 11:42:17.250,5.93802,5.93776285097297,0,0,0,0
2024-03-01 11:42:17.500,5.917519,5.915511139679583,0,0,0,0
2024-03-01 11:42:17.750,5.894455,5.89432050148357,0,0,0,0
2024-03-01 11:42:18.000,5.863703,5.870165465703872,0,0,0,0
2024-03-01 11:42:18.250,5.847046,5.835778691918964,0,0,0,0
2024-03-01 11:42:18.500,5.784261,5.793204067095406,0,0,0,1
2024-03-01 11:42:18.750,5.757353,5.755174951682075,0,0,0,0
2024-03-01 11:42:19.000,5.734289,5.732753980909324,0,0,0,0
2024-03-01 11:42:19.250,5.726601,5.726312526061417,0,0,0,0
2024-03-01 11:42:19.500,5.724038,5.727657158472561,0,0,0,0
2024-03-01 11:42:19.750,5.729163,5.725464777320507,0,0,0,0
2024-03-01 11:42:20.000,5.711225,5.712254554740386,0,0,0,0
2024-03-01 11:42:20.250,5.690723,5.69067557170954,0,0,1,0
2024-03-01 11:42:20.500,5.667659,5.668737841633447,0,0,0,0
2024-03-01 11:42:20.750,5.648439,5.647916898295572,0,0,0,0
2024-03-01 11:42:21.000,5.624094,5.623159684295439,0,0,0,0
2024-03-01 11:42:21.250,5.595905,5.595976537020491,0,0,0,0
2024-03-01 11:42:21.500,5.577966,5.579436234183026,0,0,0,0
2024-03-01 11:42:21.750,5.586936,5.586147797548549,0,0,0,0
2024-03-01 11:42:22.000,5.616406,5.6158169217176015,0,0,0,0
2024-03-01 11:42:22.250,5.656127,5.656445353220711,0,0,0,0
2024-03-01 11:42:22.500,5.692005,5.69283479718959,0,0,0,0
2024-03-01 11:42:22.750,5.713788,5.713057846552311,0,0,0,0
2024-03-01 11:42:23.000,5.713788,5.7133479170391395,0,0,0,0
2024-03-01 11:42:23.250,5.699693,5.699994702705726,0,0,0,0
2024-03-01 11:42:23.500,5.681754,5.682399477356929,0,0,0,0
2024-03-01 11:42:23.750,5.662534,5.663120377849503,0,0,0,0
2024-03-01 11:42:24.000,5.642033,5.6398066982401085,0,0,0,0
2024-03-01 11:42:24.250,5.616406,5.616292674127766,0,0,0,0
2024-03-01 11:42:24.500,5.598467,5.6021245600064145,0,0,0,0
2024-03-01 11:42:24.750,5.60103,5.599010152644732,0,0,0,0
2024-03-01 11:42:25.000,5.60103,5.598380159979589,0,0,0,0
2024-03-01 11:42:25.250,5.592061,5.594982254512094,0,0,0,0
2024-03-01 11:42:25.500,5.59078,5.5917312920425495,0,0,0,0
2024-03-01 11:42:25.750,5.592061,5.589524435103156,0,0,0,0
2024-03-01 11:42:26.000,5.583092,5.584104745817756,0,0,0,0
2024-03-01 11:42:26.250,5.575404,5.574211053084767,0,0,0,0
2024-03-01 11:42:26.500,5.558746,5.561874134689476,0,0,0,0
2024-03-01 11:42:26.750,5.547215,5.545154277422194,0,0,0,0
2024-03-01 11:42:27.000,5.52415,5.523633684280822,0,0,0,0
2024-03-01 11:42:27.250,5.5139,5.512408578844382,0,0,0,0
2024-03-01 11:42:27.500,5.530557,5.535745736933947,0,0,0,0
2024-03-01 11:42:27.750,5.603593,5.600618451327032,0,0,0,0
2024-03-01 11:42:28.000,5.689442,5.687147949068823,0,0,0,0
2024-03-01 11:42:28.250,5.766322,5.768775022830149,0,0,0,0
2024-03-01 11:42:28.500,5.830389,5.832341046144152,0,0,0,0
2024-03-01 11:42:28.750,5.884204,5.881113782798768,1,0,0,0
2024-03-01 11:42:29.000,5.934176,5.93249295471484,0,0,0,0
2024-03-01 11:42:29.250,6.00465,6.008740267522809,0,0,0,0
2024-03-01 11:42:29.500,6.112281,6.113821727032936,0,0,0,0
2024-03-01 11:42:29.750,6.228882,6.222686122876381,0,0,0,0
2024-03-01 11:42:30.000,6.3032,6.304376571933911,0,0,0,0
2024-03-01 11:42:30.250,6.340358,6.347454891669085,0,0,0,0
2024-03-01 11:42:30.500,6.364704,6.355580815385338,0,1,0,0
2024-03-01 11:42:30.750,6.327545,6.333237658481529,0,0,0,0
2024-03-01 11:42:31.000,6.289105,6.286806322199695,0,0,0,0
2024-03-01 11:42:31.250,6.228882,6.229681437619652,0,0,0,0
2024-03-01 11:42:31.500,6.177629,6.176605160252353,0,0,0,0
2024-03-01 11:42:31.750,6.131501,6.134455063331771,0,0,0,0
2024-03-01 11:42:32.000,6.105875,6.101240056232022,0,0,0,1
2024-03-01 11:42:32.250,6.068716,6.072367264182731,0,0,0,0
2024-03-01 11:42:32.500,6.045652,6.044440370861736,0,0,0,0
2024-03-01 11:42:32.750,6.013619,6.014173257827762,0,0,0,0
2024-03-01 11:42:33.000,5.981586,5.9800993703642185,0,0,0,0
2024-03-01 11:42:33.250,5.945708,5.946668077122251,0,0,0,0
2024-03-01 11:42:33.500,5.920082,5.920410434731395,0,0,1,0
2024-03-01 11:42:33.750,5.89958,5.90106083218534,0,0,0,0
2024-03-01 11:42:34.000,5.888048,5.883068961664968,0,0,0,0
2024-03-01 11:42:34.250,5.86114,5.865310816892852,0,0,0,0
2024-03-01 11:42:34.500,5.849608,5.8505919011233605,0,0,0,0
2024-03-01 11:42:34.750,5.840639,5.836876456775504,0,0,0,0
2024-03-01 11:42:35.000,5.817575,5.819476409154909,0,0,0,0
2024-03-01 11:42:35.250,5.800918,5.800605649474483,0,0,0,0
2024-03-01 11:42:35.500,5.785542,5.786504103676846,0,0,0,0
2024-03-01 11:42:35.750,5.776573,5.776663635244002,0,0,0,0
2024-03-01 11:42:36.000,5.768885,5.7650337630856505,0,0,0,0
2024-03-01 11:42:36.250,5.744539,5.750356643347176,0,0,0,0
2024-03-01 11:42:36.500,5.740695,5.737857518761862,0,0,0,0
2024-03-01 11:42:36.750,5.734289,5.730677877137858,0,0,0,0
2024-03-01 11:42:37.000,5.713788,5.721973246565767,0,0,0,0
2024-03-01 11:42:37.250,5.702255,5.696946469530969,0,0,0,0
2024-03-01 11:42:37.500,5.651002,5.649788312753175,0,0,0,0
2024-03-01 11:42:37.750,5.598467,5.599220804517802,0,0,0,0
2024-03-01 11:42:38.000,5.567716,5.572650194889661,0,0,0,0
2024-03-01 11:42:38.250,5.576685,5.572112403126493,0,0,0,0
2024-03-01 11:42:38.500,5.572841,5.574510227763924,0,0,0,0
2024-03-01 11:42:38.750,5.576685,5.567829372207155,0,0,0,0
2024-03-01 11:42:39.000,5.54337,5.564610976679214,0,0,0,0
2024-03-01 11:42:39.250,5.598467,5.5773283633158135,0,0,0,0
2024-03-01 11:42:39.500,5.598467,5.602652439843708,0,0,0,0
2024-03-01 11:42:39.750,5.616406,5.630561180596796,0,0,0,0
2024-03-01 11:42:40.000,5.667659,5.654596244551724,0,0,0,0
2024-03-01 11:42:40.250,5.686879,5.674803686255964,0,0,0,0
2024-03-01 11:42:40.500,5.649721,5.684748788710227,0,0,0,0
2024-03-01 11:42:40.750,5.676629,5.652793598007385,0,0,0,0
2024-03-01 11:42:41.000,5.560028,5.553177505189841,0,0,0,0
2024-03-01 11:42:41.250,5.416519,5.423847797849741,0,0,0,0
2024-03-01 11:42:41.500,5.311932,5.340243857676608,0,0,0,0
2024-03-01 11:42:41.750,5.378561,5.330051903926539,0,0,0,0
2024-03-01 11:42:42.000,5.340121,5.361100293328101,0,0,0,0
2024-03-01 11:42:42.250,5.365748,5.387562910112276,0,0,0,0
2024-03-01 11:42:42.500,5.399063,5.37424881542487,0,0,0,0
2024-03-01 11:42:42.750,5.343966,5.329591804198428,0,0,0,0
2024-03-01 11:42:43.000,5.292712,5.331134115001715,0,0,0,0
2024-03-01 11:42:43.250,5.469536,5.452038166791929,0,0,0,0
2024-03-01 11:42:43.500,5.674549,5.664263129347546,1,0,0,0
2024-03-01 11:42:43.750,5.859061,5.869668648865815,0,0,0,0
2024-03-01 11:42:44.000,6.000007,6.004021202924103,0,0,0,0
2024-03-01 11:42:44.250,6.081529,6.069837228653896,0,0,0,0
2024-03-01 11:42:44.500,6.090498,6.097740728323911,0,0,0,0
2024-03-01 11:42:44.750,6.107156,6.1091057027113465,0,1,0,0
2024-03-01 11:42:45.000,6.111,6.10732066551022,0,0,0,0
2024-03-01 11:42:45.250,6.096905,6.093783483274701,0,0,0,0
2024-03-01 11:42:45.500,6.076404,6.080362071817545,0,0,0,0
2024-03-01 11:42:45.750,6.064872,6.06964272733916,0,0,0,0
2024-03-01 11:42:46.000,6.043089,6.039141807399709,0,0,0,0
2024-03-01 11:42:46.250,5.989274,5.977491400702817,0,0,0,0
2024-03-01 11:42:46.500,5.902143,5.919147502969954,0,0,0,0
2024-03-01 11:42:46.750,5.903424,5.9008986321768955,0,0,0,0
2024-03-01 11:42:47.000,5.905987,5.900155222460253,0,0,0,0
2024-03-01 11:42:47.250,5.866266,5.865039901078605,0,0,0,1
2024-03-01 11:42:47.500,5.790667,5.794696384206732,0,0,0,0
2024-03-01 11:42:47.750,5.738132,5.738142570398335,0,0,0,0
2024-03-01 11:42:48.000,5.713788,5.710631279435344,0,0,1,0
2024-03-01 11:42:48.250,5.643314,5.663985851688384,0,0,0,0
2024-03-01 11:42:48.500,5.621531,5.57221154948205,0,0,0,0
2024-03-01 11:42:48.750,5.457521,5.500424862464,0,0,0,0
2024-03-01 11:42:49.000,5.517744,5.523086573779744,0,0,0,0
2024-03-01 11:42:49.250,5.640751,5.607278860589163,0,0,0,0
2024-03-01 11:42:49.500,5.644596,5.657971762027332,0,0,0,0
2024-03-01 11:42:49.750,5.638189,5.648246613350318,0,0,0,0
2024-03-01 11:42:50.000,5.630501,5.624766333719938,0,0,0,0
2024-03-01 11:42:50.250,5.622813,5.616629084269255,0,0,0,0
2024-03-01 11:42:50.500,5.603593,5.610391698613649,0,0,0,0
2024-03-01 11:42:50.750,5.597186,5.59481824697795,0,0,0,0
2024-03-01 11:42:51.000,5.579247,5.579573667877122,0,0,0,0
2024-03-01 11:42:51.250,5.574122,5.57401465137149,0,0,0,0
2024-03-01 11:42:51.500,5.571559,5.572609790299533,0,0,0,0
2024-03-01 11:42:51.750,5.566434,5.565123000252271,0,0,0,0
2024-03-01 11:42:52.000,5.554902,5.553121725312369,0,0,0,0
2024-03-01 11:42:52.250,5.544652,5.549220897280282,0,0,0,0
2024-03-01 11:42:52.500,5.561309,5.5594739711132775,0,0,0,0
2024-03-01 11:42:52.750,5.577966,5.574710373113542,0,0,0,0
2024-03-01 11:42:53.000,5.577966,5.582648740698307,0,0,0,0
2024-03-01 11:42:53.250,5.583092,5.58022308476602,0,0,0,0
2024-03-01 11:42:53.500,5.568997,5.5702921834721035,0,0,0,0
2024-03-01 11:42:53.750,5.554902,5.553909384503254,0,0,0,0
2024-03-01 11:42:54.000,5.529276,5.531037097415515,0,0,0,0
2024-03-01 11:42:54.250,5.508774,5.50619895582803,0,0,0,0
2024-03-01 11:42:54.500,5.488273,5.488735718652479,0,0,0,0
2024-03-01 11:42:54.750,5.479304,5.484744575025261,0,0,0,0
2024-03-01 11:42:55.000,5.501086,5.490451180727276,0,0,0,0
2024-03-01 11:42:55.250,5.485711,5.495618640473366,0,0,0,0
2024-03-01 11:42:55.500,5.49468,5.491633222856174,0,0,0,0
2024-03-01 11:42:55.750,5.481866,5.477767667289319,0,0,0,0
2024-03-01 11:42:56.000,5.458802,5.463420889432919,0,0,0,0
2024-03-01 11:42:56.250,5.460084,5.460595426228133,0,0,0,0
2024-03-01 11:42:56.500,5.47546,5.472327216929974,0,0,0,0
2024-03-01 11:42:56.750,5.493398,5.493995847080491,0,0,0,0
2024-03-01 11:42:57.000,5.521588,5.52159724495629,0,0,0,0
2024-03-01 11:42:57.250,5.54337,5.54890762120273,0,0,0,0
2024-03-01 11:42:57.500,5.574122,5.56435482914781,0,0,0,0
2024-03-01 11:42:57.750,5.557465,5.562429209012228,0,0,0,0
2024-03-01 11:42:58.000,5.547215,5.5501111734489434,0,0,0,0
2024-03-01 11:42:58.250,5.538245,5.53574601898474,0,0,0,0
2024-03-01 11:42:58.500,5.529276,5.524831027376938,0,0,0,0
2024-03-01 11:42:58.750,5.522869,5.528568096814416,0,0,0,0
2024-03-01 11:42:59.000,5.556184,5.5572356309248185,0,0,0,0
2024-03-01 11:42:59.250,5.607437,5.602572986719447,0,0,0,0
2024-03-01 11:42:59.500,5.642033,5.642886232001279,0,0,0,0
2024-03-01 11:42:59.750,5.661253,5.6640658542613815,0,0,0,0
2024-03-01 11:43:00.000,5.665097,5.664793399223654,0,0,0,0
2024-03-01 11:43:00.250,5.654846,5.65251078053159,0,0,0,0
2024-03-01 11:43:00.500,5.649721,5.649087388376283,0,0,0,0
2024-03-01 11:43:00.750,5.684317,5.687146621859797,1,0,0,0
2024-03-01 11:43:01.000,5.779135,5.780363552847713,0,0,0,0
2024-03-01 11:43:01.250,5.905987,5.901601044676198,0,0,0,0
2024-03-01 11:43:01.500,6.002087,6.003668923660677,0,0,0,0
2024-03-01 11:43:01.750,6.057184,6.0592190097347896,0,0,0,0
2024-03-01 11:43:02.000,6.076404,6.075000664401565,0,1,0,0
2024-03-01 11:43:02.250,6.076404,6.0720784074861385,0,0,0,0
2024-03-01 11:43:02.500,6.045652,6.053839372396567,0,0,0,0
2024-03-01 11:43:02.750,5.994399,5.995666036159533,0,0,0,0
2024-03-01 11:43:03.000,5.898299,5.882568649439916,0,0,0,1
2024-03-01 11:43:03.250,5.743258,5.756165646253114,0,0,1,0
2024-03-01 11:43:03.500,5.688161,5.6886722210181535,0,0,0,0
2024-03-01 11:43:03.750,5.698411,5.699243454398737,0,0,0,0
2024-03-01 11:43:04.000,5.744539,5.732843759192058,0,0,0,0
2024-03-01 11:43:04.250,5.722757,5.7334551191641845,0,0,0,0
2024-03-01 11:43:04.500,5.703537,5.702875214637383,0,0,0,0
2024-03-01 11:43:04.750,5.681754,5.677526224244435,0,0,0,0
2024-03-01 11:43:05.000,5.676629,5.677893008761077,0,0,0,0
2024-03-01 11:43:05.250,5.688161,5.692227510245141,0,0,0,0
2024-03-01 11:43:05.500,5.699693,5.6961032516772985,0,0,0,0
2024-03-01 11:43:05.750,5.686879,5.683270225029714,0,0,0,0
2024-03-01 11:43:06.000,5.668941,5.673387570721487,0,0,0,0
2024-03-01 11:43:06.250,5.674066,5.680155083999719,0,0,0,0
2024-03-01 11:43:06.500,5.69713,5.686009442439961,0,0,0,0
2024-03-01 11:43:06.750,5.668941,5.670923884819453,0,0,0,0
2024-03-01 11:43:07.000,5.644596,5.64975910545164,0,0,0,0
2024-03-01 11:43:07.250,5.652284,5.650638033997837,0,0,0,0
2024-03-01 11:43:07.500,5.668941,5.669361844677813,0,0,0,0
2024-03-01 11:43:07.750,5.683035,5.676498533676948,0,0,0,0
2024-03-01 11:43:08.000,5.654846,5.663530508365964,0,0,0,0
2024-03-01 11:43:08.250,5.661253,5.659558318252469,0,0,0,0
2024-03-01 11:43:08.500,5.713788,5.706842243220205,0,0,0,0
2024-03-01 11:43:08.750,5.821419,5.829175894785623,1,0,0,0
2024-03-01 11:43:09.000,6.011056,6.009908847786407,0,0,0,0
2024-03-01 11:43:09.250,6.194286,6.192631691377304,0,0,0,0
2024-03-01 11:43:09.500,6.321138,6.319726657641477,0,0,0,0
2024-03-01 11:43:09.750,6.377517,6.376923561695788,0,1,0,0
2024-03-01 11:43:10.000,6.381361,6.387768422458538,0,0,0,0
2024-03-01 11:43:10.250,6.373673,6.370043503856734,0,0,0,0
2024-03-01 11:43:10.500,6.326263,6.321873655018051,0,0,0,0
2024-03-01 11:43:10.750,6.244258,6.24787681995613,0,0,0,0
2024-03-01 11:43:11.000,6.166097,6.168814325649126,0,0,0,1
2024-03-01 11:43:11.250,6.100749,6.103246852397515,0,0,0,0
2024-03-01 11:43:11.500,6.085373,6.066805044080287,0,0,1,0
2024-03-01 11:43:11.750,6.059747,6.082155066256067,0,0,0,0
2024-03-01 11:43:12.000,6.15969,6.1529257073491195,0,0,0,0
2024-03-01 11:43:12.250,6.240415,6.236085014375704,0,0,0,0
2024-03-01 11:43:12.500,6.281417,6.278545335410898,0,0,0,0
2024-03-01 11:43:12.750,6.262197,6.272464772469098,0,0,0,0
2024-03-01 11:43:13.000,6.249384,6.244846034159264,0,0,0,0
2024-03-01 11:43:13.250,6.213506,6.210339156998533,0,0,0,0
2024-03-01 11:43:13.500,6.160972,6.163364214921942,0,0,0,0
2024-03-01 11:43:13.750,6.099468,6.101906562428376,0,0,0,0
2024-03-01 11:43:14.000,6.039246,6.03495449218285,0,0,0,0
2024-03-01 11:43:14.250,5.970054,5.971651118597761,0,0,0,0
2024-03-01 11:43:14.500,5.911112,5.9149253824739425,0,0,0,0
2024-03-01 11:43:14.750,5.872673,5.865091140848371,0,0,0,0
2024-03-01 11:43:15.000,5.818857,5.8244692859564005,0,0,0,0
2024-03-01 11:43:15.250,5.794511,5.79335934940929,0,0,0,0
2024-03-01 11:43:15.500,5.762478,5.764352224003005,0,0,0,0
2024-03-01 11:43:15.750,5.740695,5.734994973988265,0,0,0,0
2024-03-01 11:43:16.000,5.725319,5.729108009514577,0,0,0,0
2024-03-01 11:43:16.250,5.785542,5.786722207326192,0,0,0,0
2024-03-01 11:43:16.500,5.922644,5.920954664128291,0,0,0,0
2024-03-01 11:43:16.750,6.094343,6.095872091379605,0,0,0,0
2024-03-01 11:43:17.000,6.260916,6.257188680346918,0,0,0,0
2024-03-01 11:43:17.250,6.374954,6.377582807456932,1,0,0,0
2024-03-01 11:43:17.500,6.462085,6.464001470894793,0,0,0,0
2024-03-01 11:43:17.750,6.533221,6.528621215511979,0,0,0,0
2024-03-01 11:43:18.000,6.562692,6.5665520855548065,0,0,0,0
2024-03-01 11:43:18.250,6.565254,6.566724677724154,0,0,0,0
2024-03-01 11:43:18.500,6.549878,6.541236927987818,0,0,0,0
2024-03-01 11:43:18.750,6.525533,6.532550237711381,0,0,0,0
2024-03-01 11:43:19.000,6.572942,6.575369162103467,0,0,0,0
2024-03-01 11:43:19.250,6.65751,6.653635061598172,0,0,0,0
2024-03-01 11:43:19.500,6.719014,6.7157341355263,0,0,0,0
2024-03-01 11:43:19.750,6.726702,6.730885943666191,0,1,0,0
2024-03-01 11:43:20.000,6.706201,6.707349288807177,0,0,0,0
2024-03-01 11:43:20.250,6.660073,6.658495431831718,0,0,0,0
2024-03-01 11:43:20.500,6.583193,6.581644459673174,0,0,0,0
2024-03-01 11:43:20.750,6.476842,6.47825938961824,0,0,0,1
2024-03-01 11:43:21.000,6.371773,6.370978455808892,0,0,0,0
2024-03-01 11:43:21.250,6.28208,6.283761378217408,0,0,1,0
2024-03-01 11:43:21.500,6.21417,6.214707838101528,0,0,0,0
2024-03-01 11:43:21.750,6.148822,6.145672101681465,0,0,0,0
2024-03-01 11:43:22.000,6.07963,6.079742966878753,0,0,0,0
2024-03-01 11:43:22.250,6.050159,6.053034336558016,0,0,0,0
2024-03-01 11:43:22.500,6.09885,6.0984805379658,0,0,0,0
2024-03-01 11:43:22.750,6.207763,6.205723978967266,1,0,0,0
2024-03-01 11:43:23.000,6.324364,6.325977832793178,0,0,0,0
2024-03-01 11:43:23.250,6.412776,6.4115038045569115,0,0,0,0
2024-03-01 11:43:23.500,6.443528,6.444195113478346,0,0,0,0
2024-03-01 11:43:23.750,6.431996,6.432409419391867,0,1,0,0
2024-03-01 11:43:24.000,6.392275,6.392586997162643,0,0,0,0
2024-03-01 11:43:24.250,6.341022,6.3388166904024095,0,0,0,0
2024-03-01 11:43:24.500,6.280799,6.283052779786903,0,0,0,0
2024-03-01 11:43:24.750,6.234671,6.234027804740983,0,0,0,0
2024-03-01 11:43:25.000,6.192387,6.192861854394715,0,0,0,0
2024-03-01 11:43:25.250,6.15651,6.154568591554584,0,0,0,0
2024-03-01 11:43:25.500,6.112945,6.114439957832382,0,0,0,0
2024-03-01 11:43:25.750,6.068098,6.069924353943465,0,0,0,0
2024-03-01 11:43:26.000,6.024533,6.021199541867292,0,0,0,0
2024-03-01 11:43:26.250,5.975842,5.97639345761214,0,0,0,0
2024-03-01 11:43:26.500,5.947653,5.94768807661011,0,0,0,0
2024-03-01 11:43:26.750,5.927152,5.931143542548116,0,0,0,0
2024-03-01 11:43:27.000,5.904706,5.904126750505064,0,0,0,0
2024-03-01 11:43:27.250,5.872673,5.862361773831254,0,0,0,0
2024-03-01 11:43:27.500,5.834232,5.835963993033971,0,0,0,0
2024-03-01 11:43:27.750,5.800918,5.830031187273317,0,0,0,0
2024-03-01 11:43:28.000,5.816294,5.7813234727438925,0,0,0,0
2024-03-01 11:43:28.250,5.63947,5.635632939199926,0,0,0,1
2024-03-01 11:43:28.500,5.399861,5.435139160041102,0,0,1,0
2024-03-01 11:43:28.750,5.283743,5.263396883446673,0,0,0,0
2024-03-01 11:43:29.000,5.154328,5.1459788713204375,0,0,0,0
2024-03-01 11:43:29.250,5.053103,5.063518502014235,0,0,0,0
2024-03-01 11:43:29.500,5.005694,5.009683170287593,0,0,0,0
2024-03-01 11:43:29.750,4.990318,4.983835617463006,0,0,0,0
2024-03-01 11:43:30.000,4.97238,4.969557285621924,0,0,0,0
2024-03-01 11:43:30.250,4.949316,4.954993894332527,0,0,0,0
2024-03-01 11:43:30.500,4.945471,4.945918525441166,0,0,0,0
2024-03-01 11:43:30.750,4.949316,4.946556296433506,0,0,0,0
2024-03-01 11:43:31.000,4.953159,4.950945154739528,0,0,0,0
2024-03-01 11:43:31.250,4.950597,4.953961305606409,0,0,0,0
2024-03-01 11:43:31.500,4.946753,4.952562218710085,0,0,0,0
2024-03-01 11:43:31.750,4.957004,4.943153033901182,0,0,0,0
2024-03-01 11:43:32.000,4.923689,4.929400546376013,0,0,0,0
2024-03-01 11:43:32.250,4.904904,4.9165144638475,0,0,0,0
2024-03-01 11:43:32.500,4.91003,4.894732033617648,0,0,0,0
2024-03-01 11:43:32.750,4.853651,4.858179285774178,0,0,0,0
2024-03-01 11:43:33.000,4.842119,4.838909533762931,0,0,0,0
2024-03-01 11:43:33.250,4.866465,4.881682274158351,0,0,0,0
2024-03-01 11:43:33.500,5.001004,4.983169684164061,0,0,0,0
2024-03-01 11:43:33.750,5.086854,5.092612297742429,0,0,0,0
2024-03-01 11:43:34.000,5.167577,5.170237992330846,0,0,0,0
2024-03-01 11:43:34.250,5.213705,5.214083506602895,0,0,0,0
2024-03-01 11:43:34.500,5.241895,5.236461844272179,0,0,0,0
2024-03-01 11:43:34.750,5.23805,5.241962510940857,0,0,0,0
2024-03-01 11:43:35.000,5.225237,5.227919206863014,0,0,0,0
2024-03-01 11:43:35.250,5.200892,5.196567120506952,0,0,0,0
2024-03-01 11:43:35.500,5.173984,5.169438639355328,0,0,0,0
2024-03-01 11:43:35.750,5.168859,5.181698877321784,0,0,0,0
2024-03-01 11:43:36.000,5.255989,5.248219985687903,1,0,0,0
2024-03-01 11:43:36.250,5.348245,5.342344186556425,0,0,0,0
2024-03-01 11:43:36.500,5.402061,5.417726009429058,0,0,0,0
2024-03-01 11:43:36.750,5.461002,5.445544478759632,0,1,0,0
2024-03-01 11:43:37.000,5.424689,5.431767629021015,0,0,0,0
2024-03-01 11:43:37.250,5.405469,5.406427350263572,0,0,0,0
2024-03-01 11:43:37.500,5.3965,5.393184488760998,0,0,0,1
2024-03-01 11:43:37.750,5.383687,5.386879578544039,0,0,0,0
2024-03-01 11:43:38.000,5.368311,5.367587033519611,0,0,1,0
2024-03-01 11:43:38.250,5.342684,5.33717319049084,0,0,0,0
2024-03-01 11:43:38.500,5.323464,5.330803726163707,0,0,0,0
2024-03-01 11:43:38.750,5.384968,5.385561882034229,1,0,0,0
2024-03-01 11:43:39.000,5.514382,5.505522506714575,0,0,0,0
2024-03-01 11:43:39.250,5.654047,5.66118441918622,0,0,0,0
2024-03-01 11:43:39.500,5.807807,5.809775053222371,0,0,0,0
2024-03-01 11:43:39.750,5.921846,5.914816108102261,0,0,0,0
2024-03-01 11:43:40.000,5.962366,5.966674173650002,0,0,0,0
2024-03-01 11:43:40.250,5.993117,5.988887242652102,0,0,0,0
2024-03-01 11:43:40.500,5.998243,6.009349998062194,0,0,0,0
2024-03-01 11:43:40.750,6.040527,6.028301519334453,0,1,0,0
2024-03-01 11:43:41.000,6.026432,6.0269609018174695,0,0,0,0
2024-03-01 11:43:41.250,5.984148,5.99483752693865,0,0,0,0
2024-03-01 11:43:41.500,5.941864,5.936463469334861,0,0,0,0
2024-03-01 11:43:41.750,5.881642,5.869502989944904,0,0,0,0
2024-03-01 11:43:42.000,5.802199,5.822122112009621,0,0,0,1
2024-03-01 11:43:42.250,5.817575,5.808907611820388,0,0,0,0
2024-03-01 11:43:42.500,5.815012,5.811112261339033,0,0,0,0
2024-03-01 11:43:42.750,5.799636,5.802838799269205,0,0,0,0
2024-03-01 11:43:43.000,5.782979,5.783517298640055,0,0,0,0
2024-03-01 11:43:43.250,5.759915,5.762388047639084,0,0,0,0
2024-03-01 11:43:43.500,5.733007,5.731258238742016,0,0,1,0
2024-03-01 11:43:43.750,5.688161,5.6770960963455375,0,0,0,0
2024-03-01 11:43:44.000,5.583092,5.604841480917294,0,0,0,0
2024-03-01 11:43:44.250,5.54337,5.532431476230955,0,0,0,0
2024-03-01 11:43:44.500,5.499805,5.482564699114088,0,0,0,0
2024-03-01 11:43:44.750,5.444708,5.48119278818214,0,0,0,0
2024-03-01 11:43:45.000,5.563871,5.5329097771784355,0,0,0,0
2024-03-01 11:43:45.250,5.585654,5.59484834941914,0,0,0,0
2024-03-01 11:43:45.500,5.588217,5.604890596591445,0,0,0,0
2024-03-01 11:43:45.750,5.583092,5.5504801127020515,0,0,0,0
2024-03-01 11:43:46.000,5.47546,5.495778836837359,0,0,0,0
2024-03-01 11:43:46.250,5.507493,5.513388339671959,0,0,0,0
2024-03-01 11:43:46.500,5.598467,5.592869347042538,0,0,0,0
2024-03-01 11:43:46.750,5.676629,5.659826528123501,0,0,0,0
2024-03-01 11:43:47.000,5.661253,5.678043222454936,0,0,0,0
2024-03-01 11:43:47.250,5.661253,5.669020430428343,0,0,0,0
2024-03-01 11:43:47.500,5.657409,5.643173450246729,0,0,0,0
2024-03-01 11:43:47.750,5.599749,5.593732855844481,0,0,0,0
2024-03-01 11:43:48.000,5.538245,5.55463276721767,0,0,0,0
2024-03-01 11:43:48.250,5.59078,5.587186279240598,0,0,0,0
2024-03-01 11:43:48.500,5.711225,5.704886424853488,0,0,0,0
2024-03-01 11:43:48.750,5.86114,5.861871192032523,0,0,0,0
2024-03-01 11:43:49.000,6.003368,6.008132069502063,1,0,0,0
2024-03-01 11:43:49.250,6.119969,6.119651682173704,0,0,0,0
2024-03-01 11:43:49.500,6.194286,6.191297881856596,0,0,0,0
2024-03-01 11:43:49.750,6.237852,6.2317352822784615,0,0,0,0
2024-03-01 11:43:50.000,6.235289,6.250342779755596,0,1,0,0
2024-03-01 11:43:50.250,6.237852,6.235701687892565,0,0,0,0
2024-03-01 11:43:50.500,6.196849,6.177167065970233,0,0,0,0
2024-03-01 11:43:50.750,6.096905,6.109069186619601,0,0,0,1
2024-03-01 11:43:51.000,6.058465,6.079984308454945,0,0,1,0
2024-03-01 11:43:51.250,6.112281,6.077116036200995,0,0,0,0
2024-03-01 11:43:51.500,6.028995,6.045488530331974,0,0,0,0
2024-03-01 11:43:51.750,5.981586,5.983709379729712,0,0,0,0
2024-03-01 11:43:52.000,5.966209,5.96019893193652,0,0,0,0
2024-03-01 11:43:52.250,6.025151,6.029698420256921,0,0,0,0
2024-03-01 11:43:52.500,6.173785,6.175583079830633,1,0,0,0
2024-03-01 11:43:52.750,6.35189,6.339136951478841,0,0,0,0
2024-03-01 11:43:53.000,6.458241,6.47599337143564,0,0,0,0
2024-03-01 11:43:53.250,6.584474,6.5703997719750005,0,0,0,0
2024-03-01 11:43:53.500,6.604976,6.613459887103174,0,1,0,0
2024-03-01 11:43:53.750,6.597288,6.595759634257513,0,0,0,0
2024-03-01 11:43:54.000,6.534503,6.526454993421976,0,0,0,0
2024-03-01 11:43:54.250,6.428152,6.44017464087502,0,0,0,0
2024-03-01 11:43:54.500,6.375618,6.370452106933838,0,0,0,1
2024-03-01 11:43:54.750,6.326927,6.323705590694606,0,0,0,0
2024-03-01 11:43:55.000,6.283361,6.287267255989652,0,0,0,0
2024-03-01 11:43:55.250,6.251328,6.2513160681142725,0,0,1,0
2024-03-01 11:43:55.500,6.215451,6.214285144002512,0,0,0,0
2024-03-01 11:43:55.750,6.179574,6.177933165419898,0,0,0,0
2024-03-01 11:43:56.000,6.141134,6.144657561084566,0,0,0,0
2024-03-01 11:43:56.250,6.115507,6.114882919919687,0,0,0,0
2024-03-01 11:43:56.500,6.091162,6.0877899348121804,0,0,0,0
2024-03-01 11:43:56.750,6.064254,6.066243664961593,0,0,0,0
2024-03-01 11:43:57.000,6.050159,6.052229261279331,0,0,0,0
2024-03-01 11:43:57.250,6.037346,6.037330286825817,0,0,0,0
2024-03-01 11:43:57.500,6.020689,6.015418392955766,0,0,0,0
2024-03-01 11:43:57.750,6.005312,6.008595498394505,0,0,0,0
2024-03-01 11:43:58.000,6.055285,6.057225471859772,0,0,0,0
2024-03-01 11:43:58.250,6.171885,6.1707624283023375,1,0,0,0
2024-03-01 11:43:58.500,6.305144,6.305654030389247,0,0,0,0
2024-03-01 11:43:58.750,6.411495,6.406987923834681,0,0,0,0
2024-03-01 11:43:59.000,6.45506,6.458086354876217,0,0,0,0
2024-03-01 11:43:59.250,6.467873,6.471854409593285,0,1,0,0
2024-03-01 11:43:59.500,6.452497,6.4489113311891995,0,0,0,0
2024-03-01 11:43:59.750,6.37818,6.376501372100405,0,0,0,0
2024-03-01 11:44:00.000,6.269267,6.267813562608533,0,0,1,1
2024-03-01 11:44:00.250,6.160354,6.168093113985308,0,0,0,0
2024-03-01 11:44:00.500,6.114226,6.109893096793814,0,0,0,0
2024-03-01 11:44:00.750,6.08988,6.088086868936368,0,0,0,0
2024-03-01 11:44:01.000,6.087318,6.088060279002046,0,0,0,0
2024-03-01 11:44:01.250,6.116788,6.107781362405532,0,0,0,0
2024-03-01 11:44:01.500,6.096287,6.145020328147576,0,0,0,0
2024-03-01 11:44:01.750,6.298738,6.202627463410349,1,0,0,0
2024-03-01 11:44:02.000,6.212888,6.297852508889366,0,0,0,0
2024-03-01 11:44:02.250,6.410213,6.4101217119193254,0,0,0,0
2024-03-01 11:44:02.500,6.53194,6.464237871916331,0,0,0,0
2024-03-01 11:44:02.750,6.405088,6.441964611243273,0,0,0,0
2024-03-01 11:44:03.000,6.390993,6.4265799969528965,0,0,0,0
2024-03-01 11:44:03.250,6.505032,6.461353712940283,0,0,0,0
2024-03-01 11:44:03.500,6.483249,6.479728474125844,0,1,0,0
2024-03-01 11:44:03.750,6.410213,6.431195353491471,0,0,0,0
2024-03-01 11:44:04.000,6.347428,6.353113015226884,0,0,0,0
2024-03-01 11:44:04.250,6.308988,6.292821869688053,0,0,0,1
2024-03-01 11:44:04.500,6.275673,6.261944098240623,0,0,0,0
2024-03-01 11:44:04.750,6.220576,6.249631330760356,0,0,0,0
2024-03-01 11:44:05.000,6.182137,6.200189910904074,0,0,1,0
2024-03-01 11:44:05.250,6.120633,6.044798749844868,0,0,0,0
2024-03-01 11:44:05.500,5.766985,5.830460717363701,0,0,0,0
2024-03-01 11:44:05.750,5.722757,5.7189051463617755,0,0,0,0
2024-03-01 11:44:06.000,5.813731,5.7796768845668405,0,0,0,0
2024-03-01 11:44:06.250,5.829107,5.88314078175149,0,0,0,0
2024-03-01 11:44:06.500,5.945708,5.880504913114645,0,0,0,0
2024-03-01 11:44:06.750,5.782979,5.81076203921727,0,0,0,0
2024-03-01 11:44:07.000,5.790667,5.82671951602335,0,0,0,0
2024-03-01 11:44:07.250,6.003368,5.9606148313374865,0,0,0,0
2024-03-01 11:44:07.500,6.094343,6.09002014808577,0,0,0,0
2024-03-01 11:44:07.750,6.098186,6.1227774419379575,0,0,0,0
2024-03-01 11:44:08.000,6.086655,6.08639528018702,0,0,0,0
2024-03-01 11:44:08.250,6.057184,6.041783052278116,0,0,0,0
2024-03-01 11:44:08.500,6.027713,6.026257926991052,0,0,0,0
2024-03-01 11:44:08.750,6.054621,6.072178283888853,0,0,0,0
2024-03-01 11:44:09.000,6.194286,6.1863262687342395,1,0,0,0
2024-03-01 11:44:09.250,6.323701,6.316903686043693,0,0,0,0
2024-03-01 11:44:09.500,6.395455,6.401837592745362,0,0,0,0
2024-03-01 11:44:09.750,6.440302,6.439295012831654,0,0,0,0
2024-03-01 11:44:10.000,6.47428,6.471880855796589,0,0,0,0
2024-03-01 11:44:10.250,6.506313,6.514632116489157,0,0,0,0
2024-03-01 11:44:10.500,6.542191,6.536932093970412,0,1,0,0
2024-03-01 11:44:10.750,6.533221,6.517343346975538,0,0,0,0
2024-03-01 11:44:11.000,6.446091,6.476403097462835,0,0,0,0
2024-03-01 11:44:11.250,6.449934,6.437440585113973,0,0,0,0
2024-03-01 11:44:11.500,6.415339,6.396137138061873,0,0,0,0
2024-03-01 11:44:11.750,6.321801,6.3502515539930116,0,0,0,1
2024-03-01 11:44:12.000,6.328208,6.314608824900935,0,0,0,0
2024-03-01 11:44:12.250,6.288487,6.288903698413272,0,0,0,0
2024-03-01 11:44:12.500,6.251328,6.254356915512854,0,0,0,0
2024-03-01 11:44:12.750,6.219295,6.213586934750806,0,0,0,0
2024-03-01 11:44:13.000,6.189824,6.190701159379326,0,0,1,0
2024-03-01 11:44:13.250,6.161635,6.177656341130128,0,0,0,0
2024-03-01 11:44:13.500,6.141134,6.129003716190932,0,0,0,0
2024-03-01 11:44:13.750,6.075786,6.040432406235394,0,0,0,0
2024-03-01 11:44:14.000,5.898962,5.97723733084019,0,0,0,0
2024-03-01 11:44:14.250,6.043089,5.984741874864089,0,0,0,0
2024-03-01 11:44:14.500,6.036683,6.037128724975492,0,0,0,0
2024-03-01 11:44:14.750,6.080248,6.106128080933455,1,0,0,0
2024-03-01 11:44:15.000,6.205819,6.197938829147591,0,0,0,0
2024-03-01 11:44:15.250,6.312169,6.302083777655871,0,0,0,0
2024-03-01 11:44:15.500,6.377517,6.382473555866738,0,0,0,0
2024-03-01 11:44:15.750,6.423645,6.4274631578639365,0,0,0,0
2024-03-01 11:44:16.000,6.45506,6.452268765245934,0,0,0,0
2024-03-01 11:44:16.250,6.45506,6.458710502897985,0,1,0,0
2024-03-01 11:44:16.500,6.446091,6.4347217213341175,0,0,0,0
2024-03-01 11:44:16.750,6.371773,6.383798513082956,0,0,0,0
2024-03-01 11:44:17.000,6.323083,6.323350842012966,0,0,0,0
2024-03-01 11:44:17.250,6.274392,6.263714732972116,0,0,0,1
2024-03-01 11:44:17.500,6.203919,6.211033947495832,0,0,0,0
2024-03-01 11:44:17.750,6.173167,6.174311321966225,0,0,1,0
2024-03-01 11:44:18.000,6.148822,6.1475275666078995,0,0,0,0
2024-03-01 11:44:18.250,6.102694,6.101647807676751,0,0,0,0
2024-03-01 11:44:18.500,6.020689,6.015051512573429,0,0,0,0
2024-03-01 11:44:18.750,5.884868,5.904463311112973,0,0,0,0
2024-03-01 11:44:19.000,5.848327,5.81946161349475,0,0,0,0
2024-03-01 11:44:19.250,5.785542,5.807288003437715,0,0,0,0
2024-03-01 11:44:19.500,5.871391,5.868091129489953,0,0,0,0
2024-03-01 11:44:19.750,5.944427,5.940835188920535,0,0,0,0
2024-03-01 11:44:20.000,5.963647,5.958929010984897,0,0,0,0
2024-03-01 11:44:20.250,5.917519,5.92348845074494,0,0,0,0
2024-03-01 11:44:20.500,5.890611,5.89428293769974,0,0,0,0
2024-03-01 11:44:20.750,5.9188,5.911781747335215,0,0,0,0
2024-03-01 11:44:21.000,5.95724,5.959346236251141,0,0,0,0
2024-03-01 11:44:21.250,5.998243,5.999229729255506,0,0,0,0
2024-03-01 11:44:21.500,6.016181,6.015597308919254,0,0,0,0
2024-03-01 11:44:21.750,6.017463,6.017086457601867,0,0,0,0
2024-03-01 11:44:22.000,6.0149,6.015081046103337,0,0,0,0
2024-03-01 11:44:22.250,6.007212,6.008505263131262,0,0,0,0
2024-03-01 11:44:22.500,5.990555,5.990635532027048,0,0,0,0
2024-03-01 11:44:22.750,5.977742,5.972880433704612,0,0,0,0
2024-03-01 11:44:23.000,5.990555,5.9950024900187575,0,0,0,0
2024-03-01 11:44:23.250,6.094343,6.097595894974759,0,0,0,0
2024-03-01 11:44:23.500,6.290386,6.282590937768669,1,0,0,0
2024-03-01 11:44:23.750,6.501806,6.505049256106695,0,0,0,0
2024-03-01 11:44:24.000,6.693388,6.695598498303472,0,0,0,0
2024-03-01 11:44:24.250,6.788206,6.793256773918881,0,1,0,0
2024-03-01 11:44:24.500,6.806145,6.784197151143601,0,0,0,0
2024-03-01 11:44:24.750,6.690825,6.7154484098046945,0,0,0,0
2024-03-01 11:44:25.000,6.652385,6.645528139194609,0,0,0,0
2024-03-01 11:44:25.250,6.590881,6.585159285184577,0,0,0,0
2024-03-01 11:44:25.500,6.51272,6.513128632232956,0,0,0,1
2024-03-01 11:44:25.750,6.42687,6.431615402667817,0,0,0,0
2024-03-01 11:44:26.000,6.366648,6.367984823530232,0,0,1,0
2024-03-01 11:44:26.250,6.342303,6.335738013930344,0,0,0,0
2024-03-01 11:44:26.500,6.323083,6.3242516362538534,0,0,0,0
2024-03-01 11:44:26.750,6.308988,6.315457528230192,0,0,0,0
2024-03-01 11:44:27.000,6.298738,6.294690196058454,0,0,0,0
2024-03-01 11:44:27.250,6.267985,6.26548767454704,0,0,0,0
2024-03-01 11:44:27.500,6.266704,6.262945281514012,0,0,0,0
2024-03-01 11:44:27.750,6.305144,6.321053343851883,0,0,0,0
2024-03-01 11:44:28.000,6.42687,6.416826754877629,0,0,0,0
2024-03-01 11:44:28.250,6.490937,6.483951349478701,0,0,0,0
2024-03-01 11:44:28.500,6.483249,6.490734031554894,0,0,0,0
2024-03-01 11:44:28.750,6.458904,6.463429729417181,0,0,0,0
2024-03-01 11:44:29.000,6.433277,6.428039696578092,0,0,0,0
2024-03-01 11:44:29.250,6.382024,6.380119310410042,0,0,0,0
2024-03-01 11:44:29.500,6.325645,6.325579368883191,0,0,0,0
2024-03-01 11:44:29.750,6.297456,6.302069120060566,0,0,0,0
2024-03-01 11:44:30.000,6.332052,6.331847272389569,1,0,0,0
2024-03-01 11:44:30.250,6.387149,6.383672136441458,0,0,0,0
2024-03-01 11:44:30.500,6.410213,6.410439015527291,0,0,0,0
2024-03-01 11:44:30.750,6.40765,6.407706354501227,0,0,0,0
2024-03-01 11:44:31.000,6.406369,6.405427472658531,0,0,0,0
2024-03-01 11:44:31.250,6.396119,6.411364350957626,0,0,0,0
2024-03-01 11:44:31.500,6.431996,6.402838182859598,0,0,0,0
2024-03-01 11:44:31.750,6.360241,6.380302917679181,0,0,0,0
2024-03-01 11:44:32.000,6.383305,6.383079586680254,0,0,0,0
2024-03-01 11:44:32.250,6.434558,6.430348175473226,0,0,0,0
2024-03-01 11:44:32.500,6.487093,6.483551522814828,0,0,0,0
2024-03-01 11:44:32.750,6.483249,6.488777167892172,0,1,0,0
2024-03-01 11:44:33.000,6.430715,6.433396700839738,0,0,0,0
2024-03-01 11:44:33.250,6.366648,6.351782469918629,0,0,0,1
2024-03-01 11:44:33.500,6.269267,6.288537669542593,0,0,1,0
2024-03-01 11:44:33.750,6.266704,6.258620758896725,0,0,0,0
2024-03-01 11:44:34.000,6.250047,6.243558968530228,0,0,0,0
2024-03-01 11:44:34.250,6.218014,6.224100980133513,0,0,0,0
2024-03-01 11:44:34.500,6.192387,6.197713866844564,0,0,0,0
2024-03-01 11:44:34.750,6.171885,6.163708107877081,0,0,0,0
2024-03-01 11:44:35.000,6.121914,6.119783983203902,0,0,0,0
2024-03-01 11:44:35.250,6.065535,6.075644151068876,0,0,0,0
2024-03-01 11:44:35.500,6.051441,6.04537000278221,0,0,0,0
2024-03-01 11:44:35.750,6.029658,6.029170016040623,0,0,0,0
2024-03-01 11:44:36.000,6.019407,6.018970857646817,0,0,0,0
2024-03-01 11:44:36.250,6.007875,6.0096084753494345,0,0,0,0
2024-03-01 11:44:36.500,5.987374,5.994503894580442,0,0,0,0
2024-03-01 11:44:36.750,5.987374,5.973612729566615,0,0,0,0
2024-03-01 11:44:37.000,5.971998,5.967957855364611,0,0,0,0
2024-03-01 11:44:37.250,5.959185,5.98390269746801,0,0,0,0
2024-03-01 11:44:37.500,5.965591,5.973973412266933,0,0,0,0
2024-03-01 11:44:37.750,5.993781,5.910683575407827,0,0,0,0
2024-03-01 11:44:38.000,5.77211,5.874089175103934,0,0,0,0
2024-03-01 11:44:38.250,5.98543,5.951631662605497,0,0,0,0
2024-03-01 11:44:38.500,6.117407,6.089891893615051,0,0,0,0
2024-03-01 11:44:38.750,6.154565,6.174737409827314,0,0,0,0
2024-03-01 11:44:39.000,6.200693,6.2026468226643985,1,0,0,0
2024-03-01 11:44:39.250,6.240415,6.248399333563208,0,0,0,0
2024-03-01 11:44:39.500,6.342921,6.324373097166142,0,0,0,0
2024-03-01 11:44:39.750,6.376235,6.380366843956406,0,0,0,0
2024-03-01 11:44:40.000,6.386486,6.395458496514711,0,1,0,0
2024-03-01 11:44:40.250,6.389049,6.387224382025719,0,0,0,0
2024-03-01 11:44:40.500,6.368547,6.363416367739857,0,0,0,0
2024-03-01 11:44:40.750,6.330108,6.325532976734239,0,0,0,0
2024-03-01 11:44:41.000,6.281417,6.29581440393786,0,0,0,0
2024-03-01 11:44:41.250,6.3032,6.29629944529833,0,0,0,0
2024-03-01 11:44:41.500,6.326263,6.3193549483718545,0,0,0,0
2024-03-01 11:44:41.750,6.335233,6.344645619573448,0,0,0,0
2024-03-01 11:44:42.000,6.367266,6.3634993767072,0,0,0,0
2024-03-01 11:44:42.250,6.368547,6.37067775047588,0,0,0,0
2024-03-01 11:44:42.500,6.359578,6.356524888168697,0,0,0,0
2024-03-01 11:44:42.750,6.32242,6.32058117144644,0,0,0,0
2024-03-01 11:44:43.000,6.266041,6.2727268034227635,0,0,0,1
2024-03-01 11:44:43.250,6.213506,6.215395872833168,0,0,0,0
2024-03-01 11:44:43.500,6.164816,6.148669336180383,0,0,1,0
2024-03-01 11:44:43.750,6.081529,6.092093926522358,0,0,0,0
2024-03-01 11:44:44.000,6.05334,6.069672101925106,0,0,0,0
2024-03-01 11:44:44.250,6.111,6.080145908075943,0,0,0,0
2024-03-01 11:44:44.500,6.102031,6.114810729464061,0,0,0,0
2024-03-01 11:44:44.750,6.16866,6.180469106533275,1,0,0,0
2024-03-01 11:44:45.000,6.280136,6.268106723775329,0,0,0,0
2024-03-01 11:44:45.250,6.335233,6.3348371362930695,0,0,0,0
2024-03-01 11:44:45.500,6.354453,6.353683981723148,0,1,0,0
2024-03-01 11:44:45.750,6.336514,6.346774873816039,0,0,0,0
2024-03-01 11:44:46.000,6.353171,6.342856820559897,0,0,0,0
2024-03-01 11:44:46.250,6.331389,6.3345086016283245,0,0,0,0
2024-03-01 11:44:46.500,6.298074,6.301648808529151,0,0,0,0
2024-03-01 11:44:46.750,6.26476,6.257329064544912,0,0,0,1
2024-03-01 11:44:47.000,6.240415,6.2404922099674085,0,0,0,0
2024-03-01 11:44:47.250,6.237852,6.25197597561756,0,0,0,0
2024-03-01 11:44:47.500,6.230164,6.221865066471615,0,0,0,0
2024-03-01 11:44:47.750,6.102031,6.084900945155343,0,0,1,0
2024-03-01 11:44:48.000,5.856015,5.885565981699889,0,0,0,0
2024-03-01 11:44:48.250,5.781698,5.753738333535297,0,0,0,0
2024-03-01 11:44:48.500,5.730444,5.760742171773326,0,0,0,0
2024-03-01 11:44:48.750,5.868828,5.84763111830108,0,0,0,0
2024-03-01 11:44:49.000,5.923925,5.91922540018195,0,0,0,0
2024-03-01 11:44:49.250,5.943146,5.954605900131826,0,0,0,0
2024-03-01 11:44:49.500,5.972616,5.973550216704068,0,0,0,0
2024-03-01 11:44:49.750,5.930332,5.95711573108958,0,0,0,0
2024-03-01 11:44:50.000,5.999524,5.899845628196562,0,0,0,0
2024-03-01 11:44:50.250,5.757353,5.881832374298429,0,0,0,0
2024-03-01 11:44:50.500,6.018744,5.963301864343515,0,0,0,0
2024-03-01 11:44:50.750,6.089217,6.072220521381297,0,0,0,0
2024-03-01 11:44:51.000,6.109719,6.123556356726328,0,0,0,0
2024-03-01 11:44:51.250,6.14944,6.163890829793587,1,0,0,0
2024-03-01 11:44:51.500,6.280136,6.2749297014089445,0,0,0,0
2024-03-01 11:44:51.750,6.436458,6.423894057643182,0,0,0,0
2024-03-01 11:44:52.000,6.515283,6.520254059891653,0,0,0,0
2024-03-01 11:44:52.250,6.548597,6.549474327465021,0,0,0,0
2024-03-01 11:44:52.500,6.546034,6.558504371726862,0,1,0,0
2024-03-01 11:44:52.750,6.575505,6.556624040354814,0,0,0,0
2024-03-01 11:44:53.000,6.50375,6.511844903055336,0,0,0,0
2024-03-01 11:44:53.250,6.42687,6.427351503710915,0,0,0,0
2024-03-01 11:44:53.500,6.356397,6.355079815195002,0,0,0,0
2024-03-01 11:44:53.750,6.323083,6.320955344593539,0,0,0,1
2024-03-01 11:44:54.000,6.259016,6.275898992422533,0,0,0,0
2024-03-01 11:44:54.250,6.18598,6.155984134217013,0,0,1,0
2024-03-01 11:44:54.500,5.966873,5.982775991242528,0,0,0,0
2024-03-01 11:44:54.750,5.84899,5.857212476115455,0,0,0,0
2024-03-01 11:44:55.000,5.848327,5.83984554711637,0,0,0,0
2024-03-01 11:44:55.250,5.88933,5.885270121246307,0,0,0,0
2024-03-01 11:44:55.500,5.913675,5.916958690738691,0,0,0,0
2024-03-01 11:44:55.750,5.913675,5.922785174351604,0,0,0,0
2024-03-01 11:44:56.000,5.973897,5.949495113957366,0,0,0,0
2024-03-01 11:44:56.250,5.991836,6.027077165463801,0,0,0,0
2024-03-01 11:44:56.500,6.152002,6.125219646984442,0,0,0,0
2024-03-01 11:44:56.750,6.186598,6.18817629138916,0,0,0,0
2024-03-01 11:44:57.000,6.180192,6.192655519620211,0,0,0,0
2024-03-01 11:44:57.250,6.154565,6.1530767555461505,0,0,0,0
2024-03-01 11:44:57.500,6.108438,6.094932780178191,0,0,0,0
2024-03-01 11:44:57.750,6.041808,6.049622140128444,0,0,0,0
2024-03-01 11:44:58.000,6.03412,6.044379052074093,0,0,0,0
2024-03-01 11:44:58.250,6.084092,6.0707448638126795,0,0,0,0
2024-03-01 11:44:58.500,6.09178,6.09131073310161,0,0,0,0
2024-03-01 11:44:58.750,6.080248,6.088681557572501,0,0,0,0
2024-03-01 11:44:59.000,6.081529,6.0785569633588,0,0,0,0
2024-03-01 11:44:59.250,6.078967,6.076117241939841,0,0,0,0
2024-03-01 11:44:59.500,6.077685,6.0801749705881365,0,0,0,0
2024-03-01 11:44:59.750,6.089217,6.087420368725873,0,0,0,0
2024-03-01 11:45:00.000,6.094343,6.09654630949705,0,0,0,0
2024-03-01 11:45:00.250,6.099468,6.100813264043921,0,0,0,0
2024-03-01 11:45:00.500,6.104593,6.1009351857650245,0,0,0,0
2024-03-01 11:45:00.750,6.128939,6.124388964071018,1,0,0,0
2024-03-01 11:45:01.000,6.189161,6.196162993959106,0,0,0,0
2024-03-01 11:45:01.250,6.262197,6.280030956672749,0,0,0,0
2024-03-01 11:45:01.500,6.342921,6.299667529087702,0,1,0,0
2024-03-01 11:45:01.750,6.214788,6.244059466235969,0,0,0,0
2024-03-01 11:45:02.000,6.190443,6.1922240974890235,0,0,0,1
2024-03-01 11:45:02.250,6.205819,6.20062022026791,0,0,0,0
2024-03-01 11:45:02.500,6.239133,6.230665217548091,0,0,0,0
2024-03-01 11:45:02.750,6.213506,6.2216099450726405,0,0,0,0
2024-03-01 11:45:03.000,6.173785,6.174375276007047,0,0,0,0
2024-03-01 11:45:03.250,6.13022,6.128751607932505,0,0,0,0
2024-03-01 11:45:03.500,6.103312,6.102080284655967,0,0,0,0
2024-03-01 11:45:03.750,6.081529,6.082971689067545,0,0,1,0
2024-03-01 11:45:04.000,6.064872,6.062715020304072,0,0,0,0
2024-03-01 11:45:04.250,6.043089,6.0458614685315615,0,0,0,0
2024-03-01 11:45:04.500,6.03412,6.034283059822932,0,0,0,0
2024-03-01 11:45:04.750,6.022588,6.019865679205381,0,0,0,0
2024-03-01 11:45:05.000,5.998243,5.998517657298722,0,0,0,0
2024-03-01 11:45:05.250,5.97646,5.9785882832162764,0,0,0,0
2024-03-01 11:45:05.500,5.966209,5.967073054860526,0,0,0,0
2024-03-01 11:45:05.750,5.962366,5.958539217616291,0,0,0,0
2024-03-01 11:45:06.000,5.945708,5.946642757648524,0,0,0,0
2024-03-01 11:45:06.250,5.932895,5.9350375953222745,0,0,0,0
2024-03-01 11:45:06.500,5.926488,5.92810448141737,0,0,0,0
2024-03-01 11:45:06.750,5.930332,5.923704488574813,0,0,0,0
2024-03-01 11:45:07.000,5.9188,5.922053791523451,0,0,0,0
2024-03-01 11:45:07.250,5.921363,5.925488770873577,0,0,0,0
2024-03-01 11:45:07.500,5.926488,5.923922369108218,0,0,0,0
2024-03-01 11:45:07.750,5.907269,5.900305828662902,0,0,0,0
2024-03-01 11:45:08.000,5.844483,5.8557155209934795,0,0,0,0
2024-03-01 11:45:08.250,5.817575,5.809761560871266,0,0,0,0
2024-03-01 11:45:08.500,5.768885,5.7738414305334205,0,0,0,0
2024-03-01 11:45:08.750,5.747102,5.744070216166474,0,0,0,0
2024-03-01 11:45:09.000,5.726601,5.7247928489671125,0,0,0,0
2024-03-01 11:45:09.250,5.73557,5.740118212915252,0,0,0,0
2024-03-01 11:45:09.500,5.811169,5.810234634655737,0,0,0,0
2024-03-01 11:45:09.750,5.92777,5.924480873661361,1,0,0,0
2024-03-01 11:45:10.000,6.043089,6.046428226012222,0,0,0,0
2024-03-01 11:45:10.250,6.141752,6.1408105198816125,0,0,0,0
2024-03-01 11:45:10.500,6.193005,6.192000044143548,0,0,0,0
2024-03-01 11:45:10.750,6.203256,6.20354910922595,0,1,0,0
2024-03-01 11:45:11.000,6.184036,6.186449823797335,0,0,0,0
2024-03-01 11:45:11.250,6.152002,6.1492278745270195,0,0,0,0
2024-03-01 11:45:11.500,6.099468,6.098732380628251,0,0,0,0
2024-03-01 11:45:11.750,6.040527,6.04404693708042,0,0,0,0
2024-03-01 11:45:12.000,5.994399,5.992542214563911,0,0,0,1
2024-03-01 11:45:12.250,5.94699,5.945679966648665,0,0,0,0
2024-03-01 11:45:12.500,5.902143,5.903796237763951,0,0,0,0
2024-03-01 11:45:12.750,5.87011,5.869753742225424,0,0,0,0
2024-03-01 11:45:13.000,5.843202,5.843855841747275,0,0,1,0
2024-03-01 11:45:13.250,5.822701,5.821530939502808,0,0,0,0
2024-03-01 11:45:13.500,5.800918,5.799709399182025,0,0,0,0
2024-03-01 11:45:13.750,5.775291,5.779646734898686,0,0,0,0
2024-03-01 11:45:14.000,5.76504,5.761866528639448,0,0,0,0
2024-03-01 11:45:14.250,5.747102,5.745227908679661,0,0,0,0
2024-03-01 11:45:14.500,5.726601,5.730833448665983,0,0,0,0
2024-03-01 11:45:14.750,5.720194,5.719342065757355,0,0,0,0
2024-03-01 11:45:15.000,5.709943,5.707109913747138,0,0,0,0
2024-03-01 11:45:15.250,5.690723,5.692293034551689,0,0,0,0
2024-03-01 11:45:15.500,5.67791,5.679163807374759,0,0,0,0
2024-03-01 11:45:15.750,5.670222,5.669950751608652,0,0,0,0
2024-03-01 11:45:16.000,5.662534,5.66043433992004,0,0,0,0
2024-03-01 11:45:16.250,5.648439,5.6493842864539765,0,0,0,0
2024-03-01 11:45:16.500,5.642033,5.643297932419809,0,0,0,0
2024-03-01 11:45:16.750,5.645877,5.646549833478341,0,0,0,0
2024-03-01 11:45:17.000,5.659971,5.655314577602036,0,0,0,0
2024-03-01 11:45:17.250,5.659971,5.664288531234081,0,0,0,0
2024-03-01 11:45:17.500,5.670222,5.6709222326203825,0,0,0,0
2024-03-01 11:45:17.750,5.676629,5.672718509641887,0,0,0,0
2024-03-01 11:45:18.000,5.667659,5.669048106812117,0,0,0,0
2024-03-01 11:45:18.250,5.661253,5.663991919794033,0,0,0,0
2024-03-01 11:45:18.500,5.663815,5.66082462055718,0,0,0,0
2024-03-01 11:45:18.750,5.657409,5.657907862802458,0,0,0,0
2024-03-01 11:45:19.000,5.653565,5.6539730565781525,0,0,0,0
2024-03-01 11:45:19.250,5.651002,5.651032154741924,0,0,0,0
2024-03-01 11:45:19.500,5.648439,5.6498132534495165,0,0,0,0
2024-03-01 11:45:19.750,5.653565,5.650071007179246,0,0,0,0
2024-03-01 11:45:20.000,5.654846,5.65734096052975,0,0,0,0
2024-03-01 11:45:20.250,5.680473,5.680673888783588,1,0,0,0
2024-03-01 11:45:20.500,5.720194,5.719982658955366,0,0,0,0
2024-03-01 11:45:20.750,5.763759,5.762377415936032,0,0,0,0
2024-03-01 11:45:21.000,5.79323,5.793851659002676,0,0,0,0
2024-03-01 11:45:21.250,5.807324,5.809289783179229,0,0,0,0
2024-03-01 11:45:21.500,5.813731,5.8109982727670335,0,1,0,0
2024-03-01 11:45:21.750,5.803481,5.803953062339784,0,0,0,0
2024-03-01 11:45:22.000,5.790667,5.792473321055855,0,0,0,0
2024-03-01 11:45:22.250,5.777854,5.777003396947614,0,0,0,0
2024-03-01 11:45:22.500,5.757353,5.755947305713388,0,0,0,0
2024-03-01 11:45:22.750,5.731726,5.732244676727478,0,0,0,1
2024-03-01 11:45:23.000,5.709943,5.7122271696356375,0,0,0,0
2024-03-01 11:45:23.250,5.698411,5.696847236604414,0,0,0,0
2024-03-01 11:45:23.500,5.684317,5.681803587933976,0,0,1,0
2024-03-01 11:45:23.750,5.662534,5.66645332727993,0,0,0,0
2024-03-01 11:45:24.000,5.654846,5.654129282323322,0,0,0,0
2024-03-01 11:45:24.250,5.647158,5.644752928536008,0,0,0,0
2024-03-01 11:45:24.500,5.633063,5.63516588405745,0,0,0,0
2024-03-01 11:45:24.750,5.625375,5.625012289745601,0,0,0,0
2024-03-01 11:45:25.000,5.616406,5.616202351971863,0,0,0,0
2024-03-01 11:45:25.250,5.608718,5.608574989160205,0,0,0,0
2024-03-01 11:45:25.500,5.599749,5.599996767779316,0,0,0,0
2024-03-01 11:45:25.750,5.589498,5.589421695034086,0,0,0,0
2024-03-01 11:45:26.000,5.577966,5.578363828216785,0,0,0,0
2024-03-01 11:45:26.250,5.571559,5.570012756418315,0,0,0,0
2024-03-01 11:45:26.500,5.563871,5.56588132610823,0,0,0,0
2024-03-01 11:45:26.750,5.56259,5.562430681669777,0,0,0,0
2024-03-01 11:45:27.000,5.556184,5.554356044001795,0,0,0,0
2024-03-01 11:45:27.250,5.542089,5.54303401384958,0,0,0,0
2024-03-01 11:45:27.500,5.535682,5.535974482524282,0,0,0,0
2024-03-01 11:45:27.750,5.53312,5.534284020580536,0,0,0,0
2024-03-01 11:45:28.000,5.530557,5.5289219499472,0,0,0,0
2024-03-01 11:45:28.250,5.519025,5.51790161110236,0,0,0,0
2024-03-01 11:45:28.500,5.519025,5.521125066620193,0,0,0,0
2024-03-01 11:45:28.750,5.566434,5.5663263790385145,0,0,0,0
2024-03-01 11:45:29.000,5.659971,5.65994258364897,1,0,0,0
2024-03-01 11:45:29.250,5.780416,5.778553519651924,0,0,0,0
2024-03-01 11:45:29.500,5.885486,5.887910913369478,0,0,0,0
2024-03-01 11:45:29.750,5.966209,5.965214285603579,0,0,0,0
2024-03-01 11:45:30.000,6.007212,6.005849254914074,0,0,0,0
2024-03-01 11:45:30.250,6.013619,6.015841403284366,0,1,0,0
2024-03-01 11:45:30.500,6.000805,6.0011385177511825,0,0,0,0
2024-03-01 11:45:30.750,5.968772,5.965671786494898,0,0,0,0
2024-03-01 11:45:31.000,5.916238,5.917760000987425,0,0,0,0
2024-03-01 11:45:31.250,5.867547,5.86949073168516,0,0,0,0
2024-03-01 11:45:31.500,5.827826,5.826436678805688,0,0,0,1
2024-03-01 11:45:31.750,5.788105,5.786317880606813,0,0,0,0
2024-03-01 11:45:32.000,5.748383,5.749634672373722,0,0,0,0
2024-03-01 11:45:32.250,5.718913,5.721329699906543,0,0,1,0
2024-03-01 11:45:32.500,5.703537,5.701014111738419,0,0,0,0
2024-03-01 11:45:32.750,5.684317,5.682715986460446,0,0,0,0
2024-03-01 11:45:33.000,5.661253,5.664383297616914,0,0,0,0
2024-03-01 11:45:33.250,5.647158,5.647773496973484,0,0,0,0
2024-03-01 11:45:33.500,5.635626,5.631989339767049,0,0,0,0
2024-03-01 11:45:33.750,5.615125,5.616533554521208,0,0,0,0
2024-03-01 11:45:34.000,5.603593,5.605014852289165,0,0,0,0
2024-03-01 11:45:34.250,5.597186,5.597437864463334,0,0,0,0
2024-03-01 11:45:34.500,5.589498,5.587791407197951,0,0,0,0
2024-03-01 11:45:34.750,5.580529,5.577767076824143,0,0,0,0
2024-03-01 11:45:35.000,5.574122,5.581350627121554,0,0,0,0
2024-03-01 11:45:35.250,5.61,5.605943312923327,0,0,0,0
2024-03-01 11:45:35.500,5.642033,5.640168232876247,0,0,0,0
2024-03-01 11:45:35.750,5.666378,5.668832600962265,0,0,0,0
2024-03-01 11:45:36.000,5.688161,5.688220327124463,0,0,0,0
2024-03-01 11:45:36.250,5.699693,5.6998527528843335,0,0,0,0
2024-03-01 11:45:36.500,5.703537,5.70155207257628,0,0,0,0
2024-03-01 11:45:36.750,5.690723,5.692287013202767,0,0,0,0
2024-03-01 11:45:37.000,5.676629,5.676928421495312,0,0,0,0
2024-03-01 11:45:37.250,5.661253,5.659502288552411,0,0,0,0
2024-03-01 11:45:37.500,5.634345,5.638237725430456,0,0,0,0
2024-03-01 11:45:37.750,5.618969,5.61502981461524,0,0,0,0
2024-03-01 11:45:38.000,5.606155,5.6021728240150805,0,0,0,0
2024-03-01 11:45:38.250,5.59078,5.600935369542702,0,0,0,0
2024-03-01 11:45:38.500,5.575404,5.579721773000822,0,0,0,0
2024-03-01 11:45:38.750,5.538245,5.51236453706732,0,0,0,0
2024-03-01 11:45:39.000,5.421644,5.440119441373277,0,0,0,0
2024-03-01 11:45:39.250,5.429815,5.439417996346822,0,0,0,0
2024-03-01 11:45:39.500,5.532321,5.516549733638035,0,0,0,0
2024-03-01 11:45:39.750,5.595106,5.594748845765681,0,0,0,0
2024-03-01 11:45:40.000,5.610482,5.617096593967572,0,0,0,0
2024-03-01 11:45:40.250,5.604075,5.603060666855765,0,0,0,0
2024-03-01 11:45:40.500,5.592544,5.591788882792997,0,0,0,0
2024-03-01 11:45:40.750,5.582293,5.584488689662692,0,0,0,0
2024-03-01 11:45:41.000,5.573324,5.567601720827867,0,0,0,0
2024-03-01 11:45:41.250,5.555385,5.553803331755205,0,0,0,0
2024-03-01 11:45:41.500,5.545135,5.557995656579918,0,0,0,0
2024-03-01 11:45:41.750,5.551541,5.551641416738733,0,0,0,0
2024-03-01 11:45:42.000,5.525915,5.496308345640102,0,0,0,0
2024-03-01 11:45:42.250,5.384968,5.416423631039996,0,0,0,0
2024-03-01 11:45:42.500,5.37728,5.375988295509592,0,0,0,0
2024-03-01 11:45:42.750,5.404188,5.388190680360318,0,0,0,0
2024-03-01 11:45:43.000,5.408032,5.4113204258587935,0,0,0,0
2024-03-01 11:45:43.250,5.411876,5.421088276671551,0,0,0,0
2024-03-01 11:45:43.500,5.429815,5.426787055779555,0,0,0,0
2024-03-01 11:45:43.750,5.438784,5.433892042115667,0,0,0,0
2024-03-01 11:45:44.000,5.442628,5.443073508148245,0,0,0,0
2024-03-01 11:45:44.250,5.465692,5.471026772623937,0,0,0,0
2024-03-01 11:45:44.500,5.534884,5.532734647724506,1,0,0,0
2024-03-01 11:45:44.750,5.614326,5.6128619912693605,0,0,0,0
2024-03-01 11:45:45.000,5.680955,5.679321805650348,0,0,0,0
2024-03-01 11:45:45.250,5.711708,5.715892704872065,0,0,0,0
2024-03-01 11:45:45.500,5.727083,5.726741817144434,0,0,0,0
2024-03-01 11:45:45.750,5.725802,5.721662199141119,0,0,0,0
2024-03-01 11:45:46.000,5.709145,5.710836579997097,0,0,0,0
2024-03-01 11:45:46.250,5.698894,5.704851554838152,0,0,0,0
2024-03-01 11:45:46.500,5.719396,5.710508354036627,0,0,0,0
2024-03-01 11:45:46.750,5.728365,5.728576296966194,0,0,0,0
2024-03-01 11:45:47.000,5.738616,5.751459301483137,0,0,0,0
2024-03-01 11:45:47.250,5.777055,5.763774065452565,0,1,0,0
2024-03-01 11:45:47.500,5.760398,5.759323218845208,0,0,0,0
2024-03-01 11:45:47.750,5.741178,5.748538645085252,0,0,0,0
2024-03-01 11:45:48.000,5.720677,5.727363275492,0,0,0,0
2024-03-01 11:45:48.250,5.680955,5.664880986041809,0,0,0,0
2024-03-01 11:45:48.500,5.556666,5.559701171495031,0,0,1,1
2024-03-01 11:45:48.750,5.469536,5.474925605223694,0,0,0,0
2024-03-01 11:45:49.000,5.456723,5.466776984550147,0,0,0,0
2024-03-01 11:45:49.250,5.529758,5.508473402970345,0,0,0,0
2024-03-01 11:45:49.500,5.524633,5.532584995322477,0,0,0,0
2024-03-01 11:45:49.750,5.510539,5.518478596915894,0,0,0,0
2024-03-01 11:45:50.000,5.501569,5.495057135107581,0,0,0,0
2024-03-01 11:45:50.250,5.488756,5.485006646125707,0,0,0,0
2024-03-01 11:45:50.500,5.474661,5.483384305515269,0,0,0,0
2024-03-01 11:45:50.750,5.481068,5.47668623597437,0,0,0,0
2024-03-01 11:45:51.000,5.465692,5.461885634462339,0,0,0,0
2024-03-01 11:45:51.250,5.442628,5.4473370473028355,0,0,0,0
2024-03-01 11:45:51.500,5.433659,5.437791070650899,0,0,0,0
2024-03-01 11:45:51.750,5.436221,5.428793468879034,0,0,0,0
2024-03-01 11:45:52.000,5.431096,5.425466419875942,0,0,0,0
2024-03-01 11:45:52.250,5.427252,5.4448543067805195,0,0,0,0
2024-03-01 11:45:52.500,5.488756,5.481240727449945,0,0,0,0
2024-03-01 11:45:52.750,5.510539,5.499203528159312,0,0,0,0
2024-03-01 11:45:53.000,5.469536,5.48227062739809,0,0,0,0
2024-03-01 11:45:53.250,5.456723,5.4557170609870855,0,0,0,0
2024-03-01 11:45:53.500,5.447753,5.4446586841800055,0,0,0,0
2024-03-01 11:45:53.750,5.443909,5.443113262476157,0,0,0,0
2024-03-01 11:45:54.000,5.436221,5.4369306366191825,0,0,0,0
2024-03-01 11:45:54.250,5.424689,5.427628786330301,0,0,0,0
2024-03-01 11:45:54.500,5.424689,5.422299487466039,0,0,0,0
2024-03-01 11:45:54.750,5.422127,5.420272373622834,0,0,0,0
2024-03-01 11:45:55.000,5.414439,5.417810503169881,0,0,0,0
2024-03-01 11:45:55.250,5.414439,5.413918085120095,0,0,0,0
2024-03-01 11:45:55.500,5.410594,5.408393779103415,0,0,0,0
2024-03-01 11:45:55.750,5.400344,5.401715683314391,0,0,0,0
2024-03-01 11:45:56.000,5.395219,5.395949677544341,0,0,0,0
2024-03-01 11:45:56.250,5.391375,5.390986661020744,0,0,0,0
2024-03-01 11:45:56.500,5.384968,5.383613415296674,0,0,0,0
2024-03-01 11:45:56.750,5.372155,5.373265902426266,0,0,0,0
2024-03-01 11:45:57.000,5.363185,5.363363625523805,0,0,0,0
2024-03-01 11:45:57.250,5.354216,5.35532174268953,0,0,0,0
2024-03-01 11:45:57.500,5.351654,5.347634664221333,0,0,0,0
2024-03-01 11:45:57.750,5.337559,5.341462342959362,0,0,0,0
2024-03-01 11:45:58.000,5.340121,5.339627309285132,0,0,0,0
2024-03-01 11:45:58.250,5.341403,5.3398934799145295,0,0,0,0
2024-03-01 11:45:58.500,5.336277,5.336942414559885,0,0,0,0
2024-03-01 11:45:58.750,5.331152,5.3307763575047655,0,0,0,0
2024-03-01 11:45:59.000,5.324746,5.32620901864295,0,0,0,0
2024-03-01 11:45:59.250,5.326027,5.325375550297862,0,0,0,0
2024-03-01 11:45:59.500,5.329871,5.327458634600434,0,0,0,0
2024-03-01 11:45:59.750,5.329871,5.333326785760072,0,0,0,0
2024-03-01 11:46:00.000,5.343966,5.342845509219405,0,0,0,0
2024-03-01 11:46:00.250,5.350372,5.350332487819545,0,0,0,0
2024-03-01 11:46:00.500,5.352935,5.35072538326369,0,0,0,0
2024-03-01 11:46:00.750,5.343966,5.347313572002687,0,0,0,0
2024-03-01 11:46:01.000,5.346528,5.345959835803254,0,0,0,0
2024-03-01 11:46:01.250,5.347809,5.345900284976757,0,0,0,0
2024-03-01 11:46:01.500,5.342684,5.343317376306875,0,0,0,0
2024-03-01 11:46:01.750,5.337559,5.338828535755443,0,0,0,0
2024-03-01 11:46:02.000,5.334996,5.334819716577041,0,0,0,0
2024-03-01 11:46:02.250,5.332434,5.330396546579879,0,0,0,0
2024-03-01 11:46:02.500,5.322183,5.323969808606867,0,0,0,0
2024-03-01 11:46:02.750,5.315776,5.316099641530539,0,0,0,0
2024-03-01 11:46:03.000,5.308088,5.307068826219102,0,0,0,0
2024-03-01 11:46:03.250,5.296556,5.296514990424194,0,0,0,0
2024-03-01 11:46:03.500,5.286305,5.286332322920299,0,0,0,0
2024-03-01 11:46:03.750,5.277336,5.278933020992619,0,0,0,0
2024-03-01 11:46:04.000,5.274774,5.273075765324975,0,0,0,0
2024-03-01 11:46:04.250,5.267086,5.2662595730779245,0,0,0,0
2024-03-01 11:46:04.500,5.256835,5.259395023737841,0,0,0,0
2024-03-01 11:46:04.750,5.255554,5.254218110926684,0,0,0,0
2024-03-01 11:46:05.000,5.249147,5.249185394604613,0,0,0,0
2024-03-01 11:46:05.250,5.244021,5.242701700380528,0,0,0,0
2024-03-01 11:46:05.500,5.233771,5.236208537402315,0,0,0,0
2024-03-01 11:46:05.750,5.229927,5.230079057302817,0,0,0,0
2024-03-01 11:46:06.000,5.226083,5.2222564004276695,0,0,0,0
2024-03-01 11:46:06.250,5.210707,5.214042189858977,0,0,0,0
2024-03-01 11:46:06.500,5.209426,5.209560597196059,0,0,0,0
2024-03-01 11:46:06.750,5.208144,5.207108951169861,0,0,0,0
2024-03-01 11:46:07.000,5.200456,5.20020730670395,0,0,0,0
2024-03-01 11:46:07.250,5.190206,5.189093272256044,0,0,0,0
2024-03-01 11:46:07.500,5.177392,5.180963359188105,0,0,0,0
2024-03-01 11:46:07.750,5.178674,5.177219921586249,0,0,0,0
2024-03-01 11:46:08.000,5.17483,5.171753851539111,0,0,0,0
2024-03-01 11:46:08.250,5.160735,5.163371315046771,0,0,0,0
2024-03-01 11:46:08.500,5.15561,5.157489828830705,0,0,0,0
2024-03-01 11:46:08.750,5.156891,5.154249593313815,0,0,0,0
2024-03-01 11:46:09.000,5.149203,5.14808132103145,0,0,0,0
2024-03-01 11:46:09.250,5.137671,5.1400417572681105,0,0,0,0
2024-03-01 11:46:09.500,5.137671,5.138615290686727,0,0,0,0
2024-03-01 11:46:09.750,5.151766,5.148599521629966,0,0,0,0
2024-03-01 11:46:10.000,5.167142,5.168375329771218,0,0,0,0
2024-03-01 11:46:10.250,5.19405,5.19448595775952,0,0,0,0
2024-03-01 11:46:10.500,5.218395,5.220971100623547,0,0,0,0
2024-03-01 11:46:10.750,5.246584,5.2398053718148185,0,0,0,0
2024-03-01 11:46:11.000,5.24274,5.247960138295548,0,0,0,0
2024-03-01 11:46:11.250,5.246584,5.248061683111433,0,0,0,0
2024-03-01 11:46:11.500,5.246584,5.2414670597954665,0,0,0,0
2024-03-01 11:46:11.750,5.227365,5.2292560069459855,0,0,0,0
2024-03-01 11:46:12.000,5.214551,5.216962997807923,0,0,0,0
2024-03-01 11:46:12.250,5.210707,5.208438119137554,0,0,0,0
2024-03-01 11:46:12.500,5.199175,5.199521902796509,0,0,0,0
2024-03-01 11:46:12.750,5.186362,5.186041678994442,0,0,0,0
2024-03-01 11:46:13.000,5.172267,5.17215356257439,0,0,0,0
2024-03-01 11:46:13.250,5.160735,5.163249270927723,0,0,0,0
2024-03-01 11:46:13.500,5.159454,5.156664053743997,0,0,0,0
2024-03-01 11:46:13.750,5.147922,5.147477041615247,0,0,0,0
2024-03-01 11:46:14.000,5.13639,5.137934338850554,0,0,0,0
2024-03-01 11:46:14.250,5.129983,5.132082738850394,0,0,0,0
2024-03-01 11:46:14.500,5.131265,5.126617095225176,0,0,0,0
2024-03-01 11:46:14.750,5.114607,5.116835634150929,0,0,0,0
2024-03-01 11:46:15.000,5.105638,5.105947046749878,0,0,0,0
2024-03-01 11:46:15.250,5.09795,5.099065588091648,0,0,0,0
2024-03-01 11:46:15.500,5.096669,5.094196983681446,0,0,0,0
2024-03-01 11:46:15.750,5.087699,5.087512913442406,0,0,0,0
2024-03-01 11:46:16.000,5.077448,5.08062717927247,0,0,0,0
2024-03-01 11:46:16.250,5.077448,5.075264262120787,0,0,0,0
2024-03-01 11:46:16.500,5.068479,5.068398718447736,0,0,0,0
2024-03-01 11:46:16.750,5.060791,5.060504618932358,0,0,0,0
2024-03-01 11:46:17.000,5.060791,5.062517244560002,0,0,0,0
2024-03-01 11:46:17.250,5.088981,5.0867466569597735,0,0,0,0
2024-03-01 11:46:17.500,5.129983,5.132697857667758,0,0,0,0
2024-03-01 11:46:17.750,5.188924,5.186144527036786,1,0,0,0
2024-03-01 11:46:18.000,5.229927,5.23140607029341,0,0,0,0
2024-03-01 11:46:18.250,5.26196,5.261638663558957,0,0,0,0
2024-03-01 11:46:18.500,5.277336,5.277606928913575,0,0,0,0
2024-03-01 11:46:18.750,5.28118,5.281077013968113,0,1,0,0
2024-03-01 11:46:19.000,5.273492,5.27297231062387,0,0,0,0
2024-03-01 11:46:19.250,5.255554,5.255931245775923,0,0,0,0
2024-03-01 11:46:19.500,5.233771,5.234557452698021,0,0,0,0
2024-03-01 11:46:19.750,5.214551,5.212716533818524,0,0,0,1
2024-03-01 11:46:20.000,5.190206,5.192310000910892,0,0,0,0
2024-03-01 11:46:20.250,5.176111,5.174146294100516,0,0,0,0
2024-03-01 11:46:20.500,5.156891,5.158441159251571,0,0,0,0
2024-03-01 11:46:20.750,5.145359,5.145347002194829,0,0,1,0
2024-03-01 11:46:21.000,5.138952,5.136254491024988,0,0,0,0
2024-03-01 11:46:21.250,5.128702,5.132410158813924,0,0,0,0
2024-03-01 11:46:21.500,5.131265,5.130842625487234,0,0,0,0
2024-03-01 11:46:21.750,5.129983,5.1261146309389325,0,0,0,0
2024-03-01 11:46:22.000,5.114607,5.1179241546533065,0,0,0,0
2024-03-01 11:46:22.250,5.109482,5.110439361179298,0,0,0,0
2024-03-01 11:46:22.500,5.105638,5.103482477649686,0,0,0,0
2024-03-01 11:46:22.750,5.094106,5.093331772269521,0,0,0,0
2024-03-01 11:46:23.000,5.080011,5.0815722954097176,0,0,0,0
2024-03-01 11:46:23.250,5.071042,5.073287268798394,0,0,0,0
2024-03-01 11:46:23.500,5.073605,5.0684643372700116,0,0,0,0
2024-03-01 11:46:23.750,5.060791,5.063768670819107,0,0,0,0
2024-03-01 11:46:24.000,5.058228,5.058944848914814,0,0,0,0
2024-03-01 11:46:24.250,5.055666,5.054953416451387,0,0,0,0
2024-03-01 11:46:24.500,5.053103,5.05083737236247,0,0,0,0
2024-03-01 11:46:24.750,5.042853,5.04597858339892,0,0,0,0
2024-03-01 11:46:25.000,5.04029,5.040258910843742,0,0,0,0
2024-03-01 11:46:25.250,5.035165,5.032327961499644,0,0,0,0
2024-03-01 11:46:25.500,5.02107,5.022764824117478,0,0,0,0
2024-03-01 11:46:25.750,5.014663,5.015263908627501,0,0,0,0
2024-03-01 11:46:26.000,5.009538,5.0103448905846255,0,0,0,0
2024-03-01 11:46:26.250,5.008257,5.003904001833636,0,0,0,0
2024-03-01 11:46:26.500,4.990318,4.995094999419666,0,0,0,0
2024-03-01 11:46:26.750,4.990318,4.988207339344072,0,0,0,0
2024-03-01 11:46:27.000,4.983912,4.984578689192339,0,0,0,0
2024-03-01 11:46:27.250,4.981349,4.9800789669417025,0,0,0,0
2024-03-01 11:46:27.500,4.971098,4.972386982750803,0,0,0,0
2024-03-01 11:46:27.750,4.964692,4.964974711577865,0,0,0,0
2024-03-01 11:46:28.000,4.964692,4.961982365178416,0,0,0,0
2024-03-01 11:46:28.250,4.957004,4.961776386432803,0,0,0,0
2024-03-01 11:46:28.500,4.962129,4.957652185642837,0,0,0,0
2024-03-01 11:46:28.750,4.94419,4.94631295571913,0,0,0,0
2024-03-01 11:46:29.000,4.935221,4.934167533296618,0,0,0,0
2024-03-01 11:46:29.250,4.928814,4.93035279844614,0,0,0,0
2024-03-01 11:46:29.500,4.934375,4.933252364949652,0,0,0,0
2024-03-01 11:46:29.750,4.92925,4.9306422114724855,0,0,0,0
2024-03-01 11:46:30.000,4.92028,4.916367887468582,0,0,0,0
2024-03-01 11:46:30.250,4.895935,4.900226540972123,0,0,0,0
2024-03-01 11:46:30.500,4.895935,4.895153486455862,0,0,0,0
2024-03-01 11:46:30.750,4.901061,4.900336237495487,0,0,0,0
2024-03-01 11:46:31.000,4.907467,4.904880504548153,0,0,0,0
2024-03-01 11:46:31.250,4.897216,4.902874762401872,0,0,0,0
2024-03-01 11:46:31.500,4.901061,4.8967016066713445,0,0,0,0
2024-03-01 11:46:31.750,4.889528,4.890242669371377,0,0,0,0
2024-03-01 11:46:32.000,4.884403,4.885292686598836,0,0,0,0
2024-03-01 11:46:32.250,4.880559,4.881519698624606,0,0,0,0
2024-03-01 11:46:32.500,4.880559,4.877758694434292,0,0,0,0
2024-03-01 11:46:32.750,4.874153,4.874664997766768,0,0,0,0
2024-03-01 11:46:33.000,4.869027,4.872687002575393,0,0,0,0
2024-03-01 11:46:33.250,4.870308,4.867480654007543,0,0,0,0
2024-03-01 11:46:33.500,4.858777,4.855542486049655,0,0,0,0
2024-03-01 11:46:33.750,4.836994,4.843079613254589,0,0,0,0
2024-03-01 11:46:34.000,4.840838,4.8385735795730564,0,0,0,0
2024-03-01 11:46:34.250,4.840838,4.83962191224933,0,0,0,0
2024-03-01 11:46:34.500,4.838275,4.838112981933098,0,0,0,0
2024-03-01 11:46:34.750,4.831869,4.833163219219455,0,0,0,0
2024-03-01 11:46:35.000,4.826743,4.82875632379344,0,0,0,0
2024-03-01 11:46:35.250,4.830587,4.825289679266008,0,0,0,0
2024-03-01 11:46:35.500,4.819055,4.82210648437143,0,0,0,0
2024-03-01 11:46:35.750,4.819055,4.821435978953959,0,0,0,0
2024-03-01 11:46:36.000,4.828024,4.823734698359139,0,0,0,0
2024-03-01 11:46:36.250,4.825462,4.825493990274429,0,0,0,0
2024-03-01 11:46:36.500,4.819055,4.826312491794452,0,0,0,0
2024-03-01 11:46:36.750,4.848526,4.837588006871094,0,0,0,0
2024-03-01 11:46:37.000,4.876715,4.883120458422027,0,0,0,0
2024-03-01 11:46:37.250,4.981784,4.9822408984223125,0,0,0,0
2024-03-01 11:46:37.500,5.125293,5.124539700144109,0,0,0,0
2024-03-01 11:46:37.750,5.272646,5.271359156560566,0,0,0,0
2024-03-01 11:46:38.000,5.393092,5.391538837819128,1,0,0,0
2024-03-01 11:46:38.250,5.481503,5.4842650440771425,0,0,0,0
2024-03-01 11:46:38.500,5.556666,5.560017703365432,0,0,0,0
2024-03-01 11:46:38.750,5.625858,5.619228643904521,0,0,0,0
2024-03-01 11:46:39.000,5.665579,5.6650865959718555,0,0,0,0
2024-03-01 11:46:39.250,5.710426,5.717225603155297,0,0,0,0
2024-03-01 11:46:39.500,5.792431,5.790670918128167,0,0,0,0
2024-03-01 11:46:39.750,5.880843,5.874630147614578,0,0,0,0
2024-03-01 11:46:40.000,5.942347,5.948796542330159,0,0,0,0
2024-03-01 11:46:40.250,6.009775,6.006591572517223,0,0,0,0
2024-03-01 11:46:40.500,6.045652,6.049562155206368,0,1,0,0
2024-03-01 11:46:40.750,6.078967,6.073219604244402,0,0,0,0
2024-03-01 11:46:41.000,6.067435,6.069319387549953,0,0,0,0
2024-03-01 11:46:41.250,6.027713,6.033541768587556,0,0,0,0
2024-03-01 11:46:41.500,5.977742,5.9715866807828295,0,0,0,1
2024-03-01 11:46:41.750,5.914956,5.909632504343376,0,0,0,0
2024-03-01 11:46:42.000,5.873954,5.888534421475491,0,0,0,0
2024-03-01 11:46:42.250,5.936739,5.927139585896099,0,0,0,0
2024-03-01 11:46:42.500,5.999524,6.000023537283159,0,0,0,0
2024-03-01 11:46:42.750,6.066154,6.067099666176964,0,0,0,0
2024-03-01 11:46:43.000,6.111,6.110444503318,0,0,0,0
2024-03-01 11:46:43.250,6.125094,6.128346944115984,0,0,0,0
2024-03-01 11:46:43.500,6.117407,6.116830315178313,0,0,0,0
2024-03-01 11:46:43.750,6.093061,6.084944522930813,0,0,0,0
2024-03-01 11:46:44.000,6.066154,6.074674477343296,0,0,0,0
2024-03-01 11:46:44.250,6.13022,6.1302245309672365,0,0,0,0
2024-03-01 11:46:44.500,6.24554,6.244291941718618,0,0,0,0
2024-03-01 11:46:44.750,6.365985,6.360250926335988,0,0,0,0
2024-03-01 11:46:45.000,6.422363,6.430432389537194,0,0,0,0
2024-03-01 11:46:45.250,6.456341,6.4520368087070405,0,1,0,0
2024-03-01 11:46:45.500,6.446091,6.445976491864616,0,0,0,0
2024-03-01 11:46:45.750,6.417901,6.42124712267027,0,0,0,0
2024-03-01 11:46:46.000,6.371773,6.36965661472252,0,0,0,0
2024-03-01 11:46:46.250,6.292331,6.288831987364714,0,0,0,0
2024-03-01 11:46:46.500,6.192387,6.1969540084862995,0,0,0,1
2024-03-01 11:46:46.750,6.114226,6.115364696736033,0,0,0,0
2024-03-01 11:46:47.000,6.048878,6.046682070060733,0,0,1,0
2024-03-01 11:46:47.250,5.989937,5.9854511323865935,0,0,0,0
2024-03-01 11:46:47.500,5.932277,5.93655074016333,0,0,0,0
2024-03-01 11:46:47.750,5.892556,5.8998072527708,0,0,0,0
2024-03-01 11:46:48.000,5.863703,5.854341518836608,0,0,0,0
2024-03-01 11:46:48.250,5.798355,5.789560159382334,0,0,0,0
2024-03-01 11:46:48.500,5.708662,5.732315190955027,0,0,0,0
2024-03-01 11:46:48.750,5.725319,5.710731939777946,0,0,0,0
2024-03-01 11:46:49.000,5.71635,5.7130625400627055,0,0,0,0
2024-03-01 11:46:49.250,5.702255,5.709739319485126,0,0,0,0
2024-03-01 11:46:49.500,5.692005,5.69224124380398,0,0,0,0
2024-03-01 11:46:49.750,5.676629,5.671037054484124,0,0,0,0
2024-03-01 11:46:50.000,5.653565,5.655930503521859,0,0,0,0
2024-03-01 11:46:50.250,5.644596,5.649676137320873,0,0,0,0
2024-03-01 11:46:50.500,5.65869,5.650065522398592,0,0,0,0
2024-03-01 11:46:50.750,5.649721,5.654610455765356,0,0,0,0
2024-03-01 11:46:51.000,5.662534,5.663363759735191,0,0,0,0
2024-03-01 11:46:51.250,5.676629,5.675298781068287,0,0,0,0
2024-03-01 11:46:51.500,5.689442,5.687100317097194,0,0,0,0
2024-03-01 11:46:51.750,5.694567,5.696216327044474,0,0,0,0
2024-03-01 11:46:52.000,5.693286,5.698378309132818,0,0,0,0
2024-03-01 11:46:52.250,5.695849,5.691760769223778,0,0,0,0
2024-03-01 11:46:52.500,5.7061,5.694247352493603,0,0,0,0
2024-03-01 11:46:52.750,5.713788,5.729790742943628,0,0,0,0
2024-03-01 11:46:53.000,5.762478,5.780839852425238,0,0,0,0
2024-03-01 11:46:53.250,5.858578,5.803025913600371,0,0,0,0
2024-03-01 11:46:53.500,5.770166,5.803892484725015,0,0,0,0
2024-03-01 11:46:53.750,5.804762,5.832619047825418,0,0,0,0
2024-03-01 11:46:54.000,5.929051,5.889231078979058,0,0,0,0
2024-03-01 11:46:54.250,5.963647,5.943265137216962,0,0,0,0
2024-03-01 11:46:54.500,5.949552,6.019594637434972,1,0,0,0
2024-03-01 11:46:54.750,6.203256,6.153264486391825,0,0,0,0
2024-03-01 11:46:55.000,6.296793,6.300605698561061,0,0,0,0
2024-03-01 11:46:55.250,6.382642,6.392902523129428,0,0,0,0
2024-03-01 11:46:55.500,6.42877,6.427557123703663,0,0,0,0
2024-03-01 11:46:55.750,6.439684,6.439345415047943,0,1,0,0
2024-03-01 11:46:56.000,6.437121,6.433937709864911,0,0,0,0
2024-03-01 11:46:56.250,6.3974,6.397090503409522,0,0,0,0
2024-03-01 11:46:56.500,6.328208,6.332569267381362,0,0,0,0
2024-03-01 11:46:56.750,6.259016,6.258367717161493,0,0,0,0
2024-03-01 11:46:57.000,6.189824,6.185435160514429,0,0,0,1
2024-03-01 11:46:57.250,6.116788,6.118897536339782,0,0,0,0
2024-03-01 11:46:57.500,6.061691,6.06543028897943,0,0,0,0
2024-03-01 11:46:57.750,6.030939,6.026896770667063,0,0,0,0
2024-03-01 11:46:58.000,5.998906,5.997920976022784,0,0,0,0
2024-03-01 11:46:58.250,5.971998,5.975201293606173,0,0,1,0
2024-03-01 11:46:58.500,5.959185,5.958852181016477,0,0,0,0
2024-03-01 11:46:58.750,5.946372,5.9454060976573215,0,0,0,0
2024-03-01 11:46:59.000,5.933558,5.930728358005269,0,0,0,0
2024-03-01 11:46:59.250,5.910494,5.916000598145287,0,0,0,0
2024-03-01 11:46:59.500,5.903424,5.901356187081748,0,0,0,0
2024-03-01 11:46:59.750,5.884204,5.882626924279523,0,0,0,0
2024-03-01 11:47:00.000,5.866266,5.865957656858036,0,0,0,0
2024-03-01 11:47:00.250,5.872673,5.874821721992114,1,0,0,0
2024-03-01 11:47:00.500,5.926488,5.926942807088549,0,0,0,0
2024-03-01 11:47:00.750,6.011056,6.009380238928846,0,0,0,0
2024-03-01 11:47:01.000,6.089217,6.088085325163873,0,0,0,0
2024-03-01 11:47:01.250,6.135345,6.138068792572428,0,0,0,0
2024-03-01 11:47:01.500,6.157128,6.156169820106318,0,1,0,0
2024-03-01 11:47:01.750,6.152002,6.1504529428941686,0,0,0,0
2024-03-01 11:47:02.000,6.125094,6.127743020214542,0,0,0,0
2024-03-01 11:47:02.250,6.093061,6.09177570689361,0,0,0,0
2024-03-01 11:47:02.500,6.049496,6.047986114873574,0,0,0,0
2024-03-01 11:47:02.750,6.003368,6.005301773430347,0,0,0,0
2024-03-01 11:47:03.000,5.968772,5.970173580381276,0,0,0,1
2024-03-01 11:47:03.250,5.945708,5.941461167788543,0,0,0,0
2024-03-01 11:47:03.500,5.912394,5.915234322060619,0,0,0,0
2024-03-01 11:47:03.750,5.890611,5.891198925881329,0,0,0,0
2024-03-01 11:47:04.000,5.872673,5.87111361893871,0,0,1,0
2024-03-01 11:47:04.250,5.856015,5.8552709671814025,0,0,0,0
2024-03-01 11:47:04.500,5.839358,5.842480759923498,0,0,0,0
2024-03-01 11:47:04.750,5.832951,5.830336135718153,0,0,0,0
2024-03-01 11:47:05.000,5.816294,5.816630798353815,0,0,0,0
2024-03-01 11:47:05.250,5.802199,5.8025559047278605,0,0,0,0
2024-03-01 11:47:05.500,5.790667,5.791155299103868,0,0,0,0
2024-03-01 11:47:05.750,5.781698,5.782170660388651,0,0,0,0
2024-03-01 11:47:06.000,5.776573,5.77323584352808,0,0,0,0
2024-03-01 11:47:06.250,5.761197,5.764914410877838,0,0,0,0
2024-03-01 11:47:06.500,5.758634,5.758569330112675,0,0,0,0
2024-03-01 11:47:06.750,5.75479,5.751825300116739,0,0,0,0
2024-03-01 11:47:07.000,5.740695,5.742350036617449,0,0,0,0
2024-03-01 11:47:07.250,5.731726,5.7324819396726,0,0,0,0
2024-03-01 11:47:07.500,5.725319,5.7258539489341915,0,0,0,0
2024-03-01 11:47:07.750,5.729163,5.725743016027311,0,0,0,0
2024-03-01 11:47:08.000,5.736851,5.738676779938258,0,0,0,0
2024-03-01 11:47:08.250,5.766322,5.769280460006712,0,0,0,0
2024-03-01 11:47:08.500,5.81245,5.809594380934104,0,0,0,0
2024-03-01 11:47:08.750,5.847046,5.8444513869507,0,0,0,0
2024-03-01 11:47:09.000,5.862422,5.86649963139216,0,0,0,0
2024-03-01 11:47:09.250,5.873954,5.8748705764732145,0,0,0,0
2024-03-01 11:47:09.500,5.87011,5.867658368426765,0,0,0,0
2024-03-01 11:47:09.750,5.857296,5.854394375985701,0,0,0,0
2024-03-01 11:47:10.000,5.862422,5.865990540506126,0,0,0,0
2024-03-01 11:47:10.250,5.922644,5.926142824648967,0,0,0,0
2024-03-01 11:47:10.500,6.021307,6.0168995160402865,0,0,0,0
2024-03-01 11:47:10.750,6.099468,6.096368062629034,0,0,0,0
2024-03-01 11:47:11.000,6.140471,6.144604268101549,0,0,0,0
2024-03-01 11:47:11.250,6.164816,6.167140416886458,0,0,0,0
2024-03-01 11:47:11.500,6.166097,6.164655367738285,0,0,0,0
2024-03-01 11:47:11.750,6.143033,6.137754976989982,0,0,0,0
2024-03-01 11:47:12.000,6.119969,6.122170446585384,0,0,0,0
2024-03-01 11:47:12.250,6.171223,6.178098383966475,0,0,0,0
2024-03-01 11:47:12.500,6.333951,6.327252731045582,0,0,0,0
2024-03-01 11:47:12.750,6.522307,6.523221624190091,1,0,0,0
2024-03-01 11:47:13.000,6.694669,6.694854704973208,0,0,0,0
2024-03-01 11:47:13.250,6.8023,6.802574872418254,0,0,0,0
2024-03-01 11:47:13.500,6.848428,6.851600715430359,0,0,0,0
2024-03-01 11:47:13.750,6.881743,6.875283150931187,0,0,0,0
2024-03-01 11:47:14.000,6.912495,6.913916703963584,0,0,0,0
2024-03-01 11:47:14.250,6.979124,6.988400343359881,0,0,0,0
2024-03-01 11:47:14.500,7.093947,7.08325073859907,0,0,0,0
2024-03-01 11:47:14.750,7.166983,7.165545768839013,0,0,0,0
2024-03-01 11:47:15.000,7.205423,7.217164304751889,0,1,0,0
2024-03-01 11:47:15.250,7.245144,7.2371973388244175,0,0,0,0
2024-03-01 11:47:15.500,7.229768,7.227218338601464,0,0,0,0
2024-03-01 11:47:15.750,7.18364,7.188038429177579,0,0,0,0
2024-03-01 11:47:16.000,7.114449,7.11734680178915,0,0,0,0
2024-03-01 11:47:16.250,7.014505,7.011936894466219,0,0,0,1
2024-03-01 11:47:16.500,6.905591,6.896915576149269,0,0,1,0
2024-03-01 11:47:16.750,6.831275,6.839752656592485,0,0,0,0
2024-03-01 11:47:17.000,6.883809,6.891902956986954,1,0,0,0
2024-03-01 11:47:17.250,7.035006,7.0210576469783845,0,0,0,0
2024-03-01 11:47:17.500,7.140075,7.1423405852186805,0,0,0,0
2024-03-01 11:47:17.750,7.206705,7.209675948899452,0,0,0,0
2024-03-01 11:47:18.000,7.233613,7.237651690821385,0,0,0,0
2024-03-01 11:47:18.250,7.252832,7.246193363272573,0,1,0,0
2024-03-01 11:47:18.500,7.227206,7.228980819909526,0,0,0,0
2024-03-01 11:47:18.750,7.175952,7.175247133418986,0,0,0,0
2024-03-01 11:47:19.000,7.083697,7.088489341926267,0,0,0,1
2024-03-01 11:47:19.250,6.986316,6.982559619025138,0,0,0,0
2024-03-01 11:47:19.500,6.887653,6.883503104180185,0,0,1,0
2024-03-01 11:47:19.750,6.823586,6.829826707435598,0,0,0,0
2024-03-01 11:47:20.000,6.841525,6.8427104998279775,0,0,0,0
2024-03-01 11:47:20.250,6.900466,6.89653076103942,0,0,0,0
2024-03-01 11:47:20.500,6.944032,6.941716318358676,0,0,0,0
2024-03-01 11:47:20.750,6.949157,6.953265204281559,0,0,0,0
2024-03-01 11:47:21.000,6.935062,6.937324339027121,0,0,0,0
2024-03-01 11:47:21.250,6.906873,6.901476080134902,0,0,0,0
2024-03-01 11:47:21.500,6.844088,6.845867622769614,0,0,0,0
2024-03-01 11:47:21.750,6.77874,6.778905439974165,0,0,0,0
2024-03-01 11:47:22.000,6.714674,6.716848916681364,0,0,0,0
2024-03-01 11:47:22.250,6.668545,6.666008090357121,0,0,0,0
2024-03-01 11:47:22.500,6.621136,6.6206389279306785,0,0,0,0
2024-03-01 11:47:22.750,6.57629,6.578400723750245,0,0,0,0
2024-03-01 11:47:23.000,6.546819,6.545366573669134,0,0,0,0
2024-03-01 11:47:23.250,6.522474,6.523861510583108,0,0,0,0
2024-03-01 11:47:23.500,6.507098,6.503864692268852,0,0,0,0
2024-03-01 11:47:23.750,6.466095,6.4733565711821335,0,0,0,0
2024-03-01 11:47:24.000,6.450719,6.44197906089234,0,0,0,0
2024-03-01 11:47:24.250,6.450719,6.4511899107185595,0,0,0,0
2024-03-01 11:47:24.500,6.532724,6.54201484552834,0,0,0,0
2024-03-01 11:47:24.750,6.708267,6.702552997053641,1,0,0,0
2024-03-01 11:47:25.000,6.869714,6.866167605545603,0,0,0,0
2024-03-01 11:47:25.250,6.97094,6.973968828515973,0,0,0,0
2024-03-01 11:47:25.500,7.018349,7.020862960484909,0,0,0,0
2024-03-01 11:47:25.750,7.036287,7.031786936495927,0,1,0,0
2024-03-01 11:47:26.000,7.010661,7.0172319825444305,0,0,0,0
2024-03-01 11:47:26.250,6.979909,6.970747953775289,0,0,0,0
2024-03-01 11:47:26.500,6.890216,6.896384454006964,0,0,0,0
2024-03-01 11:47:26.750,6.815898,6.81630504407602,0,0,0,1
2024-03-01 11:47:27.000,6.753113,6.749964510571681,0,0,0,0
2024-03-01 11:47:27.250,6.698016,6.69938595119919,0,0,1,0
2024-03-01 11:47:27.500,6.657013,6.658608451776404,0,0,0,0
2024-03-01 11:47:27.750,6.632668,6.628876138897184,0,0,0,0
2024-03-01 11:47:28.000,6.616011,6.618847915503567,0,0,0,0
2024-03-01 11:47:28.250,6.630105,6.631089339031628,0,0,0,0
2024-03-01 11:47:28.500,6.655732,6.653604991537837,0,0,0,0
2024-03-01 11:47:28.750,6.671108,6.669686106658122,0,0,0,0
2024-03-01 11:47:29.000,6.668545,6.6724889913799545,0,0,0,0
2024-03-01 11:47:29.250,6.665983,6.664191941038283,0,0,0,0
2024-03-01 11:47:29.500,6.648044,6.647109247836439,0,0,0,0
2024-03-01 11:47:29.750,6.623699,6.623392053076744,0,0,0,0
2024-03-01 11:47:30.000,6.594228,6.597746485419896,0,0,0,0
2024-03-01 11:47:30.250,6.577571,6.574159315712375,0,0,0,0
2024-03-01 11:47:30.500,6.554507,6.553447809515649,0,0,0,0
2024-03-01 11:47:30.750,6.530162,6.534714988951411,0,0,0,0
2024-03-01 11:47:31.000,6.51863,6.51708092336883,0,0,0,0
2024-03-01 11:47:31.250,6.510942,6.5064362823070905,0,0,0,0
2024-03-01 11:47:31.500,6.517348,6.521917639983717,0,0,0,0
2024-03-01 11:47:31.750,6.581415,6.581430975779366,0,0,0,0
2024-03-01 11:47:32.000,6.674952,6.675822292779664,0,0,0,0
2024-03-01 11:47:32.250,6.777459,6.770996910329492,0,0,0,0
2024-03-01 11:47:32.500,6.831275,6.837726339466314,0,0,0,0
2024-03-01 11:47:32.750,6.867152,6.866803312668578,0,0,0,0
2024-03-01 11:47:33.000,6.863308,6.861186157453769,0,0,0,0
2024-03-01 11:47:33.250,6.8364,6.8348739180859095,0,0,0,0
2024-03-01 11:47:33.500,6.814617,6.817617490838137,0,0,0,0
2024-03-01 11:47:33.750,6.837681,6.838447941788862,0,0,0,0
2024-03-01 11:47:34.000,6.901748,6.898153436931837,0,0,0,0
2024-03-01 11:47:34.250,6.964533,6.967443698848458,0,0,0,0
2024-03-01 11:47:34.500,7.014505,7.013817659067089,0,0,0,0
2024-03-01 11:47:34.750,7.027318,7.025551487948732,0,0,0,0
2024-03-01 11:47:35.000,7.009379,7.009984559971247,0,0,0,0
2024-03-01 11:47:35.250,6.969658,6.974821129869396,0,0,0,0
2024-03-01 11:47:35.500,6.929937,6.924196461179154,0,0,0,0
2024-03-01 11:47:35.750,6.883809,6.880573697699887,0,0,0,0
2024-03-01 11:47:36.000,6.882528,6.889818998185864,0,0,0,0
2024-03-01 11:47:36.250,6.976065,6.976659012132442,1,0,0,0
2024-03-01 11:47:36.500,7.109324,7.104945929992903,0,0,0,0
2024-03-01 11:47:36.750,7.21183,7.209688697007664,0,0,0,0
2024-03-01 11:47:37.000,7.256677,7.260284614200619,0,0,0,0
2024-03-01 11:47:37.250,7.264364,7.268244969048163,0,1,0,0
2024-03-01 11:47:37.500,7.254114,7.247674792496063,0,0,0,0
2024-03-01 11:47:37.750,7.200298,7.200611538706612,0,0,0,0
2024-03-01 11:47:38.000,7.131106,7.134405778079656,0,0,0,1
2024-03-01 11:47:38.250,7.064477,7.064457554496389,0,0,0,0
2024-03-01 11:47:38.500,7.002973,7.0013521114348425,0,0,1,0
2024-03-01 11:47:38.750,6.956845,6.9551344342820025,0,0,0,0
2024-03-01 11:47:39.000,6.944032,6.945376110157977,0,0,0,0
2024-03-01 11:47:39.250,6.979909,6.984468472523324,1,0,0,0
2024-03-01 11:47:39.500,7.059351,7.054348036411126,0,0,0,0
2024-03-01 11:47:39.750,7.122137,7.120213805001164,0,0,0,0
2024-03-01 11:47:40.000,7.160577,7.164727871174792,0,0,0,0
2024-03-01 11:47:40.250,7.190047,7.191747668942248,0,0,0,0
2024-03-01 11:47:40.500,7.209267,7.204160862468775,0,1,0,0
2024-03-01 11:47:40.750,7.197735,7.198496254600364,0,0,0,0
2024-03-01 11:47:41.000,7.172109,7.17606923896933,0,0,0,0
2024-03-01 11:47:41.250,7.145201,7.143193032676384,0,0,0,0
2024-03-01 11:47:41.500,7.108042,7.10496600673907,0,0,0,0
2024-03-01 11:47:41.750,7.063195,7.066575727651491,0,0,0,1
2024-03-01 11:47:42.000,7.031162,7.032059563152338,0,0,0,0
2024-03-01 11:47:42.250,7.00041,6.998952040658842,0,0,1,0
2024-03-01 11:47:42.500,6.968377,6.964366206389532,0,0,0,0
2024-03-01 11:47:42.750,6.927374,6.933730256408918,0,0,0,0
2024-03-01 11:47:43.000,6.911998,6.912288872766049,0,0,0,0
2024-03-01 11:47:43.250,6.903029,6.8952795675132,0,0,0,0
2024-03-01 11:47:43.500,6.870996,6.8774453402788005,0,0,0,0
2024-03-01 11:47:43.750,6.862027,6.8618002949069865,0,0,0,0
2024-03-01 11:47:44.000,6.851776,6.850649036510856,0,0,0,0
2024-03-01 11:47:44.250,6.842806,6.8403037965716695,0,0,0,0
2024-03-01 11:47:44.500,6.826149,6.829445514340953,0,0,0,0
2024-03-01 11:47:44.750,6.819743,6.8203124057255256,0,0,0,0
2024-03-01 11:47:45.000,6.813336,6.810603642120808,0,0,0,0
2024-03-01 11:47:45.250,6.795397,6.795730054759497,0,0,0,0
2024-03-01 11:47:45.500,6.776177,6.777731154167869,0,0,0,0
2024-03-01 11:47:45.750,6.762083,6.762677467033505,0,0,0,0
2024-03-01 11:47:46.000,6.755676,6.752675296785608,0,0,0,0
2024-03-01 11:47:46.250,6.745425,6.747114433010648,0,0,0,0
2024-03-01 11:47:46.500,6.745425,6.745825404528596,0,0,0,0
2024-03-01 11:47:46.750,6.744144,6.745903744365097,0,0,0,0
2024-03-01 11:47:47.000,6.749269,6.743320439385672,0,0,0,0
2024-03-01 11:47:47.250,6.736456,6.741577215334296,0,0,0,0
2024-03-01 11:47:47.500,6.749269,6.750525916034569,0,0,0,0
2024-03-01 11:47:47.750,6.780021,6.7743322737512495,0,0,0,0
2024-03-01 11:47:48.000,6.803085,6.805152470448764,0,0,0,0
2024-03-01 11:47:48.250,6.821024,6.826470486330899,0,0,0,0
2024-03-01 11:47:48.500,6.831275,6.82786799768742,0,0,0,0
2024-03-01 11:47:48.750,6.841525,6.831878946421978,0,0,0,0
2024-03-01 11:47:49.000,6.882528,6.8936505449851,0,0,0,0
2024-03-01 11:47:49.250,7.036287,7.044698076652384,1,0,0,0
2024-03-01 11:47:49.500,7.270771,7.2520608136977875,0,0,0,0
2024-03-01 11:47:49.750,7.459127,7.458632713178246,0,0,0,0
2024-03-01 11:47:50.000,7.611022,7.624820161808338,0,0,0,0
2024-03-01 11:47:50.250,7.686621,7.70489317919578,0,1,0,0
2024-03-01 11:47:50.500,7.721216,7.657801753251065,0,0,0,0
2024-03-01 11:47:50.750,7.467513,7.525131967352029,0,0,0,0
2024-03-01 11:47:51.000,7.42651,7.417037253863178,0,0,0,1
2024-03-01 11:47:51.250,7.399602,7.3817958247951205,0,0,0,0
2024-03-01 11:47:51.500,7.353475,7.360607819925101,0,0,0,0
2024-03-01 11:47:51.750,7.276595,7.287091460434481,0,0,0,0
2024-03-01 11:47:52.000,7.184339,7.1703925188365565,0,0,1,0
2024-03-01 11:47:52.250,7.071581,7.071626107123535,0,0,0,0
2024-03-01 11:47:52.500,7.01264,7.03194821639928,0,0,0,0
2024-03-01 11:47:52.750,7.054924,7.036649208511955,0,0,0,0
2024-03-01 11:47:53.000,7.057487,7.050422910495257,0,0,0,0
2024-03-01 11:47:53.250,7.04083,7.065714946057197,0,0,0,0
2024-03-01 11:47:53.500,7.103615,7.088534010834434,0,0,0,0
2024-03-01 11:47:53.750,7.107459,7.10540745466814,0,0,0,0
2024-03-01 11:47:54.000,7.102334,7.106724883951319,0,0,0,0
2024-03-01 11:47:54.250,7.118991,7.119191099829974,0,0,0,0
2024-03-01 11:47:54.500,7.176651,7.176949280686176,0,0,0,0
2024-03-01 11:47:54.750,7.275313,7.274261179877376,0,0,0,0
2024-03-01 11:47:55.000,7.371413,7.370339050335294,1,0,0,0
2024-03-01 11:47:55.250,7.430354,7.430963298570001,0,1,1,1
2024-03-01 11:47:55.500,7.447011,7.449546181107963,0,0,0,0
2024-03-01 11:47:55.750,7.439323,7.4353347987160845,0,0,0,0
2024-03-01 11:47:56.000,7.394477,7.398729162342116,0,0,0,0
2024-03-01 11:47:56.250,7.356037,7.349882599652907,0,0,0,0
2024-03-01 11:47:56.500,7.291971,7.299420086788803,0,0,0,0
2024-03-01 11:47:56.750,7.259937,7.257221759755176,0,0,0,0
2024-03-01 11:47:57.000,7.244561,7.2392380846070585,0,0,0,0
2024-03-01 11:47:57.250,7.266344,7.271787088531093,0,0,0,0
2024-03-01 11:47:57.500,7.367569,7.370711829098739,0,0,0,0
2024-03-01 11:47:57.750,7.52261,7.515566249269477,0,0,0,0
2024-03-01 11:47:58.000,7.660994,7.6622977703124775,1,0,0,0
2024-03-01 11:47:58.250,7.777595,7.7829709504802045,0,0,0,0
2024-03-01 11:47:58.500,7.889071,7.881793938552338,0,0,0,0
2024-03-01 11:47:58.750,7.971076,7.976210199064923,0,0,0,0
2024-03-01 11:47:59.000,8.072514,8.071463999289223,0,0,0,0
2024-03-01 11:47:59.250,8.153237,8.149877324491214,0,0,0,0
2024-03-01 11:47:59.500,8.172457,8.181168923389825,0,1,0,0
2024-03-01 11:47:59.750,8.162207,8.149868616985973,0,0,0,0
2024-03-01 11:48:00.000,8.067388,8.07580714506122,0,0,0,0
2024-03-01 11:48:00.250,8.00204,7.99950798570958,0,0,0,1
2024-03-01 11:48:00.500,7.940536,7.947111882347302,0,0,0,0
2024-03-01 11:48:00.750,7.939255,7.924346426294521,1,0,1,0
2024-03-01 11:48:01.000,7.929004,7.940298285785748,0,0,0,0
2024-03-01 11:48:01.250,8.004602,8.005045963984145,0,0,0,0
2024-03-01 11:48:01.500,8.100702,8.098370748583857,0,0,0,0
2024-03-01 11:48:01.750,8.178864,8.17529945097306,0,0,0,0
2024-03-01 11:48:02.000,8.212178,8.213666183863756,0,0,0,0
2024-03-01 11:48:02.250,8.222429,8.226784471907898,0,0,0,0
2024-03-01 11:48:02.500,8.22371,8.222955566596529,0,0,0,0
2024-03-01 11:48:02.750,8.192958,8.189716300613945,0,0,0,0
2024-03-01 11:48:03.000,8.139142,8.134447018700389,0,0,0,0
2024-03-01 11:48:03.250,8.093015,8.103171458026786,0,0,0,0
2024-03-01 11:48:03.500,8.128892,8.129048917862885,0,0,0,0
2024-03-01 11:48:03.750,8.196802,8.187508467879624,0,0,0,0
2024-03-01 11:48:04.000,8.227554,8.22934894224533,0,0,0,0
2024-03-01 11:48:04.250,8.224992,8.234803448397049,0,1,0,0
2024-03-01 11:48:04.500,8.222429,8.212042776521221,0,0,0,0
2024-03-01 11:48:04.750,8.163487,8.166556067944882,0,0,0,0
2024-03-01 11:48:05.000,8.093015,8.095762081371353,0,0,0,0
2024-03-01 11:48:05.250,8.005884,8.002147651093486,0,0,0,1
2024-03-01 11:48:05.500,7.896971,7.898916564384309,0,0,1,0
2024-03-01 11:48:05.750,7.805996,7.805175990243454,0,0,0,0
2024-03-01 11:48:06.000,7.734242,7.734806816404927,0,0,0,0
2024-03-01 11:48:06.250,7.685551,7.686628845785419,0,0,0,0
2024-03-01 11:48:06.500,7.650955,7.648935578841176,0,0,0,0
2024-03-01 11:48:06.750,7.616359,7.615099702403886,0,0,0,0
2024-03-01 11:48:07.000,7.583045,7.587652759970093,0,0,0,0
2024-03-01 11:48:07.250,7.567669,7.565725249801465,0,0,0,0
2024-03-01 11:48:07.500,7.543324,7.54045527823277,0,0,0,0
2024-03-01 11:48:07.750,7.506165,7.50791966505166,0,0,0,0
2024-03-01 11:48:08.000,7.471569,7.475590487618011,0,0,0,0
2024-03-01 11:48:08.250,7.457474,7.451752879356608,0,0,0,0
2024-03-01 11:48:08.500,7.436973,7.435968012397884,0,0,0,0
2024-03-01 11:48:08.750,7.410065,7.419201127553732,0,0,0,0
2024-03-01 11:48:09.000,7.399602,7.394385469110667,0,0,0,0
2024-03-01 11:48:09.250,7.390633,7.381032002284867,0,0,0,0
2024-03-01 11:48:09.500,7.417541,7.431622565512177,0,0,0,0
2024-03-01 11:48:09.750,7.582833,7.580836720225639,1,0,0,0
2024-03-01 11:48:10.000,7.795534,7.7884799931534205,0,0,0,0
2024-03-01 11:48:10.250,7.959544,7.966215222880232,0,0,0,0
2024-03-01 11:48:10.500,8.071232,8.06564495835522,0,0,0,0
2024-03-01 11:48:10.750,8.112234,8.111524652028628,0,0,0,0
2024-03-01 11:48:11.000,8.12761,8.136666341862751,0,1,0,0
2024-03-01 11:48:11.250,8.113516,8.114888472979288,0,0,0,0
2024-03-01 11:48:11.500,8.02126,8.000849469169562,0,0,0,0
2024-03-01 11:48:11.750,7.811121,7.824293153703754,0,0,0,1
2024-03-01 11:48:12.000,7.671456,7.68142510576003,0,0,1,0
2024-03-01 11:48:12.250,7.631735,7.623474608062836,0,0,0,0
2024-03-01 11:48:12.500,7.629173,7.615270166337545,0,0,0,0
2024-03-01 11:48:12.750,7.590733,7.611200819529067,0,0,0,0
2024-03-01 11:48:13.000,7.615078,7.607556460735965,0,0,0,0
2024-03-01 11:48:13.250,7.612515,7.610718212102954,0,0,0,0
2024-03-01 11:48:13.500,7.609952,7.61054002531421,0,0,0,0
2024-03-01 11:48:13.750,7.598421,7.5988365146191645,0,0,0,0
2024-03-01 11:48:14.000,7.577919,7.578672776473224,0,0,0,0
2024-03-01 11:48:14.250,7.547167,7.550045188579725,0,0,0,0
2024-03-01 11:48:14.500,7.522822,7.516592919810389,0,0,0,0
2024-03-01 11:48:14.750,7.513853,7.513431938014215,0,0,0,0
2024-03-01 11:48:15.000,7.58817,7.595187722649554,0,0,0,0
2024-03-01 11:48:15.250,7.773963,7.771757913581419,1,0,0,0
2024-03-01 11:48:15.500,7.977695,7.975797112520699,0,0,0,0
2024-03-01 11:48:15.750,8.122485,8.121800963873588,0,0,0,0
2024-03-01 11:48:16.000,8.190395,8.18606673278748,0,1,0,0
2024-03-01 11:48:16.250,8.187833,8.202404607862384,0,0,0,0
2024-03-01 11:48:16.500,8.205771,8.19330395150367,0,0,0,0
2024-03-01 11:48:16.750,8.144268,8.147413490408038,0,0,0,0
2024-03-01 11:48:17.000,8.071232,8.069189189544405,0,0,0,1
2024-03-01 11:48:17.250,8.004602,8.008250316165975,0,0,1,0
2024-03-01 11:48:17.500,8.013572,8.0133329569294,0,0,0,0
2024-03-01 11:48:17.750,8.076357,8.075759834769455,0,0,0,0
2024-03-01 11:48:18.000,8.142986,8.140589062978181,0,0,0,0
2024-03-01 11:48:18.250,8.164769,8.16688115554933,0,0,0,0
2024-03-01 11:48:18.500,8.160925,8.160017992805871,0,0,0,0
2024-03-01 11:48:18.750,8.144268,8.145925867701333,0,0,0,0
2024-03-01 11:48:19.000,8.131454,8.131568809395265,0,0,0,0
2024-03-01 11:48:19.250,8.105827,8.103360626198786,0,0,0,0
2024-03-01 11:48:19.500,8.057137,8.056648620203129,0,0,0,0
2024-03-01 11:48:19.750,8.003322,8.007327037189873,0,0,0,0
2024-03-01 11:48:20.000,7.970006,7.9682071151011105,0,0,0,0
2024-03-01 11:48:20.250,7.931567,7.9294386735818305,0,0,0,0
2024-03-01 11:48:20.500,7.872625,7.877374707076419,0,0,0,0
2024-03-01 11:48:20.750,7.836748,7.829415135150201,0,0,0,0
2024-03-01 11:48:21.000,7.830342,7.836247969699448,0,0,0,0
2024-03-01 11:48:21.250,7.939255,7.939101397550827,0,0,0,0
2024-03-01 11:48:21.500,8.126329,8.123987510031743,0,0,0,0
2024-03-01 11:48:21.750,8.323654,8.324083510581486,1,0,0,0
2024-03-01 11:48:22.000,8.468445,8.471812426908787,0,0,0,0
2024-03-01 11:48:22.250,8.559051,8.551431417372866,0,0,0,0
2024-03-01 11:48:22.500,8.597491,8.602047485670848,0,0,0,0
2024-03-01 11:48:22.750,8.661557,8.668150806282135,0,0,0,0
2024-03-01 11:48:23.000,8.764064,8.753148267012746,0,0,0,0
2024-03-01 11:48:23.250,8.825568,8.828069014167049,0,0,0,0
2024-03-01 11:48:23.500,8.865289,8.870821063205781,0,0,0,0
2024-03-01 11:48:23.750,8.883227,8.880425466551285,0,1,0,0
2024-03-01 11:48:24.000,8.872977,8.86797251365321,0,0,0,0
2024-03-01 11:48:24.250,8.844788,8.851133451597853,0,0,0,0
2024-03-01 11:48:24.500,8.846069,8.846205231277477,0,0,0,0
2024-03-01 11:48:24.750,8.860164,8.855166993710423,0,0,0,0
2024-03-01 11:48:25.000,8.864008,8.866630531731074,0,0,0,0
2024-03-01 11:48:25.250,8.865289,8.866958986655096,0,0,0,0
2024-03-01 11:48:25.500,8.844788,8.84389097661061,0,0,0,0
2024-03-01 11:48:25.750,8.792253,8.789070702636263,0,0,0,0
2024-03-01 11:48:26.000,8.70256,8.706090944304934,0,0,0,0
2024-03-01 11:48:26.250,8.609023,8.60974448483814,0,0,0,1
2024-03-01 11:48:26.500,8.518048,8.514739576971433,0,0,0,0
2024-03-01 11:48:26.750,8.429637,8.430278119940418,0,0,1,0
2024-03-01 11:48:27.000,8.357882,8.361028866626151,0,0,0,0
2024-03-01 11:48:27.250,8.30791,8.305728542527914,0,0,0,0
2024-03-01 11:48:27.500,8.261783,8.25926942931864,0,0,0,0
2024-03-01 11:48:27.750,8.215654,8.219938635284887,0,0,0,0
2024-03-01 11:48:28.000,8.190027,8.189457715742353,0,0,0,0
2024-03-01 11:48:28.250,8.170808,8.16694789189916,0,0,0,0
2024-03-01 11:48:28.500,8.145181,8.149093564405476,0,0,0,0
2024-03-01 11:48:28.750,8.133649,8.133594246159266,0,0,0,0
2024-03-01 11:48:29.000,8.122117,8.11837970713374,0,0,0,0
2024-03-01 11:48:29.250,8.096491,8.101144844094556,0,0,0,0
2024-03-01 11:48:29.500,8.084958,8.082830721767245,0,0,0,0
2024-03-01 11:48:29.750,8.072145,8.069952025742394,0,0,0,0
2024-03-01 11:48:30.000,8.065739,8.0697387720595,0,0,0,0
2024-03-01 11:48:30.250,8.081115,8.079659908235302,0,0,0,0
2024-03-01 11:48:30.500,8.08624,8.085526994476519,0,0,0,0
2024-03-01 11:48:30.750,8.077271,8.077193886637088,0,0,0,0
2024-03-01 11:48:31.000,8.063176,8.062501693875879,0,0,0,0
2024-03-01 11:48:31.250,8.052925,8.056081032808885,0,0,0,0
2024-03-01 11:48:31.500,8.059332,8.057989618685673,0,0,0,0
2024-03-01 11:48:31.750,8.059332,8.056445060424045,0,0,0,0
2024-03-01 11:48:32.000,8.0478,8.04989098808745,0,0,0,0
2024-03-01 11:48:32.250,8.0478,8.048435777430774,0,0,0,0
2024-03-01 11:48:32.500,8.049081,8.049629102552995,0,0,0,0
2024-03-01 11:48:32.750,8.033706,8.0361636969692,0,0,0,0
2024-03-01 11:48:33.000,8.026017,8.013403445319899,0,0,0,0
2024-03-01 11:48:33.250,8.017048,8.02495184002608,0,0,0,0
2024-03-01 11:48:33.500,8.082396,8.105554067198826,1,0,0,0
2024-03-01 11:48:33.750,8.287409,8.241723362939878,0,0,0,0
2024-03-01 11:48:34.000,8.377102,8.392411086468524,0,0,0,0
2024-03-01 11:48:34.250,8.452701,8.506934243289422,0,0,0,0
2024-03-01 11:48:34.500,8.621837,8.53218830345332,0,1,0,0
2024-03-01 11:48:34.750,8.420668,8.470738564405353,0,0,0,0
2024-03-01 11:48:35.000,8.39376,8.402698623623248,0,0,0,0
2024-03-01 11:48:35.250,8.400166,8.381853164047715,0,0,0,0
2024-03-01 11:48:35.500,8.370695,8.365733308498886,0,0,0,0
2024-03-01 11:48:35.750,8.292534,8.301923223245247,0,0,0,0
2024-03-01 11:48:36.000,8.206685,8.210113625242007,0,0,0,1
2024-03-01 11:48:36.250,8.141337,8.135299219153532,0,0,0,0
2024-03-01 11:48:36.500,8.083677,8.084669133397307,0,0,0,0
2024-03-01 11:48:36.750,8.046518,8.044082078792245,0,0,1,0
2024-03-01 11:48:37.000,8.006797,8.0086647363426,0,0,0,0
2024-03-01 11:48:37.250,7.964513,7.975019538155,0,0,0,0
2024-03-01 11:48:37.500,7.967076,7.9560897293204045,0,0,0,0
2024-03-01 11:48:37.750,8.054207,8.035122556658575,1,0,0,0
2024-03-01 11:48:38.000,8.279721,8.324790674679814,0,0,0,0
2024-03-01 11:48:38.250,8.831975,8.772400317373382,0,0,0,0
2024-03-01 11:48:38.500,8.946013,9.064187305546524,0,1,0,0
2024-03-01 11:48:38.750,9.073159,8.899054500312792,0,0,0,0
2024-03-01 11:48:39.000,8.271046,8.364417559796358,0,0,0,1
2024-03-01 11:48:39.250,7.77872,7.846906150509881,0,0,1,0
2024-03-01 11:48:39.500,7.677863,7.572090817090031,0,0,0,0
2024-03-01 11:48:39.750,7.466444,7.469089820714536,0,0,0,0
2024-03-01 11:48:40.000,7.38572,7.450075205751419,0,0,0,0
2024-03-01 11:48:40.250,7.546956,7.531619658169676,0,0,0,0
2024-03-01 11:48:40.500,7.75325,7.698270562813356,0,0,0,0
2024-03-01 11:48:40.750,7.82116,7.875606906641963,0,0,0,0
2024-03-01 11:48:41.000,8.02361,8.018029400309409,1,0,0,0
2024-03-01 11:48:41.250,8.131454,8.11026441163073,0,0,0,0
2024-03-01 11:48:41.500,8.134017,8.141190816271708,0,1,0,0
2024-03-01 11:48:41.750,8.114797,8.125661259936514,0,0,0,0
2024-03-01 11:48:42.000,8.101984,8.095092158208018,0,0,0,1
2024-03-01 11:48:42.250,8.062263,8.057752363481669,0,0,1,0
2024-03-01 11:48:42.500,8.00204,8.006244659678895,0,0,0,0
2024-03-01 11:48:42.750,7.945662,7.9476071946546,0,0,0,0
2024-03-01 11:48:43.000,7.900815,7.899920698512105,0,0,0,0
2024-03-01 11:48:43.250,7.882876,7.880349416101099,0,0,0,0
2024-03-01 11:48:43.500,7.913628,7.908323518041922,0,0,0,0
2024-03-01 11:48:43.750,7.972569,7.991172285923821,0,0,0,0
2024-03-01 11:48:44.000,8.113516,8.096568969761607,1,0,0,0
2024-03-01 11:48:44.250,8.168613,8.169923053245471,0,1,1,1
2024-03-01 11:48:44.500,8.181426,8.188305365722577,0,0,0,0
2024-03-01 11:48:44.750,8.175019,8.172801148973942,0,0,0,0
2024-03-01 11:48:45.000,8.151956,8.149520172769346,0,0,0,0
2024-03-01 11:48:45.250,8.123766,8.125500679578472,0,0,0,0
2024-03-01 11:48:45.500,8.101984,8.101164890510905,0,0,0,0
2024-03-01 11:48:45.750,8.080201,8.082934766829663,0,0,0,0
2024-03-01 11:48:46.000,8.084045,8.078068261846514,0,0,0,0
2024-03-01 11:48:46.250,8.077639,8.08464373376029,0,0,0,0
2024-03-01 11:48:46.500,8.094296,8.090699129269778,0,0,0,0
2024-03-01 11:48:46.750,8.08917,8.090341099464121,0,0,0,0
2024-03-01 11:48:47.000,8.110953,8.10572244411545,0,0,0,0
2024-03-01 11:48:47.250,8.171176,8.179039700975132,0,0,0,0
2024-03-01 11:48:47.500,8.328779,8.325629793669563,0,0,0,0
2024-03-01 11:48:47.750,8.50176,8.503660598089846,0,0,0,0
2024-03-01 11:48:48.000,8.656432,8.648078307770435,0,0,0,0
2024-03-01 11:48:48.250,8.717937,8.727905666469294,0,0,0,0
2024-03-01 11:48:48.500,8.758939,8.756702761056042,0,0,0,0
2024-03-01 11:48:48.750,8.766626,8.761502745802613,0,0,0,0
2024-03-01 11:48:49.000,8.756376,8.763044979637064,0,0,0,0
2024-03-01 11:48:49.250,8.783284,8.776427017185267,0,0,0,0
2024-03-01 11:48:49.500,8.79866,8.8075613849974,0,0,0,0
2024-03-01 11:48:49.750,8.855039,8.846423553399404,0,0,0,0
2024-03-01 11:48:50.000,8.870415,8.87173052813852,0,0,0,0
2024-03-01 11:48:50.250,8.855039,8.863428752905438,0,0,0,0
2024-03-01 11:48:50.500,8.826849,8.821058071409423,0,0,0,0
2024-03-01 11:48:50.750,8.797379,8.784776453699186,0,0,0,0
2024-03-01 11:48:51.000,8.796097,8.817196771275364,1,0,0,0
2024-03-01 11:48:51.250,8.934481,8.931479580673356,0,0,0,0
2024-03-01 11:48:51.500,9.074441,9.061626732754094,0,0,0,0
2024-03-01 11:48:51.750,9.139789,9.142662347451028,0,0,0,0
2024-03-01 11:48:52.000,9.180791,9.187770966007403,0,0,0,0
2024-03-01 11:48:52.250,9.241014,9.245551667753501,0,0,0,0
2024-03-01 11:48:52.500,9.335832,9.322313491886552,0,0,0,0
2024-03-01 11:48:52.750,9.390929,9.389895268776726,0,0,0,0
2024-03-01 11:48:53.000,9.41143,9.427903818268202,0,1,0,0
2024-03-01 11:48:53.250,9.421681,9.420841422204317,0,0,0,0
2024-03-01 11:48:53.500,9.392982,9.35674437547014,0,0,0,0
2024-03-01 11:48:53.750,9.200782,9.254620819359113,0,0,0,0
2024-03-01 11:48:54.000,9.190531,9.154712469230708,0,0,0,0
2024-03-01 11:48:54.250,9.068805,9.075784810140517,0,0,0,1
2024-03-01 11:48:54.500,9.00602,9.012974175234007,0,0,0,0
2024-03-01 11:48:54.750,8.970142,8.963986370429858,0,0,0,0
2024-03-01 11:48:55.000,8.927858,8.930088915866113,0,0,0,0
2024-03-01 11:48:55.250,8.905305,8.904612553868201,0,0,0,0
2024-03-01 11:48:55.500,8.877115,8.878683075438243,0,0,0,0
2024-03-01 11:48:55.750,8.856614,8.855583058306616,0,0,1,0
2024-03-01 11:48:56.000,8.855333,8.848704401318397,0,0,0,0
2024-03-01 11:48:56.250,8.838675,8.852047414464117,0,0,0,0
2024-03-01 11:48:56.500,8.820737,8.819075162922873,0,0,0,0
2024-03-01 11:48:56.750,8.723356,8.705603434802072,0,0,0,0
2024-03-01 11:48:57.000,8.52475,8.538995317734742,0,0,0,0
2024-03-01 11:48:57.250,8.395335,8.399791626600333,0,0,0,0
2024-03-01 11:48:57.500,8.329693,8.325488386472587,0,0,0,0
2024-03-01 11:48:57.750,8.292534,8.282597355743608,0,0,0,0
2024-03-01 11:48:58.000,8.229749,8.236838974176573,0,0,0,0
2024-03-01 11:48:58.250,8.181058,8.188316088233353,0,0,0,0
2024-03-01 11:48:58.500,8.134931,8.131440610478991,0,0,0,0
2024-03-01 11:48:58.750,8.061894,8.049482647802098,0,0,0,0
2024-03-01 11:48:59.000,7.954263,7.963214075260834,0,0,0,0
2024-03-01 11:48:59.250,7.91326,7.920025597785153,0,0,0,0
2024-03-01 11:48:59.500,7.920035,7.921632495750535,0,0,0,0
2024-03-01 11:48:59.750,7.954631,7.926942589591305,0,0,0,0
2024-03-01 11:49:00.000,7.903378,7.934489283138226,0,0,0,0
2024-03-01 11:49:00.250,8.003322,7.991205419790585,0,0,0,0
2024-03-01 11:49:00.500,8.103265,8.107699651809735,0,0,0,0
2024-03-01 11:49:00.750,8.240368,8.231107588685804,0,0,0,0
2024-03-01 11:49:01.000,8.312122,8.316054473375686,0,0,0,0
2024-03-01 11:49:01.250,8.360812,8.36811402511474,0,0,0,0
2024-03-01 11:49:01.500,8.412066,8.406584195178251,0,0,0,0
2024-03-01 11:49:01.750,8.438606,8.434568245053168,0,0,0,0
2024-03-01 11:49:02.000,8.456545,8.461367364899898,1,0,0,0
2024-03-01 11:49:02.250,8.512923,8.510571977486125,0,0,0,0
2024-03-01 11:49:02.500,8.575708,8.583597713996229,0,0,0,0
2024-03-01 11:49:02.750,8.657714,8.650876184768064,0,0,0,0
2024-03-01 11:49:03.000,8.717937,8.702993026745926,0,0,0,0
2024-03-01 11:49:03.250,8.738438,8.772909515861969,0,0,0,0
2024-03-01 11:49:03.500,8.903729,8.875922359002455,0,0,0,0
2024-03-01 11:49:03.750,8.953701,8.964970507435615,0,0,0,0
2024-03-01 11:49:04.000,8.989873,8.984432718921981,0,1,0,0
2024-03-01 11:49:04.250,8.937338,8.941297030473029,0,0,0,0
2024-03-01 11:49:04.500,8.889929,8.886689777130476,0,0,0,0
2024-03-01 11:49:04.750,8.836113,8.843037497358925,0,0,0,0
2024-03-01 11:49:05.000,8.791266,8.792241336993134,0,0,0,0
2024-03-01 11:49:05.250,8.764359,8.74213471677871,0,0,0,0
2024-03-01 11:49:05.500,8.728481,8.737353676240803,0,0,0,0
2024-03-01 11:49:05.750,8.695167,8.74533875439082,0,0,0,0
2024-03-01 11:49:06.000,8.683635,8.617496997162565,0,0,0,0
2024-03-01 11:49:06.250,8.290266,8.286196746024245,0,0,0,1
2024-03-01 11:49:06.500,7.860725,7.918899529653441,0,0,1,0
2024-03-01 11:49:06.750,7.754743,7.728203736800572,0,0,0,0
2024-03-01 11:49:07.000,7.723991,7.710148596588361,0,0,0,0
2024-03-01 11:49:07.250,7.709897,7.712049308165104,0,0,0,0
2024-03-01 11:49:07.500,7.653518,7.669249122992361,0,0,0,0
2024-03-01 11:49:07.750,7.640705,7.636393152267352,0,0,0,0
2024-03-01 11:49:08.000,7.658643,7.647968967569532,0,0,0,0
2024-03-01 11:49:08.250,7.654799,7.664562288516528,0,0,0,0
2024-03-01 11:49:08.500,7.643267,7.6433960644601475,0,0,0,0
2024-03-01 11:49:08.750,7.609952,7.601457397398984,0,0,0,0
2024-03-01 11:49:09.000,7.594577,7.598245424874142,0,0,0,0
2024-03-01 11:49:09.250,7.652236,7.662864605020365,0,0,0,0
2024-03-01 11:49:09.500,7.757306,7.748652376374415,0,0,0,0
2024-03-01 11:49:09.750,7.794464,7.781458510770611,0,0,0,0
2024-03-01 11:49:10.000,7.721428,7.744063447872806,0,0,0,0
2024-03-01 11:49:10.250,7.691958,7.688236431309078,0,0,0,0
2024-03-01 11:49:10.500,7.70349,7.684687652416122,0,0,0,0
2024-03-01 11:49:10.750,7.763712,7.774225831433656,0,0,0,0
2024-03-01 11:49:11.000,7.904659,7.918142417894211,0,0,0,0
2024-03-01 11:49:11.250,7.990508,8.001353621624563,0,0,0,0
2024-03-01 11:49:11.500,8.049449,7.970841213020441,0,0,0,0
2024-03-01 11:49:11.750,7.859812,7.9374738067314015,1,0,0,0
2024-03-01 11:49:12.000,7.989227,8.015937567308399,0,0,0,0
2024-03-01 11:49:12.250,8.233961,8.13538768634972,0,0,0,0
2024-03-01 11:49:12.500,8.118641,8.158024350479737,0,1,0,0
2024-03-01 11:49:12.750,8.019979,8.077810574088108,0,0,0,0
2024-03-01 11:49:13.000,8.027667,7.967952092512782,0,0,1,1
2024-03-01 11:49:13.250,7.891846,7.869199670948593,0,0,0,0
2024-03-01 11:49:13.500,7.747055,7.822698778404776,0,0,0,0
2024-03-01 11:49:13.750,7.926441,7.882781502748053,1,0,0,0
2024-03-01 11:49:14.000,8.072514,8.058835848030258,0,0,0,0
2024-03-01 11:49:14.250,8.298027,8.311377195836073,0,0,0,0
2024-03-01 11:49:14.500,8.522261,8.55696882598062,0,0,0,0
2024-03-01 11:49:14.750,8.70256,8.66390246357735,0,1,0,0
2024-03-01 11:49:15.000,8.591084,8.563363122577977,0,0,0,0
2024-03-01 11:49:15.250,8.289971,8.361369063414998,0,0,0,0
2024-03-01 11:49:15.500,8.255376,8.220718725921055,0,0,0,1
2024-03-01 11:49:15.750,8.188746,8.171536287807356,0,0,0,0
2024-03-01 11:49:16.000,8.119555,8.139346618264288,0,0,0,0
2024-03-01 11:49:16.250,8.082396,8.086127826342272,0,0,0,0
2024-03-01 11:49:16.500,8.040112,8.029040115961875,0,0,1,0
2024-03-01 11:49:16.750,7.978608,7.981328476703997,0,0,0,0
2024-03-01 11:49:17.000,7.94145,7.942942026199633,0,0,0,0
2024-03-01 11:49:17.250,7.914541,7.916521686307912,0,0,0,0
2024-03-01 11:49:17.500,7.904659,7.901658611757778,0,0,0,0
2024-03-01 11:49:17.750,7.893127,7.891210488707588,0,0,0,0
2024-03-01 11:49:18.000,7.875188,7.880326671610888,0,0,0,0
2024-03-01 11:49:18.250,7.868782,7.867329100579348,0,0,0,0
2024-03-01 11:49:18.500,7.853405,7.850353022298841,0,0,0,0
2024-03-01 11:49:18.750,7.831623,7.8323337809214015,0,0,0,0
2024-03-01 11:49:19.000,7.814966,7.8186572074527145,0,0,0,0
2024-03-01 11:49:19.250,7.804715,7.803803723525925,0,0,0,0
2024-03-01 11:49:19.500,7.782932,7.779915713542342,0,0,0,0
2024-03-01 11:49:19.750,7.7714,7.7686002718466405,0,0,0,0
2024-03-01 11:49:20.000,7.80984,7.819378203145838,0,0,0,0
2024-03-01 11:49:20.250,7.961037,7.956637275100613,1,0,0,0
2024-03-01 11:49:20.500,8.148111,8.143077532977559,0,0,0,0
2024-03-01 11:49:20.750,8.303153,8.310139228270573,0,0,0,0
2024-03-01 11:49:21.000,8.41591,8.41520566978116,0,0,0,0
2024-03-01 11:49:21.250,8.473202,8.46387251614906,0,0,0,0
2024-03-01 11:49:21.500,8.470639,8.483207036072416,0,1,0,0
2024-03-01 11:49:21.750,8.48089,8.477729594222325,0,0,0,0
2024-03-01 11:49:22.000,8.427073,8.423711478773452,0,0,0,0
2024-03-01 11:49:22.250,8.322004,8.316260064664064,0,0,0,0
2024-03-01 11:49:22.500,8.183621,8.197946782424026,0,0,0,1
2024-03-01 11:49:22.750,8.123399,8.116446913399196,0,0,1,0
2024-03-01 11:49:23.000,8.078552,8.074545898176725,0,0,0,0
2024-03-01 11:49:23.250,8.040112,8.044019743963734,0,0,0,0
2024-03-01 11:49:23.500,8.005516,8.008166139640801,0,0,0,0
2024-03-01 11:49:23.750,7.977327,7.972049326255489,0,0,0,0
2024-03-01 11:49:24.000,7.945293,7.945966831040657,0,0,0,0
2024-03-01 11:49:24.250,7.924792,7.931505147543306,0,0,0,0
2024-03-01 11:49:24.500,7.928636,7.920141524633136,0,0,0,0
2024-03-01 11:49:24.750,7.901728,7.904471786519302,0,0,0,0
2024-03-01 11:49:25.000,7.885439,7.88723182930698,0,0,0,0
2024-03-01 11:49:25.250,7.871344,7.872078770310581,0,0,0,0
2024-03-01 11:49:25.500,7.85725,7.853499646305749,0,0,0,0
2024-03-01 11:49:25.750,7.826498,7.827144417484299,0,0,0,0
2024-03-01 11:49:26.000,7.797027,7.800957331181815,0,0,0,0
2024-03-01 11:49:26.250,7.788058,7.78430021861494,0,0,0,0
2024-03-01 11:49:26.500,7.772682,7.773239740278021,0,0,0,0
2024-03-01 11:49:26.750,7.754743,7.756340799664991,0,0,0,0
2024-03-01 11:49:27.000,7.734242,7.73380166362029,0,0,0,0
2024-03-01 11:49:27.250,7.731679,7.728055346463269,0,0,0,0
2024-03-01 11:49:27.500,7.766275,7.771001179773655,0,0,0,0
2024-03-01 11:49:27.750,7.872625,7.872008283776302,0,0,0,0
2024-03-01 11:49:28.000,8.000758,7.999488953950811,1,0,0,0
2024-03-01 11:49:28.250,8.105827,8.105146692599938,0,0,0,0
2024-03-01 11:49:28.500,8.16605,8.16632338357522,0,0,0,0
2024-03-01 11:49:28.750,8.192958,8.192323742223957,0,0,0,0
2024-03-01 11:49:29.000,8.18527,8.19092378605425,0,0,0,0
2024-03-01 11:49:29.250,8.158362,8.154310943533758,0,0,0,0
2024-03-01 11:49:29.500,8.103265,8.095645249819025,0,0,0,0
2024-03-01 11:49:29.750,8.064825,8.074468948803075,0,0,0,0
2024-03-01 11:49:30.000,8.142986,8.147024287212538,0,0,0,0
2024-03-01 11:49:30.250,8.30956,8.297341411279978,0,0,0,0
2024-03-01 11:49:30.500,8.442818,8.449564077622718,0,0,0,0
2024-03-01 11:49:30.750,8.544956,8.544703906776077,0,0,0,0
2024-03-01 11:49:31.000,8.583396,8.58157194069915,0,0,0,0
2024-03-01 11:49:31.250,8.588522,8.5890823106513,0,1,0,0
2024-03-01 11:49:31.500,8.578271,8.582756935063298,0,0,0,0
2024-03-01 11:49:31.750,8.562895,8.555881362795716,0,0,0,0
2024-03-01 11:49:32.000,8.501391,8.501450008638306,0,0,0,0
2024-03-01 11:49:32.250,8.415542,8.424756295118762,0,0,0,0
2024-03-01 11:49:32.500,8.339943,8.332387386497423,0,0,0,0
2024-03-01 11:49:32.750,8.229749,8.22558523596189,0,0,0,1
2024-03-01 11:49:33.000,8.095209,8.105189950919154,0,0,0,0
2024-03-01 11:49:33.250,7.969639,7.968250765822303,0,0,1,0
2024-03-01 11:49:33.500,7.819723,7.811893142508099,0,0,0,0
2024-03-01 11:49:33.750,7.656081,7.6609034135220835,0,0,0,0
2024-03-01 11:49:34.000,7.571513,7.568845614866237,0,0,0,0
2024-03-01 11:49:34.250,7.547167,7.560267411768715,0,0,0,0
2024-03-01 11:49:34.500,7.609952,7.5892812959446685,0,0,0,0
2024-03-01 11:49:34.750,7.571513,7.586668844943701,0,0,0,0
2024-03-01 11:49:35.000,7.544605,7.536596731766745,0,0,0,0
2024-03-01 11:49:35.250,7.477975,7.48030717332557,0,0,0,0
2024-03-01 11:49:35.500,7.445942,7.452098935641557,0,0,0,0
2024-03-01 11:49:35.750,7.449786,7.441481557778716,0,0,0,0
2024-03-01 11:49:36.000,7.425441,7.426380677047167,0,0,0,0
2024-03-01 11:49:36.250,7.41519,7.415396679213507,0,0,0,0
2024-03-01 11:49:36.500,7.421385,7.428828262356722,0,0,0,0
2024-03-01 11:49:36.750,7.461106,7.455727739451918,0,0,0,0
2024-03-01 11:49:37.000,7.476482,7.470002830979672,0,0,0,0
2024-03-01 11:49:37.250,7.475201,7.481614959271086,0,0,0,0
2024-03-01 11:49:37.500,7.525173,7.5283749746363595,0,0,0,0
2024-03-01 11:49:37.750,7.61871,7.622414803018281,0,0,0,0
2024-03-01 11:49:38.000,7.776314,7.753486018569426,0,0,0,0
2024-03-01 11:49:38.250,7.915979,7.935744482644745,1,0,0,0
2024-03-01 11:49:38.500,8.180145,8.186047725723224,0,0,0,0
2024-03-01 11:49:38.750,8.471007,8.454742175625029,0,0,0,0
2024-03-01 11:49:39.000,8.641056,8.642475259092041,0,0,0,0
2024-03-01 11:49:39.250,8.685903,8.697498853583905,0,1,0,0
2024-03-01 11:49:39.500,8.665401,8.658970450216678,0,0,0,0
2024-03-01 11:49:39.750,8.614148,8.603329488827278,0,0,0,0
2024-03-01 11:49:40.000,8.543675,8.5613234186702,0,0,0,0
2024-03-01 11:49:40.250,8.477046,8.484692661817022,0,0,0,0
2024-03-01 11:49:40.500,8.355319,8.316298781766344,0,0,0,1
2024-03-01 11:49:40.750,8.072145,8.098501175239408,0,0,1,0
2024-03-01 11:49:41.000,7.936324,7.950365938469229,0,0,0,0
2024-03-01 11:49:41.250,7.944012,7.9211577253573395,0,0,0,0
2024-03-01 11:49:41.500,7.942731,7.943017826235067,0,0,0,0
2024-03-01 11:49:41.750,7.93248,7.942606403532008,0,0,0,0
2024-03-01 11:49:42.000,7.922229,7.919687864444074,0,0,0,0
2024-03-01 11:49:42.250,7.903378,7.902368357569507,0,0,0,0
2024-03-01 11:49:42.500,7.898252,7.89692740020626,0,0,0,0
2024-03-01 11:49:42.750,7.90594,7.906806755568198,0,0,0,0
2024-03-01 11:49:43.000,7.957193,7.955384710088243,0,0,0,0
2024-03-01 11:49:43.250,8.052011,8.056774289971251,0,0,0,0
2024-03-01 11:49:43.500,8.180145,8.181066072421661,1,0,0,0
2024-03-01 11:49:43.750,8.290339,8.281638075552689,0,0,0,0
2024-03-01 11:49:44.000,8.354406,8.354691695796982,0,0,0,0
2024-03-01 11:49:44.250,8.422317,8.434210573057815,0,0,0,0
2024-03-01 11:49:44.500,8.524455,8.523950665491009,0,0,0,0
2024-03-01 11:49:44.750,8.605179,8.582988290929451,0,1,0,0
2024-03-01 11:49:45.000,8.56802,8.590072422568024,0,0,0,0
2024-03-01 11:49:45.250,8.571864,8.569999834481477,0,0,0,0
2024-03-01 11:49:45.500,8.552645,8.543976028987355,0,0,0,0
2024-03-01 11:49:45.750,8.50011,8.50381764828524,0,0,0,0
2024-03-01 11:49:46.000,8.445012,8.445012279046942,0,0,0,1
2024-03-01 11:49:46.250,8.380946,8.382640215227218,0,0,0,0
2024-03-01 11:49:46.500,8.325849,8.325302660174799,0,0,1,0
2024-03-01 11:49:46.750,8.265626,8.264319437260117,0,0,0,0
2024-03-01 11:49:47.000,8.198997,8.196637247605386,0,0,0,0
2024-03-01 11:49:47.250,8.129806,8.132271704343117,0,0,0,0
2024-03-01 11:49:47.500,8.060614,8.069801512511296,0,0,0,0
2024-03-01 11:49:47.750,8.011923,7.997934495537163,0,0,0,0
2024-03-01 11:49:48.000,7.947856,7.942846553365259,0,0,0,0
2024-03-01 11:49:48.250,7.949137,7.973095862430672,0,0,0,0
2024-03-01 11:49:48.500,8.134931,8.118331036856253,0,0,0,0
2024-03-01 11:49:48.750,8.315598,8.315965005472247,0,0,0,0
2024-03-01 11:49:49.000,8.473202,8.476378134534915,1,0,0,0
2024-03-01 11:49:49.250,8.576989,8.57361839724626,0,0,0,0
2024-03-01 11:49:49.500,8.634649,8.641991146346042,0,0,0,0
2024-03-01 11:49:49.750,8.715373,8.709601850451321,0,0,0,0
2024-03-01 11:49:50.000,8.770471,8.767492399526319,0,0,0,0
2024-03-01 11:49:50.250,8.783284,8.79359986447105,0,1,0,0
2024-03-01 11:49:50.500,8.793534,8.783947265206038,0,0,0,0
2024-03-01 11:49:50.750,8.758939,8.759243634850483,0,0,0,0
2024-03-01 11:49:51.000,8.737156,8.74521237516434,0,0,0,0
2024-03-01 11:49:51.250,8.749969,8.74486450132968,0,0,0,0
2024-03-01 11:49:51.500,8.741,8.737871097892745,0,0,0,0
2024-03-01 11:49:51.750,8.707685,8.71148146759423,0,0,0,0
2024-03-01 11:49:52.000,8.675653,8.677025172203757,0,0,0,1
2024-03-01 11:49:52.250,8.65387,8.650926173999293,0,0,0,0
2024-03-01 11:49:52.500,8.635931,8.63703105599489,0,0,0,0
2024-03-01 11:49:52.750,8.634649,8.633061724342115,0,0,0,0
2024-03-01 11:49:53.000,8.634649,8.638568761718684,0,0,0,0
2024-03-01 11:49:53.250,8.65387,8.650087444502082,0,0,0,0
2024-03-01 11:49:53.500,8.657714,8.65924683263637,0,0,0,0
2024-03-01 11:49:53.750,8.661557,8.661220510419149,0,0,0,0
2024-03-01 11:49:54.000,8.658995,8.658689625812771,0,0,1,0
2024-03-01 11:49:54.250,8.652588,8.654481137539385,0,0,0,0
2024-03-01 11:49:54.500,8.648745,8.646703808578259,0,0,0,0
2024-03-01 11:49:54.750,8.635931,8.63520724915623,0,0,0,0
2024-03-01 11:49:55.000,8.624399,8.626578477377448,0,0,0,0
2024-03-01 11:49:55.250,8.62568,8.626614659630208,0,0,0,0
2024-03-01 11:49:55.500,8.637212,8.632513677559016,0,0,0,0
2024-03-01 11:49:55.750,8.633368,8.637249227895987,0,0,0,0
2024-03-01 11:49:56.000,8.635931,8.6364853459219,0,0,0,0
2024-03-01 11:49:56.250,8.632087,8.628846830883711,0,0,0,0
2024-03-01 11:49:56.500,8.614148,8.61545420990867,0,0,0,0
2024-03-01 11:49:56.750,8.597491,8.599946063734633,0,0,0,0
2024-03-01 11:49:57.000,8.588522,8.584855958994245,0,0,0,0
2024-03-01 11:49:57.250,8.56802,8.56970801285238,0,0,0,0
2024-03-01 11:49:57.500,8.553926,8.55496209118188,0,0,0,0
2024-03-01 11:49:57.750,8.547519,8.545305186068989,0,0,0,0
2024-03-01 11:49:58.000,8.546238,8.547063593945412,0,0,0,0
2024-03-01 11:49:58.250,8.560332,8.56169477494804,0,0,0,0
2024-03-01 11:49:58.500,8.583396,8.58265792504923,0,0,0,0
2024-03-01 11:49:58.750,8.605179,8.60310485302428,0,0,0,0
2024-03-01 11:49:59.000,8.62568,8.6278950103558,0,0,0,0
2024-03-01 11:49:59.250,8.673089,8.674299146173306,0,0,0,0
2024-03-01 11:49:59.500,8.762783,8.760948734938019,0,0,0,0
2024-03-01 11:49:59.750,8.901166,8.89323881083351,1,0,0,0
2024-03-01 11:50:00.000,9.025455,9.04794770150545,0,0,0,0
2024-03-01 11:50:00.250,9.19873,9.178586404902147,0,0,0,0
2024-03-01 11:50:00.500,9.260234,9.257220697174253,0,0,0,0
2024-03-01 11:50:00.750,9.283298,9.294217458517046,0,1,0,0
2024-03-01 11:50:01.000,9.271766,9.291543785118895,0,0,0,0
2024-03-01 11:50:01.250,9.271766,9.223838468860782,0,0,0,0
2024-03-01 11:50:01.500,9.080847,9.107451837382465,0,0,0,1
2024-03-01 11:50:01.750,9.005249,9.020432127611002,0,0,1,0
2024-03-01 11:50:02.000,9.023188,9.002129872583634,0,0,0,0
2024-03-01 11:50:02.250,9.002686,9.001560363257603,0,0,0,0
2024-03-01 11:50:02.500,8.955276,8.96540027038237,0,0,0,0
2024-03-01 11:50:02.750,8.914274,8.910343309397884,0,0,0,0
2024-03-01 11:50:03.000,8.875834,8.876948116611176,0,0,0,0
2024-03-01 11:50:03.250,8.866865,8.86558736685802,0,0,0,0
2024-03-01 11:50:03.500,8.848927,8.849536538396844,0,0,0,0
2024-03-01 11:50:03.750,8.827144,8.8244402712997,0,0,0,0
2024-03-01 11:50:04.000,8.813049,8.815633818815947,0,0,0,0
2024-03-01 11:50:04.250,8.834831,8.838877197148658,0,0,0,0
2024-03-01 11:50:04.500,8.884804,8.88026684987894,0,0,0,0
2024-03-01 11:50:04.750,8.937338,8.931299907436129,0,0,0,0
2024-03-01 11:50:05.000,9.009092,9.017713694550517,1,0,0,0
2024-03-01 11:50:05.250,9.156446,9.157732328132527,0,0,0,0
2024-03-01 11:50:05.500,9.310205,9.310825595816262,0,0,0,0
2024-03-01 11:50:05.750,9.431931,9.415849000298053,0,0,0,0
2024-03-01 11:50:06.000,9.453204,9.468291583182245,0,0,0,0
2024-03-01 11:50:06.250,9.503176,9.506417917017446,0,0,0,0
2024-03-01 11:50:06.500,9.537771,9.531012166465336,0,1,0,0
2024-03-01 11:50:06.750,9.508301,9.501079707500766,0,0,0,0
2024-03-01 11:50:07.000,9.398107,9.409805638807507,0,0,0,0
2024-03-01 11:50:07.250,9.310976,9.307676662279034,0,0,0,0
2024-03-01 11:50:07.500,9.241784,9.240918035896945,0,0,0,1
2024-03-01 11:50:07.750,9.208469,9.207322254346593,0,0,0,0
2024-03-01 11:50:08.000,9.178999,9.181220534148236,0,0,0,0
2024-03-01 11:50:08.250,9.155935,9.153484291723935,0,0,0,0
2024-03-01 11:50:08.500,9.132871,9.134641477987584,0,0,0,0
2024-03-01 11:50:08.750,9.130308,9.132165276154401,0,0,0,0
2024-03-01 11:50:09.000,9.143122,9.13828808204884,0,0,0,0
2024-03-01 11:50:09.250,9.136715,9.139204563017449,0,0,0,0
2024-03-01 11:50:09.500,9.125183,9.12713975145365,0,0,0,0
2024-03-01 11:50:09.750,9.104682,9.104807982086506,0,0,0,0
2024-03-01 11:50:10.000,9.094431,9.08659229807817,0,0,0,0
2024-03-01 11:50:10.250,9.080337,9.081714066309113,0,0,0,0
2024-03-01 11:50:10.500,9.031646,9.06002677670061,0,0,0,0
2024-03-01 11:50:10.750,9.014989,8.969064856646327,0,0,0,0
2024-03-01 11:50:11.000,8.799725,8.819050764159924,0,0,1,0
2024-03-01 11:50:11.250,8.684916,8.700163810825313,0,0,0,0
2024-03-01 11:50:11.500,8.67979,8.668780636836928,0,0,0,0
2024-03-01 11:50:11.750,8.684916,8.676299492906672,0,0,0,0
2024-03-01 11:50:12.000,8.652883,8.655734631675994,0,0,0,0
2024-03-01 11:50:12.250,8.599067,8.611585388434891,0,0,0,0
2024-03-01 11:50:12.500,8.587535,8.581610061308535,0,0,0,0
2024-03-01 11:50:12.750,8.584972,8.572679560600752,0,0,0,0
2024-03-01 11:50:13.000,8.558064,8.572010970447245,0,0,0,0
2024-03-01 11:50:13.250,8.573441,8.57552100052421,0,0,0,0
2024-03-01 11:50:13.500,8.595222,8.582647212114631,0,0,0,0
2024-03-01 11:50:13.750,8.588816,8.592342374185565,0,0,0,0
2024-03-01 11:50:14.000,8.595222,8.60628028116807,0,0,0,0
2024-03-01 11:50:14.250,8.629819,8.622276400853316,0,0,0,0
2024-03-01 11:50:14.500,8.651601,8.641632045438275,1,0,0,0
2024-03-01 11:50:14.750,8.669539,8.677574507838768,0,0,0,0
2024-03-01 11:50:15.000,8.697729,8.718438636306159,0,1,0,0
2024-03-01 11:50:15.250,8.738731,8.707027243062134,0,0,0,0
2024-03-01 11:50:15.500,8.615724,8.61601391792757,0,0,1,1
2024-03-01 11:50:15.750,8.481184,8.510529047467832,0,0,0,0
2024-03-01 11:50:16.000,8.490153,8.47025270315705,0,0,0,0
2024-03-01 11:50:16.250,8.488873,8.487670036212274,0,0,0,0
2024-03-01 11:50:16.500,8.497842,8.500713694661892,0,0,0,0
2024-03-01 11:50:16.750,8.479903,8.483325349729357,0,0,0,0
2024-03-01 11:50:17.000,8.455558,8.45355349019524,0,0,0,0
2024-03-01 11:50:17.250,8.427368,8.425957600557265,0,0,0,0
2024-03-01 11:50:17.500,8.397603,8.39847754187571,0,0,0,0
2024-03-01 11:50:17.750,8.371977,8.371906141930047,0,0,0,0
2024-03-01 11:50:18.000,8.354038,8.353491860123093,0,0,0,0
2024-03-01 11:50:18.250,8.33738,8.342170658315704,0,0,0,0
2024-03-01 11:50:18.500,8.3361,8.326800565124831,0,0,0,0
2024-03-01 11:50:18.750,8.295096,8.301399966723983,0,0,0,0
2024-03-01 11:50:19.000,8.26947,8.271767305172819,0,0,0,0
2024-03-01 11:50:19.250,8.255376,8.250375275030416,0,0,0,0
2024-03-01 11:50:19.500,8.260501,8.25863027110034,0,0,0,0
2024-03-01 11:50:19.750,8.318161,8.324939053699694,0,0,0,0
2024-03-01 11:50:20.000,8.459107,8.45654986347459,0,0,0,0
2024-03-01 11:50:20.250,8.617992,8.615527517692176,0,0,0,0
2024-03-01 11:50:20.500,8.739718,8.743109735723655,0,0,0,0
2024-03-01 11:50:20.750,8.814035,8.810716578064724,0,0,0,0
2024-03-01 11:50:21.000,8.834538,8.834765060533714,0,0,0,0
2024-03-01 11:50:21.250,8.835818,8.837657797113444,0,0,0,0
2024-03-01 11:50:21.500,8.805066,8.813485856011091,0,0,0,0
2024-03-01 11:50:21.750,8.780722,8.765578167212073,0,0,0,0
2024-03-01 11:50:22.000,8.771752,8.767194830592397,1,0,0,0
2024-03-01 11:50:22.250,8.887072,8.89972581661611,0,0,0,0
2024-03-01 11:50:22.500,9.062614,9.092087391968695,0,0,0,0
2024-03-01 11:50:22.750,9.18976,9.139210032662392,0,1,0,0
2024-03-01 11:50:23.000,8.989873,8.977135354564352,0,0,0,1
2024-03-01 11:50:23.250,8.747701,8.815496943273653,0,0,1,0
2024-03-01 11:50:23.500,8.896336,8.869080521791107,1,0,0,0
2024-03-01 11:50:23.750,9.116724,9.082615269506904,0,0,0,0
2024-03-01 11:50:24.000,9.21795,9.25042676462836,0,0,0,0
2024-03-01 11:50:24.250,9.288423,9.288546193487662,0,0,0,0
2024-03-01 11:50:24.500,9.283298,9.27140674525779,0,0,0,0
2024-03-01 11:50:24.750,9.287142,9.286732272537314,0,0,0,0
2024-03-01 11:50:25.000,9.323019,9.342407644081305,0,0,0,0
2024-03-01 11:50:25.250,9.41015,9.384756835351775,0,0,0,0
2024-03-01 11:50:25.500,9.357615,9.372371366292896,0,0,0,0
2024-03-01 11:50:25.750,9.335832,9.329046845376743,0,0,0,0
2024-03-01 11:50:26.000,9.306361,9.317049526260876,0,0,0,0
2024-03-01 11:50:26.250,9.378116,9.3632035302942,0,0,0,0
2024-03-01 11:50:26.500,9.413993,9.422815344658268,0,0,0,0
2024-03-01 11:50:26.750,9.402461,9.41111981300308,0,1,0,0
2024-03-01 11:50:27.000,9.297392,9.275238111024594,0,0,0,0
2024-03-01 11:50:27.250,9.038564,9.050788609419005,0,0,0,0
2024-03-01 11:50:27.500,8.827144,8.834917163635009,0,0,0,1
2024-03-01 11:50:27.750,8.700292,8.69130333243786,0,0,0,0
2024-03-01 11:50:28.000,8.609318,8.604581969805587,0,0,1,0
2024-03-01 11:50:28.250,8.519624,8.531149738028978,0,0,0,0
2024-03-01 11:50:28.500,8.464527,8.457568937645826,0,0,0,0
2024-03-01 11:50:28.750,8.399179,8.397657187803047,0,0,0,0
2024-03-01 11:50:29.000,8.350194,8.356350166720697,0,0,0,0
2024-03-01 11:50:29.250,8.313035,8.31008066180692,0,0,0,0
2024-03-01 11:50:29.500,8.225904,8.22708637842101,0,0,0,0
2024-03-01 11:50:29.750,8.120835,8.110372825943518,0,0,0,0
2024-03-01 11:50:30.000,7.986296,8.005016509874034,0,0,0,0
2024-03-01 11:50:30.250,7.959388,7.948326550582723,0,0,0,0
2024-03-01 11:50:30.500,7.93248,7.926749128230888,0,0,0,0
2024-03-01 11:50:30.750,7.877383,7.894567049240615,0,0,0,0
2024-03-01 11:50:31.000,7.841874,7.826785955843574,0,0,0,0
2024-03-01 11:50:31.250,7.749618,7.750542792246624,0,0,0,0
2024-03-01 11:50:31.500,7.715022,7.72304860532366,0,0,0,0
2024-03-01 11:50:31.750,7.768838,7.768101627991601,0,0,0,0
2024-03-01 11:50:32.000,7.849562,7.843109041548283,0,0,0,0
2024-03-01 11:50:32.250,7.885439,7.886348529651425,0,0,0,0
2024-03-01 11:50:32.500,7.87647,7.881193572140717,0,0,0,0
2024-03-01 11:50:32.750,7.854687,7.853252978201823,0,0,0,0
2024-03-01 11:50:33.000,7.826498,7.823520166773902,0,0,0,0
2024-03-01 11:50:33.250,7.786777,7.790019658737609,0,0,0,0
2024-03-01 11:50:33.500,7.748336,7.746740511804839,0,0,0,0
2024-03-01 11:50:33.750,7.700927,7.700528122987615,0,0,0,0
2024-03-01 11:50:34.000,7.66505,7.666800933802882,0,0,0,0
2024-03-01 11:50:34.250,7.656081,7.654387525411495,0,0,0,0
2024-03-01 11:50:34.500,7.654799,7.655830285370469,0,0,0,0
2024-03-01 11:50:34.750,7.652236,7.652291756490105,0,0,0,0
2024-03-01 11:50:35.000,7.630454,7.629824146115603,0,0,0,0
2024-03-01 11:50:35.250,7.593296,7.5919824370815725,0,0,0,0
2024-03-01 11:50:35.500,7.551012,7.554100274544691,0,0,0,0
2024-03-01 11:50:35.750,7.525385,7.5247159728990685,0,0,0,0
2024-03-01 11:50:36.000,7.50104,7.498502160480299,0,0,0,0
2024-03-01 11:50:36.250,7.467725,7.468986455981366,0,0,0,0
2024-03-01 11:50:36.500,7.436973,7.439147911815765,0,0,0,0
2024-03-01 11:50:36.750,7.417753,7.415388634812665,0,0,0,0
2024-03-01 11:50:37.000,7.399602,7.398569402170625,0,0,0,0
2024-03-01 11:50:37.250,7.380383,7.384003128294194,0,0,0,0
2024-03-01 11:50:37.500,7.367569,7.36633164412572,0,0,0,0
2024-03-01 11:50:37.750,7.34963,7.3452817304985505,0,0,0,0
2024-03-01 11:50:38.000,7.321441,7.326338621214187,0,0,0,0
2024-03-01 11:50:38.250,7.308628,7.311411834710893,0,0,0,0
2024-03-01 11:50:38.500,7.303503,7.295855344609065,0,0,0,0
2024-03-01 11:50:38.750,7.283001,7.281552266146237,0,0,0,0
2024-03-01 11:50:39.000,7.263781,7.278385928262143,0,0,0,0
2024-03-01 11:50:39.250,7.299658,7.288483035889054,0,0,0,0
2024-03-01 11:50:39.500,7.32016,7.313848347902311,0,0,0,0
2024-03-01 11:50:39.750,7.365006,7.377716262466105,0,0,0,0
2024-03-01 11:50:40.000,7.502109,7.4993230101170925,1,0,0,0
2024-03-01 11:50:40.250,7.649462,7.647225851909596,0,0,0,0
2024-03-01 11:50:40.500,7.762219,7.7602750276104775,0,0,0,0
2024-03-01 11:50:40.750,7.819879,7.8203225028640615,0,0,0,0
2024-03-01 11:50:41.000,7.864726,7.868175349183176,0,0,0,0
2024-03-01 11:50:41.250,7.939043,7.940260401194325,0,0,0,0
2024-03-01 11:50:41.500,8.026385,8.021317158956546,0,0,0,0
2024-03-01 11:50:41.750,8.073794,8.072764450139637,0,0,0,0
2024-03-01 11:50:42.000,8.073794,8.080478823183832,0,1,0,0
2024-03-01 11:50:42.250,8.058418,8.05513838038404,0,0,0,0
2024-03-01 11:50:42.500,8.008447,8.005919019154941,0,0,0,0
2024-03-01 11:50:42.750,7.932848,7.936311603166985,0,0,0,0
2024-03-01 11:50:43.000,7.85725,7.856620040826787,0,0,0,0
2024-03-01 11:50:43.250,7.786777,7.78373947933732,0,0,0,0
2024-03-01 11:50:43.500,7.72271,7.728123807900018,0,0,0,1
2024-03-01 11:50:43.750,7.690677,7.687020755973215,0,0,0,0
2024-03-01 11:50:44.000,7.653518,7.652403161402038,0,0,0,0
2024-03-01 11:50:44.250,7.618922,7.621747010077839,0,0,0,0
2024-03-01 11:50:44.500,7.595858,7.596311265436543,0,0,0,0
2024-03-01 11:50:44.750,7.576638,7.573653775083399,0,0,0,0
2024-03-01 11:50:45.000,7.54973,7.549980607606611,0,0,0,0
2024-03-01 11:50:45.250,7.521541,7.526209945628656,0,0,0,0
2024-03-01 11:50:45.500,7.51129,7.5053960792996195,0,0,0,0
2024-03-01 11:50:45.750,7.485663,7.487098228406896,0,0,0,0
2024-03-01 11:50:46.000,7.4626,7.4671816535225055,0,0,0,0
2024-03-01 11:50:46.250,7.447224,7.444114698187907,0,0,0,0
2024-03-01 11:50:46.500,7.43441,7.42548387197475,0,0,0,0
2024-03-01 11:50:46.750,7.398533,7.414360709570061,0,0,0,0
2024-03-01 11:50:47.000,7.382945,7.380934510135597,0,0,0,0
2024-03-01 11:50:47.250,7.293252,7.277111417862977,0,0,0,0
2024-03-01 11:50:47.500,7.088239,7.102080800040942,0,0,1,0
2024-03-01 11:50:47.750,6.924229,6.922881852264075,0,0,0,0
2024-03-01 11:50:48.000,6.805648,6.805668820546257,0,0,0,0
2024-03-01 11:50:48.250,6.758239,6.753897820047863,0,0,0,0
2024-03-01 11:50:48.500,6.727487,6.730138366067341,0,0,0,0
2024-03-01 11:50:48.750,6.708267,6.708503970441127,0,0,0,0
2024-03-01 11:50:49.000,6.686484,6.687849900594392,0,0,0,0
2024-03-01 11:50:49.250,6.680078,6.677884143040946,0,0,0,0
2024-03-01 11:50:49.500,6.695454,6.692844883306965,0,0,0,0
2024-03-01 11:50:49.750,6.737737,6.7443072503704,0,0,0,0
2024-03-01 11:50:50.000,6.824868,6.822243155365701,0,0,0,0
2024-03-01 11:50:50.250,6.895341,6.892757984363127,0,0,0,0
2024-03-01 11:50:50.500,6.927374,6.928614735562425,0,0,0,0
2024-03-01 11:50:50.750,6.9325,6.93350143631678,0,0,0,0
2024-03-01 11:50:51.000,6.924812,6.926375895463554,1,0,0,0
2024-03-01 11:50:51.250,6.917124,6.9131077242990475,0,1,1,1
2024-03-01 11:50:51.500,6.882528,6.884383204104159,0,0,0,0
2024-03-01 11:50:51.750,6.831275,6.8336603649141034,0,0,0,0
2024-03-01 11:50:52.000,6.772333,6.769086351521092,0,0,0,0
2024-03-01 11:50:52.250,6.712111,6.709434880238679,0,0,0,0
2024-03-01 11:50:52.500,6.657013,6.66593756157623,0,0,0,0
2024-03-01 11:50:52.750,6.632668,6.628987092639481,0,0,0,0
2024-03-01 11:50:53.000,6.594228,6.587323059008976,0,0,0,0
2024-03-01 11:50:53.250,6.555789,6.556577347492916,0,0,0,0
2024-03-01 11:50:53.500,6.539131,6.560730490717736,0,0,0,0
2024-03-01 11:50:53.750,6.622417,6.590330773837432,0,0,0,0
2024-03-01 11:50:54.000,6.59551,6.61441955361949,0,0,0,0
2024-03-01 11:50:54.250,6.628824,6.627667033903597,0,0,0,0
2024-03-01 11:50:54.500,6.657013,6.652800934585153,0,0,0,0
2024-03-01 11:50:54.750,6.70186,6.700369059637865,0,0,0,0
2024-03-01 11:50:55.000,6.739019,6.745261779145809,0,0,0,0
2024-03-01 11:50:55.250,6.745425,6.749703941946932,0,0,0,0
2024-03-01 11:50:55.500,6.741581,6.721863770893112,0,0,0,0
2024-03-01 11:50:55.750,6.731331,6.736167727697166,1,0,0,0
2024-03-01 11:50:56.000,6.810773,6.840366652782303,0,0,0,0
2024-03-01 11:50:56.250,6.979909,6.956886484430156,0,0,0,0
2024-03-01 11:50:56.500,6.987597,6.970111008909682,0,0,0,0
2024-03-01 11:50:56.750,6.887653,6.901751563001945,0,0,0,0
2024-03-01 11:50:57.000,6.846651,6.879192691614675,0,0,0,0
2024-03-01 11:50:57.250,6.979909,6.939048008366978,0,0,0,0
2024-03-01 11:50:57.500,6.995285,6.997663962313733,0,0,0,0
2024-03-01 11:50:57.750,6.995285,7.0068480638469195,0,1,0,0
2024-03-01 11:50:58.000,6.986316,7.0026352399347545,0,0,0,0
2024-03-01 11:50:58.250,7.03885,7.006149878113175,0,0,0,0
2024-03-01 11:50:58.500,6.979909,6.9939395457448725,0,0,0,0
2024-03-01 11:50:58.750,6.956845,6.964261146269315,0,0,0,0
2024-03-01 11:50:59.000,6.956845,6.949762287311425,0,0,0,0
2024-03-01 11:50:59.250,6.972221,6.9678576404560815,0,0,0,0
2024-03-01 11:50:59.500,6.994004,7.004634572652078,0,0,0,0
2024-03-01 11:50:59.750,7.04782,7.039174677361739,0,0,0,0
2024-03-01 11:51:00.000,7.05807,7.061007333150873,0,0,0,0
2024-03-01 11:51:00.250,7.069602,7.070571228291471,0,0,0,0
2024-03-01 11:51:00.500,7.073446,7.072654495665317,0,0,0,0
2024-03-01 11:51:00.750,7.070883,7.0698251134773376,0,0,0,0
2024-03-01 11:51:01.000,7.060633,7.06135147924036,0,0,0,0
2024-03-01 11:51:01.250,7.043975,7.04716823564673,0,0,0,0
2024-03-01 11:51:01.500,7.040132,7.0337839838211735,0,0,0,1
2024-03-01 11:51:01.750,7.031162,7.033856388954913,0,0,0,0
2024-03-01 11:51:02.000,7.046538,7.047742694402126,0,0,0,0
2024-03-01 11:51:02.250,7.041413,7.049188708334334,0,0,0,0
2024-03-01 11:51:02.500,7.036287,7.020730274862807,0,0,0,0
2024-03-01 11:51:02.750,7.004254,7.000343728208887,0,0,1,0
2024-03-01 11:51:03.000,7.008098,7.028338169459274,0,0,0,0
2024-03-01 11:51:03.250,7.01963,7.041120400363381,0,0,0,0
2024-03-01 11:51:03.500,7.005536,6.924459587663016,0,0,0,0
2024-03-01 11:51:03.750,6.63395,6.7005515928869315,0,0,0,0
2024-03-01 11:51:04.000,6.530162,6.530775292725626,0,0,0,0
2024-03-01 11:51:04.250,6.521193,6.498071275546015,0,0,0,0
2024-03-01 11:51:04.500,6.531443,6.527214647548826,0,0,0,0
2024-03-01 11:51:04.750,6.534006,6.550287844242747,0,0,0,0
2024-03-01 11:51:05.000,6.616011,6.614491253815314,0,0,0,0
2024-03-01 11:51:05.250,6.794116,6.7815260717845645,0,0,0,0
2024-03-01 11:51:05.500,6.991441,7.00630328077282,0,0,0,0
2024-03-01 11:51:05.750,7.161858,7.168137584864531,1,0,0,0
2024-03-01 11:51:06.000,7.256677,7.21013544719622,0,0,0,0
2024-03-01 11:51:06.250,7.149045,7.211602684530685,0,0,0,0
2024-03-01 11:51:06.500,7.32715,7.288847570030816,0,0,0,0
2024-03-01 11:51:06.750,7.437344,7.44738303841305,0,0,0,0
2024-03-01 11:51:07.000,7.578989,7.584396619947438,0,0,0,0
2024-03-01 11:51:07.250,7.640492,7.623291559295196,0,1,0,0
2024-03-01 11:51:07.500,7.573864,7.5879874370476035,0,0,0,0
2024-03-01 11:51:07.750,7.530298,7.538702899097237,0,0,0,0
2024-03-01 11:51:08.000,7.511078,7.490189458287295,0,0,0,0
2024-03-01 11:51:08.250,7.420104,7.4291604145174475,0,0,0,1
2024-03-01 11:51:08.500,7.367569,7.369071146064307,0,0,0,0
2024-03-01 11:51:08.750,7.327848,7.330736758026248,0,0,0,0
2024-03-01 11:51:09.000,7.294533,7.2938699728083005,0,0,1,0
2024-03-01 11:51:09.250,7.241999,7.2258025250258475,0,0,0,0
2024-03-01 11:51:09.500,7.120272,7.1457492677741605,0,0,0,0
2024-03-01 11:51:09.750,7.130523,7.109550231853127,0,0,0,0
2024-03-01 11:51:10.000,7.115147,7.133706357654578,0,0,0,0
2024-03-01 11:51:10.250,7.193308,7.175896117050711,0,0,0,0
2024-03-01 11:51:10.500,7.186902,7.193858356783875,0,0,0,0
2024-03-01 11:51:10.750,7.184339,7.1893535341112536,0,0,0,0
2024-03-01 11:51:11.000,7.192027,7.184152503746276,0,0,0,0
2024-03-01 11:51:11.250,7.175369,7.181263834421688,0,0,0,0
2024-03-01 11:51:11.500,7.174088,7.170987638130713,0,0,0,0
2024-03-01 11:51:11.750,7.165119,7.163339739131845,0,0,0,0
2024-03-01 11:51:12.000,7.188183,7.191932522497571,0,0,0,0
2024-03-01 11:51:12.250,7.277876,7.277702822624306,0,0,0,0
2024-03-01 11:51:12.500,7.399602,7.398422239238421,1,0,0,0
2024-03-01 11:51:12.750,7.507234,7.506283829371684,0,0,0,0
2024-03-01 11:51:13.000,7.572582,7.571735855087892,0,0,0,0
2024-03-01 11:51:13.250,7.593083,7.597566663777974,0,1,0,0
2024-03-01 11:51:13.500,7.598208,7.595557042786753,0,0,0,0
2024-03-01 11:51:13.750,7.571301,7.57078858558626,0,0,0,0
2024-03-01 11:51:14.000,7.534142,7.531594224644935,0,0,0,0
2024-03-01 11:51:14.250,7.485452,7.490758094094887,0,0,0,1
2024-03-01 11:51:14.500,7.444449,7.446280033169564,0,0,1,0
2024-03-01 11:51:14.750,7.394477,7.385226459149834,0,0,0,0
2024-03-01 11:51:15.000,7.318879,7.322452792989638,0,0,0,0
2024-03-01 11:51:15.250,7.304784,7.310486996969168,0,0,0,0
2024-03-01 11:51:15.500,7.391914,7.386946141575683,1,0,0,0
2024-03-01 11:51:15.750,7.526454,7.5247812241316865,0,0,0,0
2024-03-01 11:51:16.000,7.645618,7.653036373213474,0,0,0,0
2024-03-01 11:51:16.250,7.732749,7.726983486180634,0,0,0,0
2024-03-01 11:51:16.500,7.776314,7.767690902845409,0,0,0,0
2024-03-01 11:51:16.750,7.799377,7.810861323437493,0,0,0,0
2024-03-01 11:51:17.000,7.795534,7.818520338276475,0,1,0,0
2024-03-01 11:51:17.250,7.758375,7.705994138449261,0,0,0,0
2024-03-01 11:51:17.500,7.46495,7.4854967375270185,0,0,1,1
2024-03-01 11:51:17.750,7.259937,7.292695145606703,0,0,0,0
2024-03-01 11:51:18.000,7.253531,7.220046517005268,0,0,0,0
2024-03-01 11:51:18.250,7.220216,7.216781189133392,0,0,0,0
2024-03-01 11:51:18.500,7.177932,7.196056522374355,0,0,0,0
2024-03-01 11:51:18.750,7.152306,7.148011811778833,0,0,0,0
2024-03-01 11:51:19.000,7.121553,7.114216694116199,0,0,0,0
2024-03-01 11:51:19.250,7.120272,7.124789315418208,0,0,0,0
2024-03-01 11:51:19.500,7.183057,7.185428284867043,0,0,0,0
2024-03-01 11:51:19.750,7.286845,7.2853689024301,0,0,0,0
2024-03-01 11:51:20.000,7.408572,7.402890792101655,0,0,0,0
2024-03-01 11:51:20.250,7.504672,7.508480733741848,1,0,0,0
2024-03-01 11:51:20.500,7.552081,7.565893422832641,0,0,0,0
2024-03-01 11:51:20.750,7.581552,7.560471641632486,0,0,0,0
2024-03-01 11:51:21.000,7.553362,7.545601543176628,0,0,0,0
2024-03-01 11:51:21.250,7.568738,7.607567088899927,0,0,0,0
2024-03-01 11:51:21.500,7.769907,7.74724372905618,0,0,0,0
2024-03-01 11:51:21.750,7.876257,7.862208149326119,0,0,0,0
2024-03-01 11:51:22.000,7.868569,7.88306943264744,0,1,0,0
2024-03-01 11:51:22.250,7.84038,7.848602896422255,0,0,0,0
2024-03-01 11:51:22.500,7.822442,7.8128867201607095,0,0,0,0
2024-03-01 11:51:22.750,7.768626,7.764478316517927,0,0,0,0
2024-03-01 11:51:23.000,7.672526,7.676922593429477,0,0,0,0
2024-03-01 11:51:23.250,7.566175,7.570167617908734,0,0,0,1
2024-03-01 11:51:23.500,7.486733,7.481925129540374,0,0,0,0
2024-03-01 11:51:23.750,7.41626,7.41898579315128,0,0,1,0
2024-03-01 11:51:24.000,7.370131,7.364815235658794,0,0,0,0
2024-03-01 11:51:24.250,7.304784,7.309323779228594,0,0,0,0
2024-03-01 11:51:24.500,7.244561,7.251869497541405,0,0,0,0
2024-03-01 11:51:24.750,7.215091,7.195681543047218,0,0,0,0
2024-03-01 11:51:25.000,7.138211,7.15212685216501,0,0,0,0
2024-03-01 11:51:25.250,7.124116,7.1291339225316195,0,0,0,0
2024-03-01 11:51:25.500,7.124116,7.112683083494714,0,0,0,0
2024-03-01 11:51:25.750,7.08952,7.086769544257341,0,0,0,0
2024-03-01 11:51:26.000,7.05108,7.0633133437791535,0,0,0,0
2024-03-01 11:51:26.250,7.061331,7.062062699030316,0,0,0,0
2024-03-01 11:51:26.500,7.093364,7.078581671392043,0,0,0,0
2024-03-01 11:51:26.750,7.093364,7.092418455204656,0,0,0,0
2024-03-01 11:51:27.000,7.045955,7.078876946465075,0,0,0,0
2024-03-01 11:51:27.250,7.047236,7.026566160410372,0,0,0,0
2024-03-01 11:51:27.500,7.048518,6.996302792223847,0,0,0,0
2024-03-01 11:51:27.750,7.007515,7.097850027077527,0,0,0,0
2024-03-01 11:51:28.000,7.332973,7.31751892242054,1,0,0,0
2024-03-01 11:51:28.250,7.558487,7.476855568342532,0,0,0,0
2024-03-01 11:51:28.500,7.394477,7.468613044141309,0,0,0,0
2024-03-01 11:51:28.750,7.395758,7.393455244287036,0,0,0,0
2024-03-01 11:51:29.000,7.394477,7.37338806587264,0,0,0,0
2024-03-01 11:51:29.250,7.395758,7.39194045740445,0,0,0,0
2024-03-01 11:51:29.500,7.381664,7.393426445675373,0,0,0,0
2024-03-01 11:51:29.750,7.391914,7.3939286519141945,0,0,0,0
2024-03-01 11:51:30.000,7.432917,7.427876751627435,0,0,0,0
2024-03-01 11:51:30.250,7.481607,7.481072319711256,0,0,0,0
2024-03-01 11:51:30.500,7.525173,7.521977868580292,0,0,0,0
2024-03-01 11:51:30.750,7.534142,7.539099362479414,0,1,0,0
2024-03-01 11:51:31.000,7.508515,7.5214155210480955,0,0,0,0
2024-03-01 11:51:31.250,7.486733,7.457723259786509,0,0,0,0
2024-03-01 11:51:31.500,7.36885,7.3798591187891285,0,0,0,0
2024-03-01 11:51:31.750,7.325285,7.343501248589305,0,0,0,0
2024-03-01 11:51:32.000,7.348349,7.3386491286619755,0,0,0,0
2024-03-01 11:51:32.250,7.313753,7.291103385308903,0,0,0,1
2024-03-01 11:51:32.500,7.152306,7.178743124298666,0,0,0,0
2024-03-01 11:51:32.750,7.072863,7.068804673597705,0,0,1,0
2024-03-01 11:51:33.000,7.02161,7.0171921661553025,0,0,0,0
2024-03-01 11:51:33.250,7.007515,7.003204947353993,0,0,0,0
2024-03-01 11:51:33.500,6.975482,6.983315925420408,0,0,0,0
2024-03-01 11:51:33.750,6.95498,6.952599785010326,0,0,0,0
2024-03-01 11:51:34.000,6.937042,6.9338393483327785,0,0,0,0
2024-03-01 11:51:34.250,6.931917,6.936855458886714,0,0,0,0
2024-03-01 11:51:34.500,6.946011,6.9413961906064845,0,0,0,0
2024-03-01 11:51:34.750,6.90629,6.914599500939646,0,0,0,0
2024-03-01 11:51:35.000,6.863308,6.850281201797258,0,0,0,0
2024-03-01 11:51:35.250,6.782584,6.785901423976826,0,0,0,0
2024-03-01 11:51:35.500,6.742863,6.758084828484742,0,0,0,0
2024-03-01 11:51:35.750,6.763364,6.751130429035237,0,0,0,0
2024-03-01 11:51:36.000,6.741581,6.729931491304815,0,0,0,0
2024-03-01 11:51:36.250,6.692891,6.710762823438615,0,0,0,0
2024-03-01 11:51:36.500,6.7403,6.741784908603433,0,0,0,0
2024-03-01 11:51:36.750,6.833837,6.822989038961308,0,0,0,0
2024-03-01 11:51:37.000,6.906873,6.903693268396669,0,0,0,0
2024-03-01 11:51:37.250,6.935062,6.947789831416788,0,0,0,0
2024-03-01 11:51:37.500,6.955564,6.955635797633291,0,0,0,0
2024-03-01 11:51:37.750,6.960689,6.947250007721868,0,0,0,0
2024-03-01 11:51:38.000,6.958126,6.959756446299952,1,0,0,0
2024-03-01 11:51:38.250,7.004254,7.018302170257208,0,0,0,0
2024-03-01 11:51:38.500,7.076009,7.083389745560755,0,0,0,0
2024-03-01 11:51:38.750,7.132387,7.091433373635968,0,1,0,0
2024-03-01 11:51:39.000,7.041413,7.059415281173378,0,0,0,0
2024-03-01 11:51:39.250,7.008098,7.0551455725592325,0,0,0,0
2024-03-01 11:51:39.500,7.129825,7.06792514386053,0,0,0,0
2024-03-01 11:51:39.750,7.022193,7.033411038899964,0,0,0,0
2024-03-01 11:51:40.000,6.95172,6.969778967767505,0,0,1,1
2024-03-01 11:51:40.250,6.940187,6.951214699590414,0,0,0,0
2024-03-01 11:51:40.500,7.008098,6.9726457138573235,0,0,0,0
2024-03-01 11:51:40.750,6.95172,6.967808783176375,0,0,0,0
2024-03-01 11:51:41.000,6.920968,6.928297459001292,0,0,0,0
2024-03-01 11:51:41.250,6.905591,6.901917937974199,0,0,0,0
2024-03-01 11:51:41.500,6.911998,6.907240436600453,0,0,0,0
2024-03-01 11:51:41.750,6.928656,6.927496786944625,0,0,0,0
2024-03-01 11:51:42.000,6.954282,6.960891689324254,0,0,0,0
2024-03-01 11:51:42.250,7.01963,7.019399178827672,1,0,0,0
2024-03-01 11:51:42.500,7.100354,7.095199570995657,0,0,0,0
2024-03-01 11:51:42.750,7.165702,7.166429860247473,0,0,0,0
2024-03-01 11:51:43.000,7.220799,7.221825575609845,0,0,0,0
2024-03-01 11:51:43.250,7.245144,7.25461892271003,0,1,0,0
2024-03-01 11:51:43.500,7.270771,7.252110675548784,0,0,0,0
2024-03-01 11:51:43.750,7.204142,7.2152071526765855,0,0,0,0
2024-03-01 11:51:44.000,7.164421,7.168473614742224,0,0,0,1
2024-03-01 11:51:44.250,7.140075,7.132208369596492,0,0,1,0
2024-03-01 11:51:44.500,7.102917,7.103492310731445,0,0,0,0
2024-03-01 11:51:44.750,7.069602,7.073833267808778,0,0,0,0
2024-03-01 11:51:45.000,7.046538,7.045233276587898,0,0,0,0
2024-03-01 11:51:45.250,7.027318,7.023635431945139,0,0,0,0
2024-03-01 11:51:45.500,7.005536,7.010105116006558,0,0,0,0
2024-03-01 11:51:45.750,7.001691,6.999894157543109,0,0,0,0
2024-03-01 11:51:46.000,6.986316,6.987833575440757,0,0,0,0
2024-03-01 11:51:46.250,6.986316,6.981374984390842,0,0,0,0
2024-03-01 11:51:46.500,7.00041,7.004581212007066,0,0,0,0
2024-03-01 11:51:46.750,7.072165,7.073876546766091,0,0,0,0
2024-03-01 11:51:47.000,7.17339,7.171595258177534,0,0,0,0
2024-03-01 11:51:47.250,7.264364,7.2594529400381465,0,0,0,0
2024-03-01 11:51:47.500,7.309211,7.3144982021866065,0,0,0,0
2024-03-01 11:51:47.750,7.333556,7.336992184818708,0,0,0,0
2024-03-01 11:51:48.000,7.343807,7.336980254708931,0,0,0,0
2024-03-01 11:51:48.250,7.339963,7.338264228564437,0,0,0,0
2024-03-01 11:51:48.500,7.373278,7.38068927410932,1,0,0,0
2024-03-01 11:51:48.750,7.486035,7.485903795051904,0,0,0,0
2024-03-01 11:51:49.000,7.634086,7.6264945759112575,0,0,0,0
2024-03-01 11:51:49.250,7.745562,7.750473624073972,0,0,0,0
2024-03-01 11:51:49.500,7.826285,7.827353352795637,0,0,0,0
2024-03-01 11:51:49.750,7.8596,7.856795287672414,0,1,0,0
2024-03-01 11:51:50.000,7.845506,7.847722378164139,0,0,0,0
2024-03-01 11:51:50.250,7.808347,7.80624676997646,0,0,0,0
2024-03-01 11:51:50.500,7.736592,7.7377633160848305,0,0,0,0
2024-03-01 11:51:50.750,7.64818,7.650948534466785,0,0,0,1
2024-03-01 11:51:51.000,7.568738,7.561556223945746,0,0,0,0
2024-03-01 11:51:51.250,7.485452,7.490833457676088,0,0,1,0
2024-03-01 11:51:51.500,7.447011,7.449161662189247,0,0,0,0
2024-03-01 11:51:51.750,7.427792,7.421050925381153,0,0,0,0
2024-03-01 11:51:52.000,7.375257,7.3823480539593405,0,0,0,0
2024-03-01 11:51:52.250,7.347068,7.339929816954926,0,0,0,0
2024-03-01 11:51:52.500,7.338099,7.342085049325361,0,0,0,0
2024-03-01 11:51:52.750,7.432917,7.4335154991840575,0,0,0,0
2024-03-01 11:51:53.000,7.598208,7.597736076491337,1,0,0,0
2024-03-01 11:51:53.250,7.754531,7.758360967653227,0,0,0,0
2024-03-01 11:51:53.500,7.863444,7.848603732416392,0,0,0,0
2024-03-01 11:51:53.750,7.850631,7.86581466270645,0,1,0,0
2024-03-01 11:51:54.000,7.841661,7.843521702877794,0,0,0,0
2024-03-01 11:51:54.250,7.809628,7.7954589143849145,0,0,0,0
2024-03-01 11:51:54.500,7.708403,7.717108859191347,0,0,0,1
2024-03-01 11:51:54.750,7.61871,7.618009914296373,0,0,1,0
2024-03-01 11:51:55.000,7.51236,7.515285157046301,0,0,0,0
2024-03-01 11:51:55.250,7.41626,7.410584369323621,0,0,0,0
2024-03-01 11:51:55.500,7.303503,7.30208454631463,0,0,0,0
2024-03-01 11:51:55.750,7.197152,7.207472892708493,0,0,0,0
2024-03-01 11:51:56.000,7.1664,7.158696449713791,0,0,0,0
2024-03-01 11:51:56.250,7.189464,7.184206636825312,0,0,0,0
2024-03-01 11:51:56.500,7.283001,7.29466690950192,0,0,0,0
2024-03-01 11:51:56.750,7.467513,7.467034923938991,0,0,0,0
2024-03-01 11:51:57.000,7.664838,7.6509176001248775,1,0,0,0
2024-03-01 11:51:57.250,7.798096,7.80905218677499,0,0,0,0
2024-03-01 11:51:57.500,7.933918,7.939463893068066,0,0,0,0
2024-03-01 11:51:57.750,8.066107,8.050023870753622,0,0,0,0
2024-03-01 11:51:58.000,8.119923,8.130102569585071,0,0,0,0
2024-03-01 11:51:58.250,8.146831,8.153545537532151,0,1,0,0
2024-03-01 11:51:58.500,8.121203,8.105241823854843,0,0,0,0
2024-03-01 11:51:58.750,8.004602,8.00905034270736,0,0,0,0
2024-03-01 11:51:59.000,7.904659,7.916945955078597,0,0,0,1
2024-03-01 11:51:59.250,7.8675,7.856327209066782,0,0,0,0
2024-03-01 11:51:59.500,7.80984,7.808933746510036,0,0,0,0
2024-03-01 11:51:59.750,7.749618,7.752769734960938,0,0,1,0
2024-03-01 11:52:00.000,7.690677,7.694383604696348,0,0,0,0
2024-03-01 11:52:00.250,7.654799,7.648474653080642,0,0,0,0
2024-03-01 11:52:00.500,7.611234,7.614398746744083,0,0,0,0
2024-03-01 11:52:00.750,7.585608,7.584585069898928,0,0,0,0
2024-03-01 11:52:01.000,7.556137,7.558128905061523,0,0,0,0
2024-03-01 11:52:01.250,7.542042,7.5378285392119535,0,0,0,0
2024-03-01 11:52:01.500,7.516416,7.5225537081836,0,0,0,0
2024-03-01 11:52:01.750,7.513853,7.508335487921368,0,0,0,0
2024-03-01 11:52:02.000,7.493351,7.494641303021771,0,0,0,0
2024-03-01 11:52:02.250,7.48182,7.483809483114217,0,0,0,0
2024-03-01 11:52:02.500,7.47285,7.473481854071493,0,0,0,0
2024-03-01 11:52:02.750,7.463881,7.459157650472452,0,0,0,0
2024-03-01 11:52:03.000,7.445942,7.448568640271748,0,0,0,0
2024-03-01 11:52:03.250,7.458755,7.461134267765836,0,0,0,0
2024-03-01 11:52:03.500,7.507446,7.505681094593225,0,0,0,0
2024-03-01 11:52:03.750,7.571513,7.568135954365401,0,0,0,0
2024-03-01 11:52:04.000,7.618922,7.624381815343613,1,0,0,0
2024-03-01 11:52:04.250,7.658643,7.6566953378172125,0,0,0,0
2024-03-01 11:52:04.500,7.662487,7.660203267172599,0,0,0,0
2024-03-01 11:52:04.750,7.641986,7.64357708762399,0,0,0,0
2024-03-01 11:52:05.000,7.618922,7.6210381562322445,0,0,0,0
2024-03-01 11:52:05.250,7.600983,7.598510909326243,0,0,0,0
2024-03-01 11:52:05.500,7.572794,7.572907999200773,0,0,0,0
2024-03-01 11:52:05.750,7.545886,7.544982491938488,0,0,0,0
2024-03-01 11:52:06.000,7.517697,7.521593289944871,0,0,0,0
2024-03-01 11:52:06.250,7.507446,7.504314281596319,0,0,0,0
2024-03-01 11:52:06.500,7.489508,7.489069795814138,0,0,0,0
2024-03-01 11:52:06.750,7.477975,7.480007630850026,0,0,0,0
2024-03-01 11:52:07.000,7.49207,7.488300287209302,0,0,0,0
2024-03-01 11:52:07.250,7.502321,7.507277940852971,0,0,0,0
2024-03-01 11:52:07.500,7.504883,7.508158633492685,0,0,0,0
2024-03-01 11:52:07.750,7.503602,7.495012119979547,0,0,0,0
2024-03-01 11:52:08.000,7.562543,7.5515145848128995,0,0,0,0
2024-03-01 11:52:08.250,7.731679,7.7514403354675565,0,0,0,0
2024-03-01 11:52:08.500,7.9636,7.99151044307626,0,0,0,0
2024-03-01 11:52:08.750,8.094296,8.02384573360671,0,1,0,0
2024-03-01 11:52:09.000,7.707334,7.736749631957141,0,0,0,0
2024-03-01 11:52:09.250,7.263993,7.307244676002713,0,0,0,1
2024-03-01 11:52:09.500,7.062612,7.000417781607867,0,0,1,0
2024-03-01 11:52:09.750,6.875538,6.908716206383049,0,0,0,0
2024-03-01 11:52:10.000,6.936344,6.936082387031573,0,0,0,0
2024-03-01 11:52:10.250,6.960689,6.951577024629168,0,0,0,0
2024-03-01 11:52:10.500,6.922249,6.912592812689095,0,0,0,0
2024-03-01 11:52:10.750,6.840244,6.864760201887136,0,0,0,0
2024-03-01 11:52:11.000,6.853057,6.8447801355179,0,0,0,0
2024-03-01 11:52:11.250,6.835118,6.822922668390243,0,0,0,0
2024-03-01 11:52:11.500,6.75952,6.764077698770205,0,0,0,0
2024-03-01 11:52:11.750,6.677515,6.6904667569738505,0,0,0,0
2024-03-01 11:52:12.000,6.65317,6.642003805854877,0,0,0,0
2024-03-01 11:52:12.250,6.621136,6.6199818399461074,0,0,0,0
2024-03-01 11:52:12.500,6.600635,6.603081914958713,0,0,0,0
2024-03-01 11:52:12.750,6.57629,6.580176576525443,0,0,0,0
2024-03-01 11:52:13.000,6.5481,6.546042770231031,0,0,0,0
2024-03-01 11:52:13.250,6.504535,6.500211697401939,0,0,0,0
2024-03-01 11:52:13.500,6.462251,6.461902623714511,0,0,0,0
2024-03-01 11:52:13.750,6.44175,6.447194340499741,0,0,0,0
2024-03-01 11:52:14.000,6.416123,6.428629695122703,0,0,0,0
2024-03-01 11:52:14.250,6.406369,6.380711165212954,0,0,0,0
2024-03-01 11:52:14.500,6.388431,6.371961395120943,0,0,0,0
2024-03-01 11:52:14.750,6.433277,6.509664935275629,0,0,0,0
2024-03-01 11:52:15.000,6.831771,6.764054543786964,1,0,0,0
2024-03-01 11:52:15.250,6.961185,6.967700015980824,0,0,0,0
2024-03-01 11:52:15.500,7.005536,7.026963528348706,0,1,0,0
2024-03-01 11:52:15.750,7.020912,7.014821116780353,0,0,0,0
2024-03-01 11:52:16.000,7.032444,7.023520882639555,0,0,0,0
2024-03-01 11:52:16.250,7.020912,7.036535758561779,0,0,0,0
2024-03-01 11:52:16.500,7.006817,6.994345680527052,0,0,0,0
2024-03-01 11:52:16.750,6.933781,6.916854202906733,0,0,1,1
2024-03-01 11:52:17.000,6.840244,6.888251322922955,0,0,0,0
2024-03-01 11:52:17.250,6.969658,6.9333594334561575,0,0,0,0
2024-03-01 11:52:17.500,6.986316,6.985054079007312,0,0,0,0
2024-03-01 11:52:17.750,6.974783,6.989229803246013,0,0,0,0
2024-03-01 11:52:18.000,6.97094,6.968859245791285,0,0,0,0
2024-03-01 11:52:18.250,6.969658,6.965870727230269,0,0,0,0
2024-03-01 11:52:18.500,6.988878,6.98636036496237,0,0,0,0
2024-03-01 11:52:18.750,7.015786,7.020883570652488,0,0,0,0
2024-03-01 11:52:19.000,7.069602,7.068660040535981,0,0,0,0
2024-03-01 11:52:19.250,7.125981,7.12490669126691,0,0,0,0
2024-03-01 11:52:19.500,7.17339,7.172839356463218,0,0,0,0
2024-03-01 11:52:19.750,7.199017,7.200268533158736,0,0,0,0
2024-03-01 11:52:20.000,7.21183,7.210728716773423,0,0,0,0
2024-03-01 11:52:20.250,7.210548,7.21168997737175,0,0,0,0
2024-03-01 11:52:20.500,7.200298,7.200565477948944,0,0,0,0
2024-03-01 11:52:20.750,7.17339,7.172961386353441,0,0,0,0
2024-03-01 11:52:21.000,7.149045,7.145303921783739,0,0,0,0
2024-03-01 11:52:21.250,7.151608,7.157353646369518,0,0,0,0
2024-03-01 11:52:21.500,7.241301,7.241452807510143,1,0,0,0
2024-03-01 11:52:21.750,7.400186,7.3917764573449,0,0,0,0
2024-03-01 11:52:22.000,7.555227,7.56685426551038,0,0,0,0
2024-03-01 11:52:22.250,7.72506,7.7168311532084095,0,0,0,0
2024-03-01 11:52:22.500,7.808347,7.811006252105585,0,0,0,0
2024-03-01 11:52:22.750,7.851912,7.8503772113215105,0,1,0,0
2024-03-01 11:52:23.000,7.851912,7.855507323249213,0,0,0,0
2024-03-01 11:52:23.250,7.842943,7.840834406382196,0,0,0,0
2024-03-01 11:52:23.500,7.808347,7.806632059830144,0,0,0,0
2024-03-01 11:52:23.750,7.751968,7.753770081612267,0,0,0,0
2024-03-01 11:52:24.000,7.691746,7.69193487284412,0,0,0,1
2024-03-01 11:52:24.250,7.628961,7.630595697891877,0,0,0,0
2024-03-01 11:52:24.500,7.58027,7.575033569170886,0,0,0,0
2024-03-01 11:52:24.750,7.530298,7.53364715614553,0,0,1,0
2024-03-01 11:52:25.000,7.51236,7.515273965633454,0,0,0,0
2024-03-01 11:52:25.250,7.521329,7.516555083967947,0,0,0,0
2024-03-01 11:52:25.500,7.523891,7.524663620835694,0,0,0,0
2024-03-01 11:52:25.750,7.531579,7.533158596125554,0,0,0,0
2024-03-01 11:52:26.000,7.543111,7.5433647126297805,0,0,0,0
2024-03-01 11:52:26.250,7.553362,7.5524938607614525,0,0,0,0
2024-03-01 11:52:26.500,7.554643,7.552929480959781,0,0,0,0
2024-03-01 11:52:26.750,7.539268,7.5416706626424315,0,0,0,0
2024-03-01 11:52:27.000,7.520048,7.52189030000845,0,0,0,0
2024-03-01 11:52:27.250,7.504672,7.499051917226578,0,0,0,0
2024-03-01 11:52:27.500,7.479045,7.479975358108966,0,0,0,0
2024-03-01 11:52:27.750,7.457262,7.4678617352392616,0,0,0,0
2024-03-01 11:52:28.000,7.472638,7.456981292853666,0,0,0,0
2024-03-01 11:52:28.250,7.43548,7.440053792690582,0,0,0,0
2024-03-01 11:52:28.500,7.402165,7.4161178512732375,0,0,0,0
2024-03-01 11:52:28.750,7.409853,7.389882492928591,0,0,0,0
2024-03-01 11:52:29.000,7.372694,7.37932633753312,0,0,0,0
2024-03-01 11:52:29.250,7.411134,7.4210972057327345,0,0,0,0
2024-03-01 11:52:29.500,7.558487,7.547258401934328,0,0,0,0
2024-03-01 11:52:29.750,7.758375,7.753957303906441,1,0,0,0
2024-03-01 11:52:30.000,7.973639,7.9952524900160595,0,0,0,0
2024-03-01 11:52:30.250,8.226273,8.207669994637119,0,0,0,0
2024-03-01 11:52:30.500,8.359531,8.35489784194676,0,0,0,0
2024-03-01 11:52:30.750,8.430004,8.442804123264565,0,0,0,0
2024-03-01 11:52:31.000,8.455263,8.470916032672086,0,1,0,0
2024-03-01 11:52:31.250,8.451419,8.404580708880616,0,0,0,0
2024-03-01 11:52:31.500,8.195153,8.237139026524149,0,0,0,1
2024-03-01 11:52:31.750,8.054207,8.040253369077305,0,0,1,0
2024-03-01 11:52:32.000,7.914541,7.909227905752171,0,0,0,0
2024-03-01 11:52:32.250,7.875188,7.88335609814723,0,0,0,0
2024-03-01 11:52:32.500,7.937973,7.935999025483313,0,0,0,0
2024-03-01 11:52:32.750,8.019979,8.016339944544152,0,0,0,0
2024-03-01 11:52:33.000,8.086608,8.087551608466889,0,0,0,0
2024-03-01 11:52:33.250,8.128892,8.133655139412387,0,0,0,0
2024-03-01 11:52:33.500,8.148111,8.146947791510181,0,0,0,0
2024-03-01 11:52:33.750,8.137861,8.130930861162755,0,0,0,0
2024-03-01 11:52:34.000,8.110953,8.109435625747661,0,0,0,0
2024-03-01 11:52:34.250,8.073794,8.100508583192243,0,0,0,0
2024-03-01 11:52:34.500,8.123766,8.086797510796428,0,0,0,0
2024-03-01 11:52:34.750,8.03023,8.045047041133195,0,0,0,0
2024-03-01 11:52:35.000,7.975132,7.990417124611616,0,0,0,0
2024-03-01 11:52:35.250,7.985383,7.961668272843867,0,0,0,0
2024-03-01 11:52:35.500,7.972569,7.984337442679928,0,0,0,0
2024-03-01 11:52:35.750,8.066107,8.066568290502293,0,0,0,0
2024-03-01 11:52:36.000,8.204491,8.20238695410107,0,0,0,0
2024-03-01 11:52:36.250,8.365938,8.363128031943244,1,0,0,0
2024-03-01 11:52:36.500,8.495353,8.501655797653195,0,0,0,0
2024-03-01 11:52:36.750,8.582115,8.578907589667018,0,0,0,0
2024-03-01 11:52:37.000,8.598772,8.596982358985727,0,0,0,0
2024-03-01 11:52:37.250,8.610304,8.607822346388144,0,0,0,0
2024-03-01 11:52:37.500,8.657714,8.6667224551658,0,0,0,0
2024-03-01 11:52:37.750,8.766626,8.765389339527328,0,0,0,0
2024-03-01 11:52:38.000,8.846069,8.837482837965931,0,0,0,0
2024-03-01 11:52:38.250,8.842225,8.843385203444761,0,1,0,0
2024-03-01 11:52:38.500,8.805066,8.812120326094233,0,0,0,0
2024-03-01 11:52:38.750,8.776877,8.77811524809858,0,0,0,0
2024-03-01 11:52:39.000,8.729468,8.72362810811813,0,0,0,0
2024-03-01 11:52:39.250,8.632087,8.625705458953027,0,0,0,0
2024-03-01 11:52:39.500,8.510361,8.5223217278841,0,0,0,1
2024-03-01 11:52:39.750,8.478327,8.478216246433895,0,0,0,0
2024-03-01 11:52:40.000,8.510361,8.502945082371516,0,0,0,0
2024-03-01 11:52:40.250,8.544956,8.546362322933811,0,0,0,0
2024-03-01 11:52:40.500,8.559051,8.562532888308656,0,0,0,0
2024-03-01 11:52:40.750,8.543675,8.543464608697073,0,0,0,0
2024-03-01 11:52:41.000,8.503954,8.500372872478483,0,0,0,0
2024-03-01 11:52:41.250,8.439887,8.440138992012937,0,0,0,0
2024-03-01 11:52:41.500,8.352757,8.360751354709912,0,0,0,0
2024-03-01 11:52:41.750,8.272033,8.265443326261899,0,0,1,0
2024-03-01 11:52:42.000,8.191309,8.181224039614667,0,0,0,0
2024-03-01 11:52:42.250,8.120835,8.132686557309224,0,0,0,0
2024-03-01 11:52:42.500,8.055488,8.079405243389264,0,0,0,0
2024-03-01 11:52:42.750,7.993984,7.948095671949419,0,0,0,0
2024-03-01 11:52:43.000,7.773595,7.77536710771785,0,0,0,0
2024-03-01 11:52:43.250,7.670175,7.7169280464243535,0,0,0,0
2024-03-01 11:52:43.500,7.855968,7.835191982731006,0,0,0,0
2024-03-01 11:52:43.750,8.019979,7.991668732738532,0,0,0,0
2024-03-01 11:52:44.000,8.017416,8.034635588768207,0,0,0,0
2024-03-01 11:52:44.250,7.95335,7.977026361723249,0,0,0,0
2024-03-01 11:52:44.500,7.946943,7.92497796383053,0,0,0,0
2024-03-01 11:52:44.750,7.961037,7.947399108220294,0,0,0,0
2024-03-01 11:52:45.000,8.028948,8.045028674784541,1,0,0,0
2024-03-01 11:52:45.250,8.105827,8.128518086101025,0,1,0,0
2024-03-01 11:52:45.500,8.057137,8.040464669654803,0,0,0,1
2024-03-01 11:52:45.750,7.800871,7.733507152761016,0,0,1,0
2024-03-01 11:52:46.000,7.267837,7.382965938724488,0,0,0,0
2024-03-01 11:52:46.250,7.234311,7.195319803728241,0,0,0,0
2024-03-01 11:52:46.500,7.2625,7.187088482080396,0,0,0,0
2024-03-01 11:52:46.750,7.151024,7.253150783289116,0,0,0,0
2024-03-01 11:52:47.000,7.36885,7.336479365915601,0,0,0,0
2024-03-01 11:52:47.250,7.495702,7.454236943518344,0,0,0,0
2024-03-01 11:52:47.500,7.605896,7.627179554794811,0,0,0,0
2024-03-01 11:52:47.750,7.710966,7.793021594096382,0,0,0,0
2024-03-01 11:52:48.000,7.945449,7.8273464146775735,0,0,0,0
2024-03-01 11:52:48.250,7.748336,7.748705083193523,0,0,0,0
2024-03-01 11:52:48.500,7.654799,7.772560325673805,1,0,0,0
2024-03-01 11:52:48.750,8.064825,7.993483382031563,0,0,0,0
2024-03-01 11:52:49.000,8.246774,8.20737595353284,0,0,0,0
2024-03-01 11:52:49.250,8.183989,8.224571401352371,0,0,0,0
2024-03-01 11:52:49.500,8.104547,8.1340078381472,0,0,0,0
2024-03-01 11:52:49.750,8.153237,8.108954596409085,0,0,0,0
2024-03-01 11:52:50.000,8.158362,8.165351751035399,0,0,0,0
2024-03-01 11:52:50.250,8.214741,8.226686925802348,0,0,0,0
2024-03-01 11:52:50.500,8.267276,8.263193776111253,0,0,0,0
2024-03-01 11:52:50.750,8.282652,8.281367209000226,0,1,0,0
2024-03-01 11:52:51.000,8.273683,8.274724774752439,0,0,0,0
2024-03-01 11:52:51.250,8.248055,8.243520241022448,0,0,0,0
2024-03-01 11:52:51.500,8.212178,8.214109612005565,0,0,0,0
2024-03-01 11:52:51.750,8.187833,8.201051102480676,0,0,0,0
2024-03-01 11:52:52.000,8.198084,8.17899514902284,0,0,0,0
2024-03-01 11:52:52.250,8.122485,8.122059481160855,0,0,0,0
2024-03-01 11:52:52.500,8.018697,8.044342017791294,0,0,0,0
2024-03-01 11:52:52.750,8.007165,7.972302896219672,0,0,0,1
2024-03-01 11:52:53.000,7.870063,7.905816159336385,0,0,0,0
2024-03-01 11:52:53.250,7.875188,7.835804614107648,0,0,0,0
2024-03-01 11:52:53.500,7.738086,7.7731015085451824,0,0,1,0
2024-03-01 11:52:53.750,7.745774,7.732511994623936,0,0,0,0
2024-03-01 11:52:54.000,7.721428,7.711297960008597,0,0,0,0
2024-03-01 11:52:54.250,7.689395,7.704138587682639,0,0,0,0
2024-03-01 11:52:54.500,7.720147,7.715839042386277,0,0,0,0
2024-03-01 11:52:54.750,7.747055,7.74404182997668,0,0,0,0
2024-03-01 11:52:55.000,7.770119,7.772028213980787,0,0,0,0
2024-03-01 11:52:55.250,7.788058,7.787961159290218,0,0,0,0
2024-03-01 11:52:55.500,7.793183,7.793398152712524,0,0,0,0
2024-03-01 11:52:55.750,7.789339,7.790482491768339,0,0,0,0
2024-03-01 11:52:56.000,7.779088,7.7772285985697165,0,0,0,0
2024-03-01 11:52:56.250,7.759868,7.7574727531414265,0,0,0,0
2024-03-01 11:52:56.500,7.734242,7.739405016322802,0,0,0,0
2024-03-01 11:52:56.750,7.718866,7.721855698153394,0,0,0,0
2024-03-01 11:52:57.000,7.71374,7.702932653149755,0,0,0,0
2024-03-01 11:52:57.250,7.702209,7.699792303001199,0,0,0,0
2024-03-01 11:52:57.500,7.699646,7.71895615654597,0,0,0,0
2024-03-01 11:52:57.750,7.706052,7.711712565500422,0,0,0,0
2024-03-01 11:52:58.000,7.688114,7.626085840621684,0,0,0,0
2024-03-01 11:52:58.250,7.421597,7.498286154467689,0,0,0,0
2024-03-01 11:52:58.500,7.439323,7.414654699858863,0,0,0,0
2024-03-01 11:52:58.750,7.43548,7.403876907688147,0,0,0,0
2024-03-01 11:52:59.000,7.404727,7.443672023996912,0,0,0,0
2024-03-01 11:52:59.250,7.546956,7.531325134980643,0,0,0,0
2024-03-01 11:52:59.500,7.673807,7.674988144012765,0,0,0,0
2024-03-01 11:52:59.750,7.854475,7.850677291775885,0,0,0,0
2024-03-01 11:53:00.000,8.001828,8.013604851188735,0,0,0,0
2024-03-01 11:53:00.250,8.149393,8.133317811894281,0,0,0,0
2024-03-01 11:53:00.500,8.190395,8.20185671404924,0,0,0,0
2024-03-01 11:53:00.750,8.219866,8.220162155501788,0,0,0,0
2024-03-01 11:53:01.000,8.201927,8.194059367055218,0,0,0,0
2024-03-01 11:53:01.250,8.149393,8.155807008644636,0,0,0,0
2024-03-01 11:53:01.500,8.180145,8.178538761709525,0,0,0,0
2024-03-01 11:53:01.750,8.344155,8.33301384800905,0,0,0,0
2024-03-01 11:53:02.000,8.573514,8.607286133700537,1,0,0,0
2024-03-01 11:53:02.250,8.931918,8.890619984677569,0,0,0,0
2024-03-01 11:53:02.500,9.048814,9.070089445122768,0,0,0,0
2024-03-01 11:53:02.750,9.1321,9.134090670842806,0,0,0,0
2024-03-01 11:53:03.000,9.170541,9.154987482602838,0,0,0,0
2024-03-01 11:53:03.250,9.162852,9.190618036073351,0,0,0,0
2024-03-01 11:53:03.500,9.273046,9.243926323202047,0,0,0,0
2024-03-01 11:53:03.750,9.302518,9.30777111196853,0,0,0,0
2024-03-01 11:53:04.000,9.369146,9.393853571005863,0,0,0,0
2024-03-01 11:53:04.250,9.531876,9.502632571470276,0,0,0,0
2024-03-01 11:53:04.500,9.599276,9.610055429690213,0,0,0,0
2024-03-01 11:53:04.750,9.696657,9.700258980138342,0,0,0,0
2024-03-01 11:53:05.000,9.778662,9.772060966003448,0,0,0,0
2024-03-01 11:53:05.250,9.79532,9.806103382014712,0,1,0,0
2024-03-01 11:53:05.500,9.782506,9.768610562222134,0,0,0,0
2024-03-01 11:53:05.750,9.656936,9.661831580767679,0,0,0,0
2024-03-01 11:53:06.000,9.530084,9.53756803520694,0,0,0,0
2024-03-01 11:53:06.250,9.453204,9.440780982131084,0,0,0,1
2024-03-01 11:53:06.500,9.344291,9.362142680869372,0,0,0,0
2024-03-01 11:53:06.750,9.293037,9.270043170041557,0,0,0,0
2024-03-01 11:53:07.000,9.16106,9.172392762948352,0,0,1,0
2024-03-01 11:53:07.250,9.099557,9.112699346150565,0,0,0,0
2024-03-01 11:53:07.500,9.135434,9.108390428573331,0,0,0,0
2024-03-01 11:53:07.750,9.1034,9.124714324436907,0,0,0,0
2024-03-01 11:53:08.000,9.117496,9.116099494012545,0,0,0,0
2024-03-01 11:53:08.250,9.098275,9.07638744193206,0,0,0,0
2024-03-01 11:53:08.500,9.009863,9.037839124092194,0,0,0,0
2024-03-01 11:53:08.750,9.030365,9.02160505306127,0,0,0,0
2024-03-01 11:53:09.000,9.020114,9.009908181538599,0,0,0,0
2024-03-01 11:53:09.250,8.97783,8.982509648656134,0,0,0,0
2024-03-01 11:53:09.500,8.93939,8.950652969540796,0,0,0,0
2024-03-01 11:53:09.750,8.943745,8.932530924804553,0,0,0,0
2024-03-01 11:53:10.000,8.92965,8.927194176561656,0,0,0,0
2024-03-01 11:53:10.250,8.920681,8.927361771895393,0,0,0,0
2024-03-01 11:53:10.500,8.921962,8.927129481244869,0,0,0,0
2024-03-01 11:53:10.750,8.930931,8.917131435177193,0,0,0,0
2024-03-01 11:53:11.000,8.896336,8.90246583714678,0,0,0,0
2024-03-01 11:53:11.250,8.91043,8.913089239177253,0,0,0,0
2024-03-01 11:53:11.500,8.964246,8.965930959482078,0,0,0,0
2024-03-01 11:53:11.750,9.039845,9.033502302757583,0,0,0,0
2024-03-01 11:53:12.000,9.077003,9.076715382809041,0,0,0,0
2024-03-01 11:53:12.250,9.08341,9.088762323523031,1,0,0,0
2024-03-01 11:53:12.500,9.082129,9.083094696246413,0,1,1,1
2024-03-01 11:53:12.750,9.068034,9.06251311618386,0,0,0,0
2024-03-01 11:53:13.000,9.029593,9.027054505822464,0,0,0,0
2024-03-01 11:53:13.250,8.979622,8.990850383849935,0,0,0,0
2024-03-01 11:53:13.500,8.971934,8.965132421586805,0,0,0,0
2024-03-01 11:53:13.750,8.945026,8.941461257929033,0,0,0,0
2024-03-01 11:53:14.000,8.904023,8.910371910288251,0,0,0,0
2024-03-01 11:53:14.250,8.882241,8.880227831820406,0,0,0,0
2024-03-01 11:53:14.500,8.865583,8.863110141577152,0,0,0,0
2024-03-01 11:53:14.750,8.848927,8.852981290014382,0,0,0,0
2024-03-01 11:53:15.000,8.829706,8.829484505409052,0,0,0,0
2024-03-01 11:53:15.250,8.789985,8.782918546306021,0,0,0,0
2024-03-01 11:53:15.500,8.719512,8.72726002848781,0,0,0,0
2024-03-01 11:53:15.750,8.681072,8.680639853524148,0,0,0,0
2024-03-01 11:53:16.000,8.645195,8.643784949258887,0,0,0,0
2024-03-01 11:53:16.250,8.623412,8.617585407678986,0,0,0,0
2024-03-01 11:53:16.500,8.623412,8.632126633573606,0,0,0,0
2024-03-01 11:53:16.750,8.731044,8.72744975171472,0,0,0,0
2024-03-01 11:53:17.000,8.901461,8.900755008749032,1,0,0,0
2024-03-01 11:53:17.250,9.089816,9.093426469476388,0,0,0,0
2024-03-01 11:53:17.500,9.246139,9.240506297137756,0,0,0,0
2024-03-01 11:53:17.750,9.3243,9.325742966094868,0,0,0,0
2024-03-01 11:53:18.000,9.375553,9.37979337839059,0,0,0,0
2024-03-01 11:53:18.250,9.431931,9.427873130305288,0,0,0,0
2024-03-01 11:53:18.500,9.450642,9.454313726873869,0,1,0,0
2024-03-01 11:53:18.750,9.432703,9.42677332775745,0,0,0,0
2024-03-01 11:53:19.000,9.339166,9.342894331583953,0,0,0,0
2024-03-01 11:53:19.250,9.235377,9.23790168128831,0,0,0,0
2024-03-01 11:53:19.500,9.155935,9.150309942404043,0,0,0,1
2024-03-01 11:53:19.750,9.088024,9.092084366262656,0,0,0,0
2024-03-01 11:53:20.000,9.050866,9.05029817095092,0,0,0,0
2024-03-01 11:53:20.250,9.009863,9.009123746949793,0,0,0,0
2024-03-01 11:53:20.500,8.971423,8.969297733866469,0,0,0,0
2024-03-01 11:53:20.750,8.941953,8.944921043189606,0,0,1,0
2024-03-01 11:53:21.000,8.936057,8.938308266277218,0,0,0,0
2024-03-01 11:53:21.250,8.933495,8.928663567562637,0,0,0,0
2024-03-01 11:53:21.500,8.898898,8.89893594455498,0,0,0,0
2024-03-01 11:53:21.750,8.861739,8.864142304116607,0,0,0,0
2024-03-01 11:53:22.000,8.854052,8.855480193842979,0,0,0,0
2024-03-01 11:53:22.250,8.886085,8.88327979909155,1,0,0,0
2024-03-01 11:53:22.500,8.932213,8.932587263919118,0,0,0,0
2024-03-01 11:53:22.750,8.989873,8.987281402330508,0,0,0,0
2024-03-01 11:53:23.000,9.028313,9.037531327439307,0,0,0,0
2024-03-01 11:53:23.250,9.078284,9.067583215509568,0,1,0,0
2024-03-01 11:53:23.500,9.053939,9.059532485202748,0,0,0,0
2024-03-01 11:53:23.750,9.015499,9.014027123916414,0,0,0,0
2024-03-01 11:53:24.000,8.952714,8.95317190999318,0,0,0,1
2024-03-01 11:53:24.250,8.898898,8.899659880324764,0,0,1,0
2024-03-01 11:53:24.500,8.863021,8.86131612377871,0,0,0,0
2024-03-01 11:53:24.750,8.834831,8.834998240159198,0,0,0,0
2024-03-01 11:53:25.000,8.813049,8.815360921557101,0,0,0,0
2024-03-01 11:53:25.250,8.800236,8.797356967639683,0,0,0,0
2024-03-01 11:53:25.500,8.77589,8.778103066879492,0,0,0,0
2024-03-01 11:53:25.750,8.763077,8.760249321934975,0,0,0,0
2024-03-01 11:53:26.000,8.745138,8.747997242579876,0,0,0,0
2024-03-01 11:53:26.250,8.736169,8.737854146260373,0,0,0,0
2024-03-01 11:53:26.500,8.728481,8.720723598821337,0,0,0,0
2024-03-01 11:53:26.750,8.687478,8.695061535190804,0,0,0,0
2024-03-01 11:53:27.000,8.670821,8.670388458228114,0,0,0,0
2024-03-01 11:53:27.250,8.665696,8.658975794612195,0,0,0,0
2024-03-01 11:53:27.500,8.663134,8.673426393002995,0,0,0,0
2024-03-01 11:53:27.750,8.741295,8.727774870276779,0,0,0,0
2024-03-01 11:53:28.000,8.809205,8.825855410370709,0,0,0,0
2024-03-01 11:53:28.250,8.961683,8.947012877793533,1,0,0,0
2024-03-01 11:53:28.500,9.046251,9.054412570201892,0,0,0,0
2024-03-01 11:53:28.750,9.124413,9.121371218073978,0,0,0,0
2024-03-01 11:53:29.000,9.144914,9.145494346085345,0,1,0,0
2024-03-01 11:53:29.250,9.138507,9.139910786019092,0,0,0,0
2024-03-01 11:53:29.500,9.12185,9.118739512094976,0,0,0,0
2024-03-01 11:53:29.750,9.087254,9.090606777791145,0,0,0,0
2024-03-01 11:53:30.000,9.060346,9.05896955934282,0,0,0,1
2024-03-01 11:53:30.250,9.027031,9.025068216646423,0,0,0,0
2024-03-01 11:53:30.500,8.98731,8.991086731161074,0,0,1,0
2024-03-01 11:53:30.750,8.964246,8.962877761911358,0,0,0,0
2024-03-01 11:53:31.000,8.955276,8.952938688747702,0,0,0,0
2024-03-01 11:53:31.250,8.977059,8.975486937061,1,0,0,0
2024-03-01 11:53:31.500,9.014218,9.027358360095041,0,0,0,0
2024-03-01 11:53:31.750,9.097505,9.081319084605768,0,0,0,0
2024-03-01 11:53:32.000,9.112881,9.116209173146656,0,0,0,0
2024-03-01 11:53:32.250,9.134663,9.142356486603935,0,0,0,0
2024-03-01 11:53:32.500,9.17951,9.176353929143925,0,0,0,0
2024-03-01 11:53:32.750,9.212824,9.2084044530666,0,0,0,0
2024-03-01 11:53:33.000,9.216668,9.217710092295112,0,1,0,0
2024-03-01 11:53:33.250,9.194885,9.201574945837098,0,0,0,0
2024-03-01 11:53:33.500,9.176947,9.169441667460408,0,0,0,0
2024-03-01 11:53:33.750,9.12185,9.124774592383211,0,0,0,0
2024-03-01 11:53:34.000,9.068034,9.067947161273882,0,0,0,1
2024-03-01 11:53:34.250,9.005249,9.00614703220432,0,0,0,0
2024-03-01 11:53:34.500,8.953996,8.95092424869547,0,0,1,0
2024-03-01 11:53:34.750,8.905305,8.908973194948727,0,0,0,0
2024-03-01 11:53:35.000,8.878397,8.877199466168404,0,0,0,0
2024-03-01 11:53:35.250,8.848927,8.847201754565955,0,0,0,0
2024-03-01 11:53:35.500,8.81433,8.815907855472496,0,0,0,0
2024-03-01 11:53:35.750,8.788704,8.789211731637913,0,0,0,0
2024-03-01 11:53:36.000,8.774609,8.77287979023454,0,0,0,0
2024-03-01 11:53:36.250,8.761796,8.763421703752666,0,0,0,0
2024-03-01 11:53:36.500,8.751545,8.751783188947115,0,0,0,0
2024-03-01 11:53:36.750,8.738731,8.735588757475789,0,0,0,0
2024-03-01 11:53:37.000,8.720793,8.723657973664427,0,0,0,0
2024-03-01 11:53:37.250,8.723356,8.724760787563637,0,0,0,0
2024-03-01 11:53:37.500,8.738731,8.73544102905808,0,0,0,0
2024-03-01 11:53:37.750,8.745138,8.74392348820028,0,0,0,0
2024-03-01 11:53:38.000,8.734888,8.741323449109903,0,0,0,0
2024-03-01 11:53:38.250,8.731044,8.727430287862749,0,0,0,0
2024-03-01 11:53:38.500,8.722075,8.716725939305928,0,0,0,0
2024-03-01 11:53:38.750,8.729762,8.736897456565563,1,0,0,0
2024-03-01 11:53:39.000,8.800236,8.80147197445001,0,0,0,0
2024-03-01 11:53:39.250,8.889929,8.884747108600099,0,0,0,0
2024-03-01 11:53:39.500,8.945026,8.944546859849293,0,0,0,0
2024-03-01 11:53:39.750,8.962965,8.965994951250384,0,0,0,0
2024-03-01 11:53:40.000,8.961683,8.96334346304303,0,1,0,0
2024-03-01 11:53:40.250,8.951433,8.948584191283645,0,0,0,0
2024-03-01 11:53:40.500,8.924525,8.922049621438305,0,0,0,0
2024-03-01 11:53:40.750,8.882241,8.885920059162757,0,0,0,0
2024-03-01 11:53:41.000,8.841238,8.844964136485075,0,0,0,0
2024-03-01 11:53:41.250,8.809205,8.802225209976733,0,0,0,0
2024-03-01 11:53:41.500,8.772046,8.76872385268224,0,0,0,0
2024-03-01 11:53:41.750,8.745138,8.754636172065933,0,0,0,0
2024-03-01 11:53:42.000,8.725919,8.7334067076263,0,0,0,1
2024-03-01 11:53:42.250,8.67979,8.65489713594146,0,0,0,0
2024-03-01 11:53:42.500,8.511936,8.522663555686057,0,0,1,0
2024-03-01 11:53:42.750,8.395335,8.410386210512256,0,0,0,0
2024-03-01 11:53:43.000,8.38479,8.369789895361356,0,0,0,0
2024-03-01 11:53:43.250,8.373258,8.372136061931554,0,0,0,0
2024-03-01 11:53:43.500,8.363008,8.367619365639257,0,0,0,0
2024-03-01 11:53:43.750,8.350194,8.352498551631616,0,0,0,0
2024-03-01 11:53:44.000,8.356601,8.352044819969764,0,0,0,0
2024-03-01 11:53:44.250,8.373258,8.375257188821223,0,0,0,0
2024-03-01 11:53:44.500,8.409135,8.40892632029439,0,0,0,0
2024-03-01 11:53:44.750,8.437325,8.43680015419666,0,0,0,0
2024-03-01 11:53:45.000,8.448856,8.450641500612889,0,0,0,0
2024-03-01 11:53:45.250,8.453981,8.4504764573908,0,0,0,0
2024-03-01 11:53:45.500,8.437325,8.441634737438966,0,0,0,0
2024-03-01 11:53:45.750,8.43348,8.429958560665277,0,0,0,0
2024-03-01 11:53:46.000,8.415542,8.417332020593904,0,0,0,0
2024-03-01 11:53:46.250,8.401447,8.401880277688502,0,0,0,0
2024-03-01 11:53:46.500,8.38479,8.382288965187682,0,0,0,0
2024-03-01 11:53:46.750,8.357882,8.360367517013485,0,0,0,0
2024-03-01 11:53:47.000,8.338662,8.3390003842676,0,0,0,0
2024-03-01 11:53:47.250,8.323286,8.32036442940859,0,0,0,0
2024-03-01 11:53:47.500,8.305347,8.306948363301023,0,0,0,0
2024-03-01 11:53:47.750,8.29766,8.299377449672074,0,0,0,0
2024-03-01 11:53:48.000,8.293816,8.292894882990165,0,0,0,0
2024-03-01 11:53:48.250,8.287409,8.283452596514408,0,0,0,0
2024-03-01 11:53:48.500,8.270752,8.275518120523031,0,0,0,0
2024-03-01 11:53:48.750,8.272033,8.273341780097137,0,0,0,0
2024-03-01 11:53:49.000,8.274595,8.26807875934714,0,0,0,0
2024-03-01 11:53:49.250,8.241281,8.246787881044616,0,0,0,0
2024-03-01 11:53:49.500,8.215654,8.21423571464201,0,0,0,0
2024-03-01 11:53:49.750,8.200278,8.199344571875404,0,0,0,0
2024-03-01 11:53:50.000,8.24,8.23944157808858,0,0,0,0
2024-03-01 11:53:50.250,8.350194,8.352148375131213,1,0,0,0
2024-03-01 11:53:50.500,8.511642,8.51338940633587,0,0,0,0
2024-03-01 11:53:50.750,8.673089,8.668524015701303,0,0,0,0
2024-03-01 11:53:51.000,8.775596,8.77544288707135,0,0,0,0
2024-03-01 11:53:51.250,8.826849,8.831474407622526,0,0,0,0
2024-03-01 11:53:51.500,8.855039,8.853333317368751,0,1,0,0
2024-03-01 11:53:51.750,8.848632,8.84652841192838,0,0,0,0
2024-03-01 11:53:52.000,8.806348,8.80745606318732,0,0,0,0
2024-03-01 11:53:52.250,8.742281,8.742961617660713,0,0,0,0
2024-03-01 11:53:52.500,8.671808,8.672361770608624,0,0,0,0
2024-03-01 11:53:52.750,8.616711,8.613570441381308,0,0,0,1
2024-03-01 11:53:53.000,8.569302,8.57346122644945,0,0,0,0
2024-03-01 11:53:53.250,8.550081,8.547278463456129,0,0,0,0
2024-03-01 11:53:53.500,8.523173,8.523772630197794,0,0,0,0
2024-03-01 11:53:53.750,8.493703,8.49510292010826,0,0,0,0
2024-03-01 11:53:54.000,8.468077,8.465123362771275,0,0,0,0
2024-03-01 11:53:54.250,8.443731,8.445168818702236,0,0,0,0
2024-03-01 11:53:54.500,8.434762,8.438551617365382,0,0,0,0
2024-03-01 11:53:54.750,8.439887,8.433229250606098,0,0,0,0
2024-03-01 11:53:55.000,8.411698,8.415133447792297,0,0,1,0
2024-03-01 11:53:55.250,8.383509,8.38421944738508,0,0,0,0
2024-03-01 11:53:55.500,8.352757,8.352060458445246,0,0,0,0
2024-03-01 11:53:55.750,8.330974,8.329937587019781,0,0,0,0
2024-03-01 11:53:56.000,8.323286,8.32268266907017,0,0,0,0
2024-03-01 11:53:56.250,8.320724,8.324826910817308,0,0,0,0
2024-03-01 11:53:56.500,8.323286,8.32162801931818,0,0,0,0
2024-03-01 11:53:56.750,8.311754,8.306154128342149,0,0,0,0
2024-03-01 11:53:57.000,8.287409,8.291563839919746,0,0,0,0
2024-03-01 11:53:57.250,8.281002,8.287796265269252,0,0,0,0
2024-03-01 11:53:57.500,8.283565,8.275264937564328,0,0,0,0
2024-03-01 11:53:57.750,8.233593,8.230525998605941,0,0,0,0
2024-03-01 11:53:58.000,8.161839,8.167073243837141,0,0,0,0
2024-03-01 11:53:58.250,8.108023,8.114464465788313,0,0,0,0
2024-03-01 11:53:58.500,8.078552,8.07092200598582,0,0,0,0
2024-03-01 11:53:58.750,8.027299,8.02051299963002,0,0,0,0
2024-03-01 11:53:59.000,7.972201,7.982334672076085,0,0,0,0
2024-03-01 11:53:59.250,7.987577,7.992193678941824,0,0,0,0
2024-03-01 11:53:59.500,8.056769,8.04651599785789,0,0,0,0
2024-03-01 11:53:59.750,8.114429,8.110527974848626,0,0,0,0
2024-03-01 11:54:00.000,8.152869,8.16645460321288,0,0,0,0
2024-03-01 11:54:00.250,8.215654,8.21090022288174,0,0,0,0
2024-03-01 11:54:00.500,8.23103,8.22752443587061,0,0,0,0
2024-03-01 11:54:00.750,8.210529,8.207850509906207,0,0,0,0
2024-03-01 11:54:01.000,8.17337,8.1798454586241,0,0,0,0
2024-03-01 11:54:01.250,8.172089,8.177056146200893,0,0,0,0
2024-03-01 11:54:01.500,8.21181,8.19725325976392,0,0,0,0
2024-03-01 11:54:01.750,8.213092,8.21975149740304,0,0,0,0
2024-03-01 11:54:02.000,8.233593,8.239816815333112,0,0,0,0
2024-03-01 11:54:02.250,8.268188,8.261575338396629,0,0,0,0
2024-03-01 11:54:02.500,8.283565,8.282269209852846,1,0,0,0
2024-03-01 11:54:02.750,8.300222,8.304360603150242,0,0,0,0
2024-03-01 11:54:03.000,8.343787,8.341015818788417,0,0,0,0
2024-03-01 11:54:03.250,8.388634,8.393680850543078,0,0,0,0
2024-03-01 11:54:03.500,8.448856,8.441400295133878,0,0,0,0
2024-03-01 11:54:03.750,8.460388,8.463502991768141,0,0,0,0
2024-03-01 11:54:04.000,8.456545,8.460109729849233,0,1,0,0
2024-03-01 11:54:04.250,8.448856,8.444280465873053,0,0,0,0
2024-03-01 11:54:04.500,8.425793,8.426409768921241,0,0,0,0
2024-03-01 11:54:04.750,8.409135,8.410179613428014,0,0,0,0
2024-03-01 11:54:05.000,8.389915,8.39354129822157,0,0,0,0
2024-03-01 11:54:05.250,8.382227,8.372834092850601,0,0,0,0
2024-03-01 11:54:05.500,8.342506,8.35077109439653,0,0,0,0
2024-03-01 11:54:05.750,8.3361,8.333875424008397,0,0,0,0
2024-03-01 11:54:06.000,8.319442,8.320099721743157,0,0,0,0
2024-03-01 11:54:06.250,8.305347,8.300856486365216,0,0,0,0
2024-03-01 11:54:06.500,8.270752,8.275729564309206,0,0,0,1
2024-03-01 11:54:06.750,8.251532,8.252285987941251,0,0,0,0
2024-03-01 11:54:07.000,8.238718,8.233410235996743,0,0,0,0
2024-03-01 11:54:07.250,8.213092,8.216672826994081,0,0,0,0
2024-03-01 11:54:07.500,8.20156,8.201853587241697,0,0,0,0
2024-03-01 11:54:07.750,8.190027,8.189282146043578,0,0,0,0
2024-03-01 11:54:08.000,8.177215,8.175650015059338,0,0,0,0
2024-03-01 11:54:08.250,8.155432,8.158225372473789,0,0,0,0
2024-03-01 11:54:08.500,8.141337,8.139726799201755,0,0,1,0
2024-03-01 11:54:08.750,8.125961,8.12576170390798,0,0,0,0
2024-03-01 11:54:09.000,8.118273,8.117480389432945,0,0,0,0
2024-03-01 11:54:09.250,8.100334,8.105776301196983,0,0,0,0
2024-03-01 11:54:09.500,8.084958,8.07695314285125,0,0,0,0
2024-03-01 11:54:09.750,8.026017,8.030504717616049,0,0,0,0
2024-03-01 11:54:10.000,7.986296,7.985180847150215,0,0,0,0
2024-03-01 11:54:10.250,7.955544,7.957843741064406,0,0,0,0
2024-03-01 11:54:10.500,7.945293,7.943697576882192,0,0,0,0
2024-03-01 11:54:10.750,7.93248,7.929030379649542,0,0,0,0
2024-03-01 11:54:11.000,7.909416,7.914322657515537,0,0,0,0
2024-03-01 11:54:11.250,7.909784,7.908224100857924,0,0,0,0
2024-03-01 11:54:11.500,7.903378,7.905385344754109,0,0,0,0
2024-03-01 11:54:11.750,7.896971,7.890903133090548,0,0,0,0
2024-03-01 11:54:12.000,7.861094,7.86601232094556,0,0,0,0
2024-03-01 11:54:12.250,7.849562,7.849417842158088,0,0,0,0
2024-03-01 11:54:12.500,7.849562,7.85005439341927,0,0,0,0
2024-03-01 11:54:12.750,7.859812,7.855878899563495,0,0,0,0
2024-03-01 11:54:13.000,7.850843,7.85338970744046,0,0,0,0
2024-03-01 11:54:13.250,7.840592,7.842702033762457,0,0,0,0
2024-03-01 11:54:13.500,7.832904,7.8302033210882165,0,0,0,0
2024-03-01 11:54:13.750,7.821373,7.8202973716893425,0,0,0,0
2024-03-01 11:54:14.000,7.813684,7.815962152012512,0,0,0,0
2024-03-01 11:54:14.250,7.813684,7.815337199390257,0,0,0,0
2024-03-01 11:54:14.500,7.813684,7.809506065722195,0,0,0,0
2024-03-01 11:54:14.750,7.794464,7.795835553906334,0,0,0,0
2024-03-01 11:54:15.000,7.789339,7.790479820992053,0,0,0,0
2024-03-01 11:54:15.250,7.816247,7.816325592240467,0,0,0,0
2024-03-01 11:54:15.500,7.881595,7.8811323342302115,0,0,0,0
2024-03-01 11:54:15.750,7.976413,7.9745826892067235,1,0,0,0
2024-03-01 11:54:16.000,8.077639,8.079303679876265,0,0,0,0
2024-03-01 11:54:16.250,8.172457,8.175598036611218,0,0,0,0
2024-03-01 11:54:16.500,8.250618,8.245124513849909,0,0,0,0
2024-03-01 11:54:16.750,8.283933,8.283404093775601,0,0,0,0
2024-03-01 11:54:17.000,8.294184,8.302259341425811,0,0,0,0
2024-03-01 11:54:17.250,8.318529,8.310720921468985,0,1,0,0
2024-03-01 11:54:17.500,8.300591,8.303320099817798,0,0,0,0
2024-03-01 11:54:17.750,8.274963,8.274722920255282,0,0,0,0
2024-03-01 11:54:18.000,8.233961,8.233875237620923,0,0,0,0
2024-03-01 11:54:18.250,8.19424,8.194804567694888,0,0,0,0
2024-03-01 11:54:18.500,8.160925,8.161654785595445,0,0,0,0
2024-03-01 11:54:18.750,8.134017,8.130615791766084,0,0,0,1
2024-03-01 11:54:19.000,8.09814,8.101066233538578,0,0,0,0
2024-03-01 11:54:19.250,8.075076,8.076129903290505,0,0,0,0
2024-03-01 11:54:19.500,8.058418,8.05512921603485,0,0,0,0
2024-03-01 11:54:19.750,8.032792,8.034238968527674,0,0,0,0
2024-03-01 11:54:20.000,8.012291,8.01309636903016,0,0,0,0
2024-03-01 11:54:20.250,7.994352,7.9939389137444055,0,0,1,0
2024-03-01 11:54:20.500,7.977695,7.976501220040277,0,0,0,0
2024-03-01 11:54:20.750,7.957193,7.959238534319084,0,0,0,0
2024-03-01 11:54:21.000,7.945662,7.943311724246511,0,0,0,0
2024-03-01 11:54:21.250,7.929004,7.930854054891648,0,0,0,0
2024-03-01 11:54:21.500,7.920035,7.92069626939888,0,0,0,0
2024-03-01 11:54:21.750,7.913628,7.910109507326877,0,0,0,0
2024-03-01 11:54:22.000,7.896971,7.900010229417635,0,0,0,0
2024-03-01 11:54:22.250,7.893127,7.893085577753236,0,0,0,0
2024-03-01 11:54:22.500,7.888001,7.887656219442036,0,0,0,0
2024-03-01 11:54:22.750,7.882876,7.880454738742755,0,0,0,0
2024-03-01 11:54:23.000,7.871344,7.8737545289733655,0,0,0,0
2024-03-01 11:54:23.250,7.868782,7.871482612432096,0,0,0,0
2024-03-01 11:54:23.500,7.877751,7.8710171347105256,0,0,0,0
2024-03-01 11:54:23.750,7.862375,7.866084955490887,0,0,0,0
2024-03-01 11:54:24.000,7.850843,7.854225826175001,0,0,0,0
2024-03-01 11:54:24.250,7.845717,7.840362113457993,0,0,0,0
2024-03-01 11:54:24.500,7.841874,7.841302906666744,0,0,0,0
2024-03-01 11:54:24.750,7.87647,7.881234051972478,0,0,0,0
2024-03-01 11:54:25.000,7.967444,7.966709480212932,0,0,0,0
2024-03-01 11:54:25.250,8.073794,8.070306236533986,1,0,0,0
2024-03-01 11:54:25.500,8.151956,8.153964319755191,0,0,0,0
2024-03-01 11:54:25.750,8.204491,8.203954606660126,0,0,0,0
2024-03-01 11:54:26.000,8.230117,8.231492219105503,0,0,0,0
2024-03-01 11:54:26.250,8.246774,8.246572387449994,0,1,0,0
2024-03-01 11:54:26.500,8.248055,8.24578162955358,0,0,0,0
2024-03-01 11:54:26.750,8.222429,8.22396851026719,0,0,0,1
2024-03-01 11:54:27.000,8.183989,8.186226101756162,0,0,1,0
2024-03-01 11:54:27.250,8.151956,8.147220368001458,0,0,0,0
2024-03-01 11:54:27.500,8.121203,8.1246691273675,0,0,0,0
2024-03-01 11:54:27.750,8.131454,8.129772021995862,0,0,0,0
2024-03-01 11:54:28.000,8.153237,8.156655464172744,0,0,0,0
2024-03-01 11:54:28.250,8.190395,8.185217449082424,0,0,0,0
2024-03-01 11:54:28.500,8.198084,8.199810108711873,0,0,0,0
2024-03-01 11:54:28.750,8.196802,8.199762571673604,0,0,0,0
2024-03-01 11:54:29.000,8.191677,8.190422795929216,0,0,0,0
2024-03-01 11:54:29.250,8.180145,8.174557073483689,0,0,0,0
2024-03-01 11:54:29.500,8.145549,8.153455979946417,0,0,0,0
2024-03-01 11:54:29.750,8.12761,8.126775329000509,0,0,0,0
2024-03-01 11:54:30.000,8.103265,8.096642338349799,0,0,0,0
2024-03-01 11:54:30.250,8.077639,8.081310188183895,0,0,0,0
2024-03-01 11:54:30.500,8.107109,8.111351035226399,0,0,0,0
2024-03-01 11:54:30.750,8.203209,8.198948571598342,0,0,0,0
2024-03-01 11:54:31.000,8.324935,8.320198094746017,1,0,0,0
2024-03-01 11:54:31.250,8.419754,8.434649036875667,0,0,0,0
2024-03-01 11:54:31.500,8.535987,8.518022427522736,0,0,0,0
2024-03-01 11:54:31.750,8.56802,8.577838357447572,0,0,0,0
2024-03-01 11:54:32.000,8.637212,8.63894157245308,0,0,0,0
2024-03-01 11:54:32.250,8.716655,8.712066217233618,0,0,0,0
2024-03-01 11:54:32.500,8.783284,8.783095856607344,0,0,0,0
2024-03-01 11:54:32.750,8.830693,8.834164292011572,0,0,0,0
2024-03-01 11:54:33.000,8.865289,8.862593877896007,0,0,0,0
2024-03-01 11:54:33.250,8.87554,8.876187571914922,0,1,0,0
2024-03-01 11:54:33.500,8.879384,8.879898500188556,0,0,0,0
2024-03-01 11:54:33.750,8.870415,8.870185605583254,0,0,0,0
2024-03-01 11:54:34.000,8.839663,8.839353484541142,0,0,0,0
2024-03-01 11:54:34.250,8.785847,8.786301616066636,0,0,0,0
2024-03-01 11:54:34.500,8.724342,8.723963981953421,0,0,0,0
2024-03-01 11:54:34.750,8.674371,8.67146105367693,0,0,0,1
2024-03-01 11:54:35.000,8.624399,8.634705704248635,0,0,0,0
2024-03-01 11:54:35.250,8.614148,8.600357844135328,0,0,0,0
2024-03-01 11:54:35.500,8.547519,8.55561097695819,0,0,0,0
2024-03-01 11:54:35.750,8.506516,8.505932251376638,0,0,0,0
2024-03-01 11:54:36.000,8.465514,8.463739868529158,0,0,1,0
2024-03-01 11:54:36.250,8.427073,8.428822752960356,0,0,0,0
2024-03-01 11:54:36.500,8.39376,8.392157593194874,0,0,0,0
2024-03-01 11:54:36.750,8.354038,8.353143131279168,0,0,0,0
2024-03-01 11:54:37.000,8.316879,8.320754534424422,0,0,0,0
2024-03-01 11:54:37.250,8.301503,8.298339234276975,0,0,0,0
2024-03-01 11:54:37.500,8.277158,8.27813871670026,0,0,0,0
2024-03-01 11:54:37.750,8.255376,8.25443291643616,0,0,0,0
2024-03-01 11:54:38.000,8.232311,8.232619544697478,0,0,0,0
2024-03-01 11:54:38.250,8.215654,8.218386011622114,0,0,0,0
2024-03-01 11:54:38.500,8.209248,8.205732022373509,0,0,0,0
2024-03-01 11:54:38.750,8.184902,8.185713833015063,0,0,0,0
2024-03-01 11:54:39.000,8.161839,8.161884642686354,0,0,0,0
2024-03-01 11:54:39.250,8.1439,8.14465446754069,0,0,0,0
2024-03-01 11:54:39.500,8.131086,8.133076470406747,0,0,0,0
2024-03-01 11:54:39.750,8.123399,8.119202855950764,0,0,0,0
2024-03-01 11:54:40.000,8.11571,8.11453716941036,0,0,0,0
2024-03-01 11:54:40.250,8.146462,8.15363796948623,0,0,0,0
2024-03-01 11:54:40.500,8.263063,8.258783810445903,0,0,0,0
2024-03-01 11:54:40.750,8.414261,8.411408513677625,1,0,0,0
2024-03-01 11:54:41.000,8.560332,8.566199134714081,0,0,0,0
2024-03-01 11:54:41.250,8.688465,8.684477818828274,0,0,0,0
2024-03-01 11:54:41.500,8.75125,8.752101282895568,0,0,0,0
2024-03-01 11:54:41.750,8.776877,8.776110113809265,0,1,0,0
2024-03-01 11:54:42.000,8.765346,8.768954787042643,0,0,0,0
2024-03-01 11:54:42.250,8.739718,8.735622142901462,0,0,0,0
2024-03-01 11:54:42.500,8.676933,8.678548577675976,0,0,0,0
2024-03-01 11:54:42.750,8.611586,8.610013091240939,0,0,0,1
2024-03-01 11:54:43.000,8.543675,8.547309176297476,0,0,0,0
2024-03-01 11:54:43.250,8.497547,8.495652436663367,0,0,1,0
2024-03-01 11:54:43.500,8.450138,8.44795830626262,0,0,0,0
2024-03-01 11:54:43.750,8.400166,8.40198677150955,0,0,0,0
2024-03-01 11:54:44.000,8.363008,8.364266121853127,0,0,0,0
2024-03-01 11:54:44.250,8.3361,8.335821133649093,0,0,0,0
2024-03-01 11:54:44.500,8.313035,8.310345635723491,0,0,0,0
2024-03-01 11:54:44.750,8.291253,8.292868434341619,0,0,0,0
2024-03-01 11:54:45.000,8.305347,8.306412918372246,0,0,0,0
2024-03-01 11:54:45.250,8.370695,8.36955344406717,0,0,0,0
2024-03-01 11:54:45.500,8.47192,8.47238606678227,1,0,0,0
2024-03-01 11:54:45.750,8.580833,8.580627148521469,0,0,0,0
2024-03-01 11:54:46.000,8.661557,8.661415421928101,0,0,0,0
2024-03-01 11:54:46.250,8.703841,8.70290496148237,0,1,0,0
2024-03-01 11:54:46.500,8.708967,8.71145316110768,0,0,0,0
2024-03-01 11:54:46.750,8.697434,8.69601031376836,0,0,0,0
2024-03-01 11:54:47.000,8.661557,8.660762165741895,0,0,0,1
2024-03-01 11:54:47.250,8.610304,8.610502808051736,0,0,1,0
2024-03-01 11:54:47.500,8.551363,8.554250700920061,0,0,0,0
2024-03-01 11:54:47.750,8.505235,8.500839340738297,0,0,0,0
2024-03-01 11:54:48.000,8.452701,8.454736839362294,0,0,0,0
2024-03-01 11:54:48.250,8.414261,8.415597148709521,0,0,0,0
2024-03-01 11:54:48.500,8.382227,8.381811631570613,0,0,0,0
2024-03-01 11:54:48.750,8.366852,8.362643045235572,0,0,0,0
2024-03-01 11:54:49.000,8.382227,8.389112769158416,0,0,0,0
2024-03-01 11:54:49.250,8.507798,8.499937975013331,0,0,0,0
2024-03-01 11:54:49.500,8.692309,8.703215050556802,1,0,0,0
2024-03-01 11:54:49.750,8.965233,8.947796028531657,0,0,0,0
2024-03-01 11:54:50.000,9.110318,9.137756719980755,0,0,0,0
2024-03-01 11:54:50.250,9.225637,9.195707534874641,0,1,0,0
2024-03-01 11:54:50.500,9.118006,9.132174633556335,0,0,0,0
2024-03-01 11:54:50.750,9.038564,9.042001680684912,0,0,0,0
2024-03-01 11:54:51.000,9.018062,9.012498177020836,0,0,0,1
2024-03-01 11:54:51.250,9.042407,9.04631022569777,0,0,0,0
2024-03-01 11:54:51.500,9.094942,9.086766984455101,0,0,0,0
2024-03-01 11:54:51.750,9.084691,9.093851027496788,0,0,0,0
2024-03-01 11:54:52.000,9.075722,9.071967584240273,0,0,0,0
2024-03-01 11:54:52.250,9.042407,9.041561837193754,0,0,0,0
2024-03-01 11:54:52.500,9.010374,9.011859139275405,0,0,0,0
2024-03-01 11:54:52.750,8.980904,8.981659633577246,0,0,0,0
2024-03-01 11:54:53.000,8.955276,8.95159046170579,0,0,0,0
2024-03-01 11:54:53.250,8.924525,8.927663660666498,0,0,1,0
2024-03-01 11:54:53.500,8.911712,8.913428979776716,0,0,0,0
2024-03-01 11:54:53.750,8.909149,8.905204682008868,0,0,0,0
2024-03-01 11:54:54.000,8.901461,8.899324262894886,0,0,0,0
2024-03-01 11:54:54.250,8.884804,8.895507579740093,0,0,0,0
2024-03-01 11:54:54.500,8.90018,8.887718987535393,0,0,0,0
2024-03-01 11:54:54.750,8.856614,8.865465894417245,0,0,0,0
2024-03-01 11:54:55.000,8.839957,8.834047550912949,0,0,0,0
2024-03-01 11:54:55.250,8.819456,8.821466117595754,0,0,0,0
2024-03-01 11:54:55.500,8.848927,8.852426606126244,0,0,0,0
2024-03-01 11:54:55.750,8.924525,8.920274183380316,1,0,0,0
2024-03-01 11:54:56.000,8.993716,8.994128050672757,0,0,0,0
2024-03-01 11:54:56.250,9.048814,9.04919301022524,0,0,0,0
2024-03-01 11:54:56.500,9.077003,9.079140239227499,0,0,0,0
2024-03-01 11:54:56.750,9.085973,9.084178189972619,0,1,0,0
2024-03-01 11:54:57.000,9.065472,9.064119732089091,0,0,0,0
2024-03-01 11:54:57.250,9.023188,9.024868712755136,0,0,0,0
2024-03-01 11:54:57.500,8.977059,8.978436730616918,0,0,0,1
2024-03-01 11:54:57.750,8.936057,8.933298275085578,0,0,1,0
2024-03-01 11:54:58.000,8.891211,8.892179047447009,0,0,0,0
2024-03-01 11:54:58.250,8.857896,8.857735075285628,0,0,0,0
2024-03-01 11:54:58.500,8.829706,8.832240290577383,0,0,0,0
2024-03-01 11:54:58.750,8.818174,8.813552988895356,0,0,0,0
2024-03-01 11:54:59.000,8.795111,8.797908853179731,0,0,0,0
2024-03-01 11:54:59.250,8.783578,8.78517362578454,0,0,0,0
2024-03-01 11:54:59.500,8.783578,8.779318211417458,0,0,0,0
2024-03-01 11:54:59.750,8.783578,8.787124372274713,0,0,0,0
2024-03-01 11:55:00.000,8.816893,8.814428174116241,0,0,0,0
2024-03-01 11:55:00.250,8.854052,8.856565007034567,0,0,0,0
2024-03-01 11:55:00.500,8.895054,8.894986145913212,0,0,0,0
2024-03-01 11:55:00.750,8.916837,8.912462732939629,0,0,0,0
2024-03-01 11:55:01.000,8.906586,8.909848453424434,0,0,0,0
2024-03-01 11:55:01.250,8.895054,8.898954935794102,0,0,0,0
2024-03-01 11:55:01.500,8.891211,8.884316503518527,0,0,0,0
2024-03-01 11:55:01.750,8.863021,8.864340422748436,0,0,0,0
2024-03-01 11:55:02.000,8.838675,8.84294990208454,0,0,0,0
2024-03-01 11:55:02.250,8.828425,8.825473628112384,0,0,0,0
2024-03-01 11:55:02.500,8.810487,8.810462153538442,0,0,0,0
2024-03-01 11:55:02.750,8.798954,8.797144385288128,0,0,0,0
2024-03-01 11:55:03.000,8.787422,8.790777003062493,0,0,0,0
2024-03-01 11:55:03.250,8.789985,8.792428971314976,0,0,0,0
2024-03-01 11:55:03.500,8.807923,8.799585404673405,0,0,0,0
2024-03-01 11:55:03.750,8.822019,8.825773823116256,0,0,0,0
2024-03-01 11:55:04.000,8.893773,8.897130253609093,1,0,0,0
2024-03-01 11:55:04.250,9.014218,9.013907044516356,0,0,0,0
2024-03-01 11:55:04.500,9.141069,9.135769332518695,0,0,0,0
2024-03-01 11:55:04.750,9.219231,9.221331053296527,0,0,0,0
2024-03-01 11:55:05.000,9.261515,9.264084102922013,0,0,0,0
2024-03-01 11:55:05.250,9.276891,9.277037372981976,0,1,0,0
2024-03-01 11:55:05.500,9.267921,9.26414033614676,0,0,0,0
2024-03-01 11:55:05.750,9.223075,9.224894756173423,0,0,0,0
2024-03-01 11:55:06.000,9.170541,9.171141819217144,0,0,0,0
2024-03-01 11:55:06.250,9.119287,9.120023681586561,0,0,0,0
2024-03-01 11:55:06.500,9.078284,9.076896817311559,0,0,0,1
2024-03-01 11:55:06.750,9.038564,9.03747298664458,0,0,0,0
2024-03-01 11:55:07.000,8.998842,9.000887755044827,0,0,0,0
2024-03-01 11:55:07.250,8.969372,8.97028261705441,0,0,1,0
2024-03-01 11:55:07.500,8.94887,8.945567872708663,0,0,0,0
2024-03-01 11:55:07.750,8.923244,8.92471731675856,0,0,0,0
2024-03-01 11:55:08.000,8.906586,8.90822550707864,0,0,0,0
2024-03-01 11:55:08.250,8.897616,8.896064129316741,0,0,0,0
2024-03-01 11:55:08.500,8.886085,8.88477525362488,0,0,0,0
2024-03-01 11:55:08.750,8.868146,8.871808941863746,0,0,0,0
2024-03-01 11:55:09.000,8.863021,8.85868271211094,0,0,0,0
2024-03-01 11:55:09.250,8.843801,8.84745158934888,0,0,0,0
2024-03-01 11:55:09.500,8.838675,8.837495736241108,0,0,0,0
2024-03-01 11:55:09.750,8.829706,8.827651630141453,0,0,0,0
2024-03-01 11:55:10.000,8.815612,8.817674928907572,0,0,0,0
2024-03-01 11:55:10.250,8.802798,8.804874600115859,0,0,0,0
2024-03-01 11:55:10.500,8.789985,8.78700326097892,0,0,0,0
2024-03-01 11:55:10.750,8.777172,8.774258643221536,0,0,0,0
2024-03-01 11:55:11.000,8.777172,8.779860842197944,0,0,0,0
2024-03-01 11:55:11.250,8.772046,8.780088248376929,0,0,0,0
2024-03-01 11:55:11.500,8.716949,8.713705404279688,0,0,0,0
2024-03-01 11:55:11.750,8.588816,8.564020586552811,0,0,0,0
2024-03-01 11:55:12.000,8.377397,8.411383989995029,0,0,0,0
2024-03-01 11:55:12.250,8.351476,8.344624579817216,0,0,0,0
2024-03-01 11:55:12.500,8.363008,8.351168638039468,0,0,0,0
2024-03-01 11:55:12.750,8.363008,8.362707108645381,0,0,0,0
2024-03-01 11:55:13.000,8.36557,8.374842673213557,0,0,0,0
2024-03-01 11:55:13.250,8.443731,8.4443161988684,0,0,0,0
2024-03-01 11:55:13.500,8.594929,8.588640363117047,0,0,0,0
2024-03-01 11:55:13.750,8.755095,8.755761505073158,0,0,0,0
2024-03-01 11:55:14.000,8.887072,8.88825535267349,0,0,0,0
2024-03-01 11:55:14.250,8.970358,8.975356315275558,0,0,0,0
2024-03-01 11:55:14.500,9.057783,9.047751718929732,1,0,0,0
2024-03-01 11:55:14.750,9.142351,9.150847640202617,0,0,0,0
2024-03-01 11:55:15.000,9.321737,9.314457842332299,0,0,0,0
2024-03-01 11:55:15.250,9.508812,9.521335164120682,0,0,0,0
2024-03-01 11:55:15.500,9.723565,9.709227851639577,0,0,0,0
2024-03-01 11:55:15.750,9.817101,9.823413257648793,0,0,0,0
2024-03-01 11:55:16.000,9.86323,9.861485708124937,0,0,0,0
2024-03-01 11:55:16.250,9.845291,9.852957556437248,0,1,0,0
2024-03-01 11:55:16.500,9.823508,9.810969753497238,0,0,0,0
2024-03-01 11:55:16.750,9.717158,9.726999648759769,0,0,0,0
2024-03-01 11:55:17.000,9.608245,9.603928645091136,0,0,0,0
2024-03-01 11:55:17.250,9.472424,9.471407505832035,0,0,0,0
2024-03-01 11:55:17.500,9.360948,9.36364601350348,0,0,0,0
2024-03-01 11:55:17.750,9.287912,9.291232085627321,0,0,0,0
2024-03-01 11:55:18.000,9.252035,9.24396715947529,0,0,0,0
2024-03-01 11:55:18.250,9.217439,9.214789472481616,0,0,0,0
2024-03-01 11:55:18.500,9.180281,9.199517273399001,0,0,0,0
2024-03-01 11:55:18.750,9.193093,9.180994464545268,0,0,0,0
2024-03-01 11:55:19.000,9.163623,9.146059158368969,0,0,0,0
2024-03-01 11:55:19.250,9.07393,9.091730015622232,0,0,0,0
2024-03-01 11:55:19.500,8.934265,8.968325448927205,0,0,0,1
2024-03-01 11:55:19.750,8.752827,8.688912229296115,0,0,0,0
2024-03-01 11:55:20.000,8.271046,8.2819930295632,0,0,1,0
2024-03-01 11:55:20.250,7.885071,7.934579006403338,0,0,0,0
2024-03-01 11:55:20.500,7.803433,7.7705900395956915,0,0,0,0
2024-03-01 11:55:20.750,7.702209,7.698038868010444,0,0,0,0
2024-03-01 11:55:21.000,7.597139,7.5852580935656775,0,0,0,0
2024-03-01 11:55:21.250,7.426723,7.462452311560233,0,0,0,0
2024-03-01 11:55:21.500,7.448505,7.4355103317657205,0,0,0,0
2024-03-01 11:55:21.750,7.53051,7.509809606992636,0,0,0,0
2024-03-01 11:55:22.000,7.583045,7.605592522719764,0,0,0,0
2024-03-01 11:55:22.250,7.682989,7.675346884293939,0,0,0,0
2024-03-01 11:55:22.500,7.725273,7.727789480811315,0,0,0,0
2024-03-01 11:55:22.750,7.784214,7.776988658588005,0,0,0,0
2024-03-01 11:55:23.000,7.805996,7.813625063893689,0,0,0,0
2024-03-01 11:55:23.250,7.80984,7.8128548516059215,0,0,0,0
2024-03-01 11:55:23.500,7.776525,7.767861586265528,0,0,0,0
2024-03-01 11:55:23.750,7.73296,7.723978686650786,0,0,0,0
2024-03-01 11:55:24.000,7.718866,7.745718626570355,0,0,0,0
2024-03-01 11:55:24.250,7.839311,7.830857836605411,0,0,0,0
2024-03-01 11:55:24.500,7.931567,7.907639147608496,0,0,0,0
2024-03-01 11:55:24.750,7.916191,7.933664505939571,0,0,0,0
2024-03-01 11:55:25.000,7.911066,7.931891527708755,0,0,0,0
2024-03-01 11:55:25.250,7.958475,7.923731693485182,0,0,0,0
2024-03-01 11:55:25.500,7.895689,7.904109761324506,0,0,0,0
2024-03-01 11:55:25.750,7.864937,7.877580555042474,0,0,0,0
2024-03-01 11:55:26.000,7.846999,7.852371483692532,0,0,0,0
2024-03-01 11:55:26.250,7.858531,7.827803911934397,0,0,0,0
2024-03-01 11:55:26.500,7.821373,7.838232240439806,0,0,0,0
2024-03-01 11:55:26.750,7.932848,7.953118189338849,1,0,0,0
2024-03-01 11:55:27.000,8.216022,8.186301564413053,0,0,0,0
2024-03-01 11:55:27.250,8.444099,8.450551628429913,0,0,0,0
2024-03-01 11:55:27.500,8.610304,8.614889560932525,0,1,0,0
2024-03-01 11:55:27.750,8.555207,8.583035061037307,0,0,0,0
2024-03-01 11:55:28.000,8.432199,8.372423568968294,0,0,0,1
2024-03-01 11:55:28.250,8.134931,8.14567308743903,0,0,1,0
2024-03-01 11:55:28.500,7.973483,8.060040759605531,0,0,0,0
2024-03-01 11:55:28.750,8.164401,8.075528993718947,0,0,0,0
2024-03-01 11:55:29.000,8.079833,8.051774132740613,0,0,0,0
2024-03-01 11:55:29.250,7.877383,7.990020717662653,0,0,0,0
2024-03-01 11:55:29.500,8.071232,7.997498618830665,0,0,0,0
2024-03-01 11:55:29.750,8.094296,8.088263335788998,0,0,0,0
2024-03-01 11:55:30.000,8.163487,8.197152542975088,0,0,0,0
2024-03-01 11:55:30.250,8.332623,8.308331449952634,0,0,0,0
2024-03-01 11:55:30.500,8.414629,8.433873002208152,1,0,0,0
2024-03-01 11:55:30.750,8.547519,8.538560807823135,0,0,0,0
2024-03-01 11:55:31.000,8.601335,8.587165469916203,0,0,0,0
2024-03-01 11:55:31.250,8.601335,8.619791764513115,0,0,0,0
2024-03-01 11:55:31.500,8.698716,8.701483865642494,0,0,0,0
2024-03-01 11:55:31.750,8.833256,8.823187111550347,0,0,0,0
2024-03-01 11:55:32.000,8.929356,8.922676763072424,0,0,0,0
2024-03-01 11:55:32.250,8.971934,8.984524791671529,0,0,0,0
2024-03-01 11:55:32.500,9.047533,9.04884887913542,0,0,0,0
2024-03-01 11:55:32.750,9.139789,9.132345810482288,0,0,0,0
2024-03-01 11:55:33.000,9.206418,9.204782761232433,0,0,0,0
2024-03-01 11:55:33.250,9.234607,9.24027000156596,0,1,0,0
2024-03-01 11:55:33.500,9.239732,9.243638914341984,0,0,0,0
2024-03-01 11:55:33.750,9.242295,9.227296444039638,0,0,0,0
2024-03-01 11:55:34.000,9.176947,9.192367233289946,0,0,0,0
2024-03-01 11:55:34.250,9.137226,9.131712972097212,0,0,0,0
2024-03-01 11:55:34.500,9.043689,9.040884270298951,0,0,0,0
2024-03-01 11:55:34.750,8.930931,8.930166844174114,0,0,0,1
2024-03-01 11:55:35.000,8.811768,8.821733738524918,0,0,0,0
2024-03-01 11:55:35.250,8.740013,8.730041881644048,0,0,0,0
2024-03-01 11:55:35.500,8.656727,8.656617453915091,0,0,1,0
2024-03-01 11:55:35.750,8.596504,8.602711059016958,0,0,0,0
2024-03-01 11:55:36.000,8.569596,8.568550291972374,0,0,0,0
2024-03-01 11:55:36.250,8.550376,8.54412002346916,0,0,0,0
2024-03-01 11:55:36.500,8.511936,8.517998601720254,0,0,0,0
2024-03-01 11:55:36.750,8.491435,8.48965468146876,0,0,0,0
2024-03-01 11:55:37.000,8.461965,8.462936765619078,0,0,0,0
2024-03-01 11:55:37.250,8.440182,8.43738324191436,0,0,0,0
2024-03-01 11:55:37.500,8.410711,8.412627813106292,0,0,0,0
2024-03-01 11:55:37.750,8.389915,8.391072307430989,0,0,0,0
2024-03-01 11:55:38.000,8.373258,8.37203649954858,0,0,0,0
2024-03-01 11:55:38.250,8.354038,8.351878353332493,0,0,0,0
2024-03-01 11:55:38.500,8.32713,8.330951056144619,0,0,0,0
2024-03-01 11:55:38.750,8.314317,8.312452131449952,0,0,0,0
2024-03-01 11:55:39.000,8.295096,8.295314426954574,0,0,0,0
2024-03-01 11:55:39.250,8.277158,8.275787736144567,0,0,0,0
2024-03-01 11:55:39.500,8.251532,8.254831814681836,0,0,0,0
2024-03-01 11:55:39.750,8.241281,8.23755298571457,0,0,0,0
2024-03-01 11:55:40.000,8.223342,8.224537230490272,0,0,0,0
2024-03-01 11:55:40.250,8.204123,8.208291335941086,0,0,0,0
2024-03-01 11:55:40.500,8.192591,8.18664000767093,0,0,0,0
2024-03-01 11:55:40.750,8.184902,8.184223350131845,0,0,0,0
2024-03-01 11:55:41.000,8.24,8.247660412848745,0,0,0,0
2024-03-01 11:55:41.250,8.409135,8.400346844279644,0,0,0,0
2024-03-01 11:55:41.500,8.594929,8.60390113486049,1,0,0,0
2024-03-01 11:55:41.750,8.788409,8.782602458875617,0,0,0,0
2024-03-01 11:55:42.000,8.897323,8.892858379217785,0,0,0,0
2024-03-01 11:55:42.250,8.947294,8.955762412274794,0,0,0,0
2024-03-01 11:55:42.500,9.012937,9.013571374231915,0,0,0,0
2024-03-01 11:55:42.750,9.080847,9.074544845050616,0,0,0,0
2024-03-01 11:55:43.000,9.119287,9.118707287318824,0,0,0,0
2024-03-01 11:55:43.250,9.128257,9.133873786550083,0,1,0,0
2024-03-01 11:55:43.500,9.116724,9.11803750588031,0,0,0,0
2024-03-01 11:55:43.750,9.074441,9.06668882048471,0,0,0,0
2024-03-01 11:55:44.000,8.984747,8.98576886532228,0,0,0,0
2024-03-01 11:55:44.250,8.891211,8.899853394230133,0,0,0,1
2024-03-01 11:55:44.500,8.832269,8.826665940195417,0,0,0,0
2024-03-01 11:55:44.750,8.765639,8.761518659173474,0,0,0,0
2024-03-01 11:55:45.000,8.693885,8.698248650001158,0,0,1,0
2024-03-01 11:55:45.250,8.638788,8.64249068691142,0,0,0,0
2024-03-01 11:55:45.500,8.602911,8.597652751384096,0,0,0,0
2024-03-01 11:55:45.750,8.56319,8.56048126540855,0,0,0,0
2024-03-01 11:55:46.000,8.52475,8.530705770369979,0,0,0,0
2024-03-01 11:55:46.250,8.502967,8.506439633673656,0,0,0,0
2024-03-01 11:55:46.500,8.491435,8.481352692525894,0,0,0,0
2024-03-01 11:55:46.750,8.463245,8.461193785845795,0,0,0,0
2024-03-01 11:55:47.000,8.441463,8.455490994620536,0,0,0,0
2024-03-01 11:55:47.250,8.436337,8.442007020810776,0,0,0,0
2024-03-01 11:55:47.500,8.42865,8.389180852068762,0,0,0,0
2024-03-01 11:55:47.750,8.286127,8.322680899821508,0,0,0,0
2024-03-01 11:55:48.000,8.300222,8.299538357541904,0,0,0,0
2024-03-01 11:55:48.250,8.325849,8.311780710887412,0,0,0,0
2024-03-01 11:55:48.500,8.304066,8.30462430211239,0,0,0,0
2024-03-01 11:55:48.750,8.295096,8.299838239099255,0,0,0,0
2024-03-01 11:55:49.000,8.414261,8.404995660373736,0,0,0,0
2024-03-01 11:55:49.250,8.634649,8.671845327288846,1,0,0,0
2024-03-01 11:55:49.500,9.072865,9.0255589984257,0,0,0,0
2024-03-01 11:55:49.750,9.367866,9.354945794295181,0,0,0,0
2024-03-01 11:55:50.000,9.479342,9.579304001229854,0,0,0,0
2024-03-01 11:55:50.250,9.737659,9.624190443849011,0,1,0,0
2024-03-01 11:55:50.500,9.43014,9.475115283187892,0,0,0,0
2024-03-01 11:55:50.750,9.263567,9.271308068377927,0,0,0,0
2024-03-01 11:55:51.000,9.202063,9.199610368355824,0,0,0,1
2024-03-01 11:55:51.250,9.28535,9.283049948433261,0,0,0,0
2024-03-01 11:55:51.500,9.403232,9.386579330022737,0,0,0,0
2024-03-01 11:55:51.750,9.3917,9.409492435346294,0,1,0,0
2024-03-01 11:55:52.000,9.362229,9.36783154396473,0,0,0,0
2024-03-01 11:55:52.250,9.328915,9.311910061544296,0,0,0,0
2024-03-01 11:55:52.500,9.253316,9.25822207024474,0,0,0,0
2024-03-01 11:55:52.750,9.193093,9.197305178009584,0,0,0,0
2024-03-01 11:55:53.000,9.102119,9.11051234662367,0,0,0,1
2024-03-01 11:55:53.250,9.013707,8.998232069501256,0,0,0,0
2024-03-01 11:55:53.500,8.930421,8.915857316370156,0,0,1,0
2024-03-01 11:55:53.750,8.875834,8.906675434707289,0,0,0,0
2024-03-01 11:55:54.000,8.834831,8.876490367161171,0,0,1,0
2024-03-01 11:55:54.250,8.813049,8.679800917295259,0,0,0,0
2024-03-01 11:55:54.500,8.271046,8.3716217978686,0,0,0,0
2024-03-01 11:55:54.750,8.164401,8.177727762177579,0,0,0,0
2024-03-01 11:55:55.000,8.21181,8.183490253408868,0,0,0,0
2024-03-01 11:55:55.250,8.348912,8.287208707054091,0,0,0,0
2024-03-01 11:55:55.500,8.364288,8.44568195686652,0,0,0,0
2024-03-01 11:55:55.750,8.666683,8.685303231080104,1,0,0,0
2024-03-01 11:55:56.000,8.995985,8.909812761634413,0,0,0,0
2024-03-01 11:55:56.250,8.93862,8.972520277703053,0,1,0,0
2024-03-01 11:55:56.500,8.856614,8.889940800262913,0,0,0,0
2024-03-01 11:55:56.750,8.797673,8.780364489015042,0,0,0,1
2024-03-01 11:55:57.000,8.714387,8.682204732557988,0,0,1,0
2024-03-01 11:55:57.250,8.545251,8.584913191068,0,0,0,0
2024-03-01 11:55:57.500,8.552938,8.531223187342222,0,0,0,0
2024-03-01 11:55:57.750,8.542688,8.562199912277283,0,0,0,0
2024-03-01 11:55:58.000,8.652883,8.632075306362358,0,0,0,0
2024-03-01 11:55:58.250,8.654164,8.66007211135152,0,0,0,0
2024-03-01 11:55:58.500,8.617005,8.625654496011638,0,0,0,0
2024-03-01 11:55:58.750,8.574721,8.566696183828315,0,0,0,0
2024-03-01 11:55:59.000,8.514499,8.516242688168743,0,0,0,0
2024-03-01 11:55:59.250,8.477341,8.478322323368785,0,0,0,0
2024-03-01 11:55:59.500,8.450432,8.449162244972145,0,0,0,0
2024-03-01 11:55:59.750,8.431212,8.432650047572102,0,0,0,0
2024-03-01 11:56:00.000,8.436043,8.431353774279517,0,0,0,0
2024-03-01 11:56:00.250,8.420668,8.433343773621742,0,0,0,0
2024-03-01 11:56:00.500,8.437325,8.421200407386635,0,0,0,0
2024-03-01 11:56:00.750,8.391196,8.397250270389478,0,0,0,0
2024-03-01 11:56:01.000,8.375821,8.38088984621902,0,0,0,0
2024-03-01 11:56:01.250,8.373258,8.372112120184756,0,0,0,0
2024-03-01 11:56:01.500,8.352757,8.348125364004115,0,0,0,0
2024-03-01 11:56:01.750,8.318161,8.311864498582398,0,0,0,0
2024-03-01 11:56:02.000,8.286127,8.301231391447901,0,0,0,0
2024-03-01 11:56:02.250,8.322004,8.323950282232694,0,0,0,0
2024-03-01 11:56:02.500,8.354038,8.33260995765141,0,0,0,0
2024-03-01 11:56:02.750,8.286127,8.298640061153865,0,0,0,0
2024-03-01 11:56:03.000,8.254094,8.259016246072981,0,0,0,0
2024-03-01 11:56:03.250,8.252813,8.252471950911046,0,0,0,0
2024-03-01 11:56:03.500,8.273314,8.26126724981235,0,0,0,0
2024-03-01 11:56:03.750,8.245125,8.252494692622193,0,0,0,0
2024-03-01 11:56:04.000,8.225904,8.230139074457988,0,0,0,0
2024-03-01 11:56:04.250,8.216935,8.21388454826429,0,0,0,0
2024-03-01 11:56:04.500,8.209248,8.204450580616712,0,0,0,0
2024-03-01 11:56:04.750,8.191309,8.194786478382996,0,0,0,0
2024-03-01 11:56:05.000,8.18234,8.18604228985399,0,0,0,0
2024-03-01 11:56:05.250,8.179777,8.177704882443146,0,0,0,0
2024-03-01 11:56:05.500,8.17337,8.16699190628237,0,0,0,0
2024-03-01 11:56:05.750,8.157994,8.160850260759716,0,0,0,0
2024-03-01 11:56:06.000,8.146462,8.161370002588363,0,0,0,0
2024-03-01 11:56:06.250,8.169526,8.147332484719463,0,0,0,0
2024-03-01 11:56:06.500,8.096491,8.103547291231408,0,0,0,0
2024-03-01 11:56:06.750,8.046518,8.05421448788358,0,0,0,0
2024-03-01 11:56:07.000,8.036268,8.032227998574673,0,0,0,0
2024-03-01 11:56:07.250,8.037549,8.033685225181893,0,0,0,0
2024-03-01 11:56:07.500,8.032424,8.033659674953915,0,0,0,0
2024-03-01 11:56:07.750,8.022173,8.025699210151654,0,0,0,0
2024-03-01 11:56:08.000,8.01961,8.018773043995429,0,0,0,0
2024-03-01 11:56:08.250,8.017048,8.014074207561487,0,0,0,0
2024-03-01 11:56:08.500,8.006797,8.00750227003149,0,0,0,0
2024-03-01 11:56:08.750,7.999109,8.002015184685922,0,0,0,0
2024-03-01 11:56:09.000,8.002954,8.000999462153773,0,0,0,0
2024-03-01 11:56:09.250,7.999109,7.998982190061823,0,0,0,0
2024-03-01 11:56:09.500,7.991421,7.9907887506640805,0,0,0,0
2024-03-01 11:56:09.750,7.981171,7.981495728381175,0,0,0,0
2024-03-01 11:56:10.000,7.973483,7.977084525764433,0,0,0,0
2024-03-01 11:56:10.250,7.978608,7.973049922232189,0,0,0,0
2024-03-01 11:56:10.500,7.96067,7.963228021772964,0,0,0,0
2024-03-01 11:56:10.750,7.952981,7.953260684399426,0,0,0,0
2024-03-01 11:56:11.000,7.954263,7.952573606098558,0,0,0,0
2024-03-01 11:56:11.250,7.950419,7.957535695828103,0,0,0,0
2024-03-01 11:56:11.500,7.97092,7.95673853306458,0,0,0,0
2024-03-01 11:56:11.750,7.937605,7.949696057970694,0,0,0,0
2024-03-01 11:56:12.000,7.945293,7.9446045118852116,0,0,0,0
2024-03-01 11:56:12.250,7.947856,7.941739583437167,0,0,0,0
2024-03-01 11:56:12.500,7.935043,7.935947860160786,0,0,0,0
2024-03-01 11:56:12.750,7.922229,7.929125438224419,0,0,0,0
2024-03-01 11:56:13.000,7.931567,7.925043551626345,0,0,0,0
2024-03-01 11:56:13.250,7.920035,7.920910570106939,0,0,0,0
2024-03-01 11:56:13.500,7.913628,7.914524477356776,0,0,0,0
2024-03-01 11:56:13.750,7.907221,7.90898496708485,0,0,0,0
2024-03-01 11:56:14.000,7.907221,7.905317423778818,0,0,0,0
2024-03-01 11:56:14.250,7.903378,7.901087160417474,0,0,0,0
2024-03-01 11:56:14.500,7.891846,7.896283913520199,0,0,0,0
2024-03-01 11:56:14.750,7.891846,7.890968911152347,0,0,0,0
2024-03-01 11:56:15.000,7.884158,7.88163133930091,0,0,0,0
2024-03-01 11:56:15.250,7.868782,7.868876110028175,0,0,0,0
2024-03-01 11:56:15.500,7.85725,7.8606752099967325,0,0,0,0
2024-03-01 11:56:15.750,7.861094,7.859223179772499,0,0,0,0
2024-03-01 11:56:16.000,7.855968,7.85557386668325,0,0,0,0
2024-03-01 11:56:16.250,7.849562,7.847886591714376,0,0,0,0
2024-03-01 11:56:16.500,7.850843,7.8537241191518925,0,0,0,0
2024-03-01 11:56:16.750,7.890564,7.8904718559811,1,0,0,0
2024-03-01 11:56:17.000,7.950787,7.950423276709974,0,0,0,0
2024-03-01 11:56:17.250,8.011009,8.008234968864626,0,0,0,0
2024-03-01 11:56:17.500,8.045606,8.048159434360462,0,0,0,0
2024-03-01 11:56:17.750,8.06995,8.07153520533827,0,0,0,0
2024-03-01 11:56:18.000,8.085326,8.082627265272396,0,0,0,0
2024-03-01 11:56:18.250,8.082764,8.081821870819295,0,1,0,0
2024-03-01 11:56:18.500,8.067388,8.070771800109242,0,0,0,0
2024-03-01 11:56:18.750,8.053293,8.052268759190039,0,0,0,0
2024-03-01 11:56:19.000,8.028948,8.026987089070433,0,0,0,0
2024-03-01 11:56:19.250,7.996915,7.998035066991967,0,0,0,0
2024-03-01 11:56:19.500,7.972569,7.97317213639326,0,0,0,1
2024-03-01 11:56:19.750,7.954631,7.955696892643562,0,0,0,0
2024-03-01 11:56:20.000,7.943099,7.940040777727249,0,0,0,0
2024-03-01 11:56:20.250,7.921316,7.922110188401974,0,0,0,0
2024-03-01 11:56:20.500,7.903378,7.906078382027462,0,0,0,0
2024-03-01 11:56:20.750,7.898252,7.8959811047300335,0,0,1,0
2024-03-01 11:56:21.000,7.889283,7.889166454241805,0,0,0,0
2024-03-01 11:56:21.250,7.882876,7.882349318409021,0,0,0,0
2024-03-01 11:56:21.500,7.872625,7.875645626550843,0,0,0,0
2024-03-01 11:56:21.750,7.870063,7.86801858554615,0,0,0,0
2024-03-01 11:56:22.000,7.859812,7.857537685153724,0,0,0,0
2024-03-01 11:56:22.250,7.843155,7.846935695233198,0,0,0,0
2024-03-01 11:56:22.500,7.840592,7.84012185633859,0,0,0,0
2024-03-01 11:56:22.750,7.836748,7.834612525057111,0,0,0,0
2024-03-01 11:56:23.000,7.825216,7.826013564093307,0,0,0,0
2024-03-01 11:56:23.250,7.816247,7.816497418375722,0,0,0,0
2024-03-01 11:56:23.500,7.808559,7.810617450830922,0,0,0,0
2024-03-01 11:56:23.750,7.811121,7.807485479406364,0,0,0,0
2024-03-01 11:56:24.000,7.803433,7.804072727568431,0,0,0,0
2024-03-01 11:56:24.250,7.797027,7.800202893488884,0,0,0,0
2024-03-01 11:56:24.500,7.797027,7.795104918968093,0,0,0,0
2024-03-01 11:56:24.750,7.789339,7.786657684288264,0,0,0,0
2024-03-01 11:56:25.000,7.773963,7.7771056517440025,0,0,0,0
2024-03-01 11:56:25.250,7.768838,7.771186953952578,0,0,0,0
2024-03-01 11:56:25.500,7.775244,7.768518100654367,0,0,0,0
2024-03-01 11:56:25.750,7.76115,7.765099392053991,0,0,0,0
2024-03-01 11:56:26.000,7.756024,7.758978600922386,0,0,0,0
2024-03-01 11:56:26.250,7.756024,7.750213692247335,0,0,0,0
2024-03-01 11:56:26.500,7.739367,7.740939960567186,0,0,0,0
2024-03-01 11:56:26.750,7.731679,7.7348177783346115,0,0,0,0
2024-03-01 11:56:27.000,7.731679,7.7307215694852935,0,0,0,0
2024-03-01 11:56:27.250,7.727835,7.723596317852996,0,0,0,0
2024-03-01 11:56:27.500,7.712459,7.715242388227365,0,0,0,0
2024-03-01 11:56:27.750,7.708615,7.711869341713702,0,0,0,0
2024-03-01 11:56:28.000,7.712459,7.7109242688594914,0,0,0,0
2024-03-01 11:56:28.250,7.715022,7.707836696689867,0,0,0,0
2024-03-01 11:56:28.500,7.706052,7.710119889863186,0,0,0,0
2024-03-01 11:56:28.750,7.704771,7.722579894505975,0,0,0,0
2024-03-01 11:56:29.000,7.767556,7.731532323814747,0,0,0,0
2024-03-01 11:56:29.250,7.698364,7.7278977997051745,0,0,0,0
2024-03-01 11:56:29.500,7.735523,7.725721726470827,0,0,0,0
2024-03-01 11:56:29.750,7.736804,7.737022643806753,0,0,0,0
2024-03-01 11:56:30.000,7.756024,7.754083306755714,0,0,0,0
2024-03-01 11:56:30.250,7.770119,7.772322751191351,0,0,0,0
2024-03-01 11:56:30.500,7.804715,7.805194101205896,1,0,0,0
2024-03-01 11:56:30.750,7.863656,7.863175113918469,0,0,0,0
2024-03-01 11:56:31.000,7.93541,7.934572028336949,0,0,0,0
2024-03-01 11:56:31.250,7.995633,7.995999900593936,0,0,0,0
2024-03-01 11:56:31.500,8.032792,8.033048306521689,0,0,0,0
2024-03-01 11:56:31.750,8.045606,8.046142131912145,0,1,0,0
2024-03-01 11:56:32.000,8.044324,8.042701293285246,0,0,0,0
2024-03-01 11:56:32.250,8.027667,8.028329323975722,0,0,0,0
2024-03-01 11:56:32.500,8.000758,8.004487936854192,0,0,0,0
2024-03-01 11:56:32.750,7.981539,7.974584864280778,0,0,0,0
2024-03-01 11:56:33.000,7.948224,7.948511627170829,0,0,0,0
2024-03-01 11:56:33.250,7.917472,7.931879027703383,0,0,0,1
2024-03-01 11:56:33.500,7.936692,7.9158583409145535,0,0,0,0
2024-03-01 11:56:33.750,7.881595,7.892055021418239,0,0,0,0
2024-03-01 11:56:34.000,7.864937,7.867915527231608,0,0,0,0
2024-03-01 11:56:34.250,7.855968,7.851863437214827,0,0,1,0
2024-03-01 11:56:34.500,7.840592,7.838520875858646,0,0,0,0
2024-03-01 11:56:34.750,7.820091,7.822450618732434,0,0,0,0
2024-03-01 11:56:35.000,7.805996,7.808680396966928,0,0,0,0
2024-03-01 11:56:35.250,7.803433,7.800022943039701,0,0,0,0
2024-03-01 11:56:35.500,7.791902,7.79083747142112,0,0,0,0
2024-03-01 11:56:35.750,7.775244,7.7786215201845,0,0,0,0
2024-03-01 11:56:36.000,7.768838,7.767606461249899,0,0,0,0
2024-03-01 11:56:36.250,7.759868,7.758137660331869,0,0,0,0
2024-03-01 11:56:36.500,7.740648,7.7444820945916915,0,0,0,0
2024-03-01 11:56:36.750,7.731679,7.728481073948521,0,0,0,0
2024-03-01 11:56:37.000,7.730398,7.726730467181284,0,0,0,0
2024-03-01 11:56:37.250,7.740648,7.750618698004809,0,0,0,0
2024-03-01 11:56:37.500,7.785495,7.781548411087218,0,0,0,0
2024-03-01 11:56:37.750,7.794464,7.789988269991918,0,0,0,0
2024-03-01 11:56:38.000,7.788058,7.783270677050576,0,0,0,0
2024-03-01 11:56:38.250,7.779088,7.7993998489991005,0,0,0,0
2024-03-01 11:56:38.500,7.858531,7.843599590810723,0,0,0,0
2024-03-01 11:56:38.750,7.877751,7.874279710507688,0,0,0,0
2024-03-01 11:56:39.000,7.858531,7.866088586135833,0,0,0,0
2024-03-01 11:56:39.250,7.841874,7.842835418069148,0,0,0,0
2024-03-01 11:56:39.500,7.836748,7.833217362942614,0,0,0,0
2024-03-01 11:56:39.750,7.832904,7.833241516558808,0,0,0,0
2024-03-01 11:56:40.000,7.827779,7.827531088347543,0,0,0,0
2024-03-01 11:56:40.250,7.817528,7.817646528298494,0,0,0,0
2024-03-01 11:56:40.500,7.808559,7.8127991176717195,0,0,0,0
2024-03-01 11:56:40.750,7.817528,7.81134313208165,0,0,0,0
2024-03-01 11:56:41.000,7.805996,7.806804272334755,0,0,0,0
2024-03-01 11:56:41.250,7.795746,7.800315439103297,0,0,0,0
2024-03-01 11:56:41.500,7.797027,7.794924800932498,0,0,0,0
2024-03-01 11:56:41.750,7.791902,7.788287150475414,0,0,0,0
2024-03-01 11:56:42.000,7.776525,7.7795081273012645,0,0,0,0
2024-03-01 11:56:42.250,7.768838,7.77191782287285,0,0,0,0
2024-03-01 11:56:42.500,7.770119,7.765903627244657,0,0,0,0
2024-03-01 11:56:42.750,7.763712,7.761306999307082,0,0,0,0
2024-03-01 11:56:43.000,7.757306,7.763052827616281,0,0,0,0
2024-03-01 11:56:43.250,7.768838,7.770382765887229,0,0,0,0
2024-03-01 11:56:43.500,7.779088,7.770331054250214,0,0,0,0
2024-03-01 11:56:43.750,7.752181,7.75558391274658,0,0,0,0
2024-03-01 11:56:44.000,7.727835,7.734486857702642,0,0,0,0
2024-03-01 11:56:44.250,7.718866,7.7148750275185645,0,0,0,0
2024-03-01 11:56:44.500,7.708615,7.698076386310522,0,0,0,0
2024-03-01 11:56:44.750,7.672738,7.690544893070046,0,0,0,0
2024-03-01 11:56:45.000,7.706052,7.69682479749803,0,0,0,0
2024-03-01 11:56:45.250,7.706052,7.70453974494762,0,0,0,0
2024-03-01 11:56:45.500,7.697083,7.699468058394288,0,0,0,0
2024-03-01 11:56:45.750,7.686832,7.68719644329692,0,0,0,0
2024-03-01 11:56:46.000,7.680426,7.681167365700442,0,0,0,0
2024-03-01 11:56:46.250,7.681707,7.680615907872857,0,0,0,0
2024-03-01 11:56:46.500,7.679144,7.6763874565319385,0,0,0,0
2024-03-01 11:56:46.750,7.663769,7.668381297172059,0,0,0,0
2024-03-01 11:56:47.000,7.663769,7.662879685536568,0,0,0,0
2024-03-01 11:56:47.250,7.662487,7.659966470820915,0,0,0,0
2024-03-01 11:56:47.500,7.654799,7.655407549733667,0,0,0,0
2024-03-01 11:56:47.750,7.64583,7.649232151233249,0,0,0,0
2024-03-01 11:56:48.000,7.648393,7.643836971302751,0,0,0,0
2024-03-01 11:56:48.250,7.635579,7.638680579314281,0,0,0,0
2024-03-01 11:56:48.500,7.634298,7.632239670610255,0,0,0,0
2024-03-01 11:56:48.750,7.622766,7.625136212714894,0,0,0,0
2024-03-01 11:56:49.000,7.621485,7.618614153640903,0,0,0,0
2024-03-01 11:56:49.250,7.609952,7.612391286631363,0,0,0,0
2024-03-01 11:56:49.500,7.606109,7.605148009126075,0,0,0,0
2024-03-01 11:56:49.750,7.597139,7.5968812122459735,0,0,0,0
2024-03-01 11:56:50.000,7.590733,7.590529241216677,0,0,0,0
2024-03-01 11:56:50.250,7.58817,7.58906195758589,0,0,0,0
2024-03-01 11:56:50.500,7.589451,7.590418134552056,0,0,0,0
2024-03-01 11:56:50.750,7.593296,7.58941209198375,0,0,0,0
2024-03-01 11:56:51.000,7.581763,7.585249938203853,0,0,0,0
2024-03-01 11:56:51.250,7.581763,7.581596663924032,0,0,0,0
2024-03-01 11:56:51.500,7.580482,7.5794460484550354,0,0,0,0
2024-03-01 11:56:51.750,7.577919,7.57663394661361,0,0,0,0
2024-03-01 11:56:52.000,7.570231,7.573034960314804,0,0,0,0
2024-03-01 11:56:52.250,7.570231,7.569385987005494,0,0,0,0
2024-03-01 11:56:52.500,7.565106,7.563649815072868,0,0,0,0
2024-03-01 11:56:52.750,7.553574,7.554653419036598,0,0,0,0
2024-03-01 11:56:53.000,7.545886,7.5453081609784425,0,0,0,0
2024-03-01 11:56:53.250,7.534354,7.537291507485447,0,0,0,0
2024-03-01 11:56:53.500,7.533073,7.5282170002332105,0,0,0,0
2024-03-01 11:56:53.750,7.516416,7.518096375078114,0,0,0,0
2024-03-01 11:56:54.000,7.507446,7.511049442623867,0,0,0,0
2024-03-01 11:56:54.250,7.51129,7.507284753801182,0,0,0,0
2024-03-01 11:56:54.500,7.502321,7.502079767737545,0,0,0,0
2024-03-01 11:56:54.750,7.49207,7.4942230094696605,0,0,0,0
2024-03-01 11:56:55.000,7.485663,7.486285852169609,0,0,0,0
2024-03-01 11:56:55.250,7.480538,7.477652959094056,0,0,0,0
2024-03-01 11:56:55.500,7.465162,7.466585503921265,0,0,0,0
2024-03-01 11:56:55.750,7.456193,7.456367500979007,0,0,0,0
2024-03-01 11:56:56.000,7.449786,7.4508522990567485,0,0,0,0
2024-03-01 11:56:56.250,7.449786,7.447051817052182,0,0,0,0
2024-03-01 11:56:56.500,7.436973,7.439561723435796,0,0,0,0
2024-03-01 11:56:56.750,7.431848,7.430656189905027,0,0,0,0
2024-03-01 11:56:57.000,7.431848,7.430042347860151,0,0,0,0
2024-03-01 11:56:57.250,7.436973,7.4431880025000785,0,0,0,0
2024-03-01 11:56:57.500,7.471569,7.462756241899658,0,0,0,0
2024-03-01 11:56:57.750,7.466444,7.47401675820561,0,0,0,0
2024-03-01 11:56:58.000,7.471569,7.468133821339777,0,0,0,0
2024-03-01 11:56:58.250,7.451067,7.449358960844386,0,0,0,0
2024-03-01 11:56:58.500,7.425441,7.429864605990099,0,0,0,0
2024-03-01 11:56:58.750,7.420316,7.418057762057211,0,0,0,0
2024-03-01 11:56:59.000,7.414979,7.413138917442263,0,0,0,0
2024-03-01 11:56:59.250,7.40729,7.410186671033792,0,0,0,0
2024-03-01 11:56:59.500,7.406009,7.405640652896254,0,0,0,0
2024-03-01 11:56:59.750,7.399602,7.397815205200541,0,0,0,0
2024-03-01 11:57:00.000,7.386789,7.387382708883891,0,0,0,0
2024-03-01 11:57:00.250,7.375257,7.376878983573088,0,0,0,0
2024-03-01 11:57:00.500,7.367569,7.3675241541397005,0,0,0,0
2024-03-01 11:57:00.750,7.365006,7.359964544912284,0,0,0,0
2024-03-01 11:57:01.000,7.34963,7.35670436367861,0,0,0,0
2024-03-01 11:57:01.250,7.359881,7.357123975690842,0,0,0,0
2024-03-01 11:57:01.500,7.356037,7.354330525574597,0,0,0,0
2024-03-01 11:57:01.750,7.344505,7.344655291549353,0,0,0,0
2024-03-01 11:57:02.000,7.33041,7.333398301613076,0,0,0,0
2024-03-01 11:57:02.250,7.325285,7.324939297142035,0,0,0,0
2024-03-01 11:57:02.500,7.322722,7.317436927471272,0,0,0,0
2024-03-01 11:57:02.750,7.306065,7.311851907312325,0,0,0,0
2024-03-01 11:57:03.000,7.315034,7.313137838121591,0,0,0,0
2024-03-01 11:57:03.250,7.317597,7.318597656239581,0,0,0,0
2024-03-01 11:57:03.500,7.321441,7.3185056388655,0,0,0,0
2024-03-01 11:57:03.750,7.309909,7.311078501902548,0,0,0,0
2024-03-01 11:57:04.000,7.30094,7.304020172445798,0,0,0,0
2024-03-01 11:57:04.250,7.302221,7.300405308070793,0,0,0,0
2024-03-01 11:57:04.500,7.30094,7.29595805605677,0,0,0,0
2024-03-01 11:57:04.750,7.28172,7.289293458818726,0,0,0,0
2024-03-01 11:57:05.000,7.284283,7.283267132848825,0,0,0,0
2024-03-01 11:57:05.250,7.288126,7.281554378609099,0,0,0,0
2024-03-01 11:57:05.500,7.288126,7.293679388911071,0,0,0,0
2024-03-01 11:57:05.750,7.331692,7.3318746537496065,0,0,0,0
2024-03-01 11:57:06.000,7.393196,7.392669069036813,1,0,0,0
2024-03-01 11:57:06.250,7.457262,7.453996537378903,0,0,0,0
2024-03-01 11:57:06.500,7.494421,7.497899567370349,0,0,0,0
2024-03-01 11:57:06.750,7.525173,7.523985631044654,0,0,0,0
2024-03-01 11:57:07.000,7.535423,7.536966258694444,0,0,0,0
2024-03-01 11:57:07.250,7.537986,7.535408030628343,0,1,0,0
2024-03-01 11:57:07.500,7.518766,7.519300718689187,0,0,0,0
2024-03-01 11:57:07.750,7.495702,7.497507268921687,0,0,0,0
2024-03-01 11:57:08.000,7.480326,7.479576812684964,0,0,0,0
2024-03-01 11:57:08.250,7.467513,7.466067619579445,0,0,0,0
2024-03-01 11:57:08.500,7.450856,7.451786625762954,0,0,0,0
2024-03-01 11:57:08.750,7.431635,7.433839338619102,0,0,0,1
2024-03-01 11:57:09.000,7.418822,7.413955708697942,0,0,0,0
2024-03-01 11:57:09.250,7.391914,7.39622458766826,0,0,0,0
2024-03-01 11:57:09.500,7.384226,7.382860879182606,0,0,0,0
2024-03-01 11:57:09.750,7.371413,7.371509724805274,0,0,0,0
2024-03-01 11:57:10.000,7.361162,7.3591314399834005,0,0,0,0
2024-03-01 11:57:10.250,7.343224,7.346883967759769,0,0,0,0
2024-03-01 11:57:10.500,7.33938,7.336907668377011,0,0,0,0
2024-03-01 11:57:10.750,7.326567,7.3276003730268755,0,0,1,0
2024-03-01 11:57:11.000,7.318879,7.317088660794736,0,0,0,0
2024-03-01 11:57:11.250,7.304784,7.307319929847644,0,0,0,0
2024-03-01 11:57:11.500,7.30094,7.2998325126387265,0,0,0,0
2024-03-01 11:57:11.750,7.291971,7.292064030305749,0,0,0,0
2024-03-01 11:57:12.000,7.284283,7.282512735944239,0,0,0,0
2024-03-01 11:57:12.250,7.271469,7.274020149591563,0,0,0,0
2024-03-01 11:57:12.500,7.266344,7.2672913382207485,0,0,0,0
2024-03-01 11:57:12.750,7.2625,7.258591781272852,0,0,0,0
2024-03-01 11:57:13.000,7.248405,7.24853099904307,0,0,0,0
2024-03-01 11:57:13.250,7.236873,7.2426803745420365,0,0,0,0
2024-03-01 11:57:13.500,7.24328,7.238839232264093,0,0,0,0
2024-03-01 11:57:13.750,7.229185,7.226986604853722,0,0,0,0
2024-03-01 11:57:14.000,7.202277,7.20591235746514,0,0,0,0
2024-03-01 11:57:14.250,7.184339,7.185871820921779,0,0,0,0
2024-03-01 11:57:14.500,7.177932,7.173014421062718,0,0,0,0
2024-03-01 11:57:14.750,7.161275,7.164158905979658,0,0,0,0
2024-03-01 11:57:15.000,7.156149,7.1559056852462986,0,0,0,0
2024-03-01 11:57:15.250,7.14718,7.148117357598706,0,0,0,0
2024-03-01 11:57:15.500,7.143336,7.140790097425253,0,0,0,0
2024-03-01 11:57:15.750,7.133085,7.133938977996495,0,0,0,0
2024-03-01 11:57:16.000,7.124116,7.126762657630678,0,0,0,0
2024-03-01 11:57:16.250,7.11771,7.116308895836368,0,0,0,0
2024-03-01 11:57:16.500,7.10874,7.104131158614176,0,0,0,0
2024-03-01 11:57:16.750,7.094646,7.098785038083521,0,0,0,0
2024-03-01 11:57:17.000,7.092083,7.099717111502082,0,0,0,0
2024-03-01 11:57:17.250,7.106177,7.090393983615022,0,0,0,0
2024-03-01 11:57:17.500,7.056206,7.064068263865074,0,0,0,0
2024-03-01 11:57:17.750,7.035704,7.039182231518108,0,0,0,0
2024-03-01 11:57:18.000,7.033142,7.030933707804488,0,0,0,0
2024-03-01 11:57:18.250,7.033142,7.029169702266437,0,0,0,0
2024-03-01 11:57:18.500,7.020329,7.0215819302466125,0,0,0,0
2024-03-01 11:57:18.750,7.010077,7.014535050967999,0,0,0,0
2024-03-01 11:57:19.000,7.016484,7.015165407056451,0,0,0,0
2024-03-01 11:57:19.250,7.02161,7.016388448123384,0,0,0,0
2024-03-01 11:57:19.500,7.010077,7.013229902765703,0,0,0,0
2024-03-01 11:57:19.750,7.008796,7.012848989806885,0,0,0,0
2024-03-01 11:57:20.000,7.022891,7.018384973899019,0,0,0,0
2024-03-01 11:57:20.250,7.022891,7.022062287399816,0,0,0,0
2024-03-01 11:57:20.500,7.019047,7.019787209400932,0,0,0,0
2024-03-01 11:57:20.750,7.008796,7.014953567900355,0,0,0,0
2024-03-01 11:57:21.000,7.016484,7.00767227934635,0,0,0,0
2024-03-01 11:57:21.250,6.994702,6.996916818086719,0,0,0,0
2024-03-01 11:57:21.500,6.984451,6.988449348298648,0,0,0,0
2024-03-01 11:57:21.750,6.987014,6.985289303545196,0,0,0,0
2024-03-01 11:57:22.000,6.981888,6.979797356268198,0,0,0,0
2024-03-01 11:57:22.250,6.969075,6.96877304605434,0,0,0,0
2024-03-01 11:57:22.500,6.961387,6.962350612486341,0,0,0,0
2024-03-01 11:57:22.750,6.956262,6.965351987986246,0,0,0,0
2024-03-01 11:57:23.000,6.987014,6.968022879900116,0,0,0,0
2024-03-01 11:57:23.250,6.953699,6.966263295229027,0,0,0,0
2024-03-01 11:57:23.500,6.965231,6.9683431649446765,0,0,0,0
2024-03-01 11:57:23.750,6.980607,6.974574481483285,0,0,0,0
2024-03-01 11:57:24.000,6.98317,6.977482282655184,0,0,0,0
2024-03-01 11:57:24.250,6.971638,6.9819306427668835,0,0,0,0
2024-03-01 11:57:24.500,6.993421,6.994716289837882,0,0,0,0
2024-03-01 11:57:24.750,7.01264,7.00238604429821,0,0,0,0
2024-03-01 11:57:25.000,6.987014,6.9898606003253345,0,0,0,0
2024-03-01 11:57:25.250,6.960106,6.966915489207191,0,0,0,0
2024-03-01 11:57:25.500,6.953699,6.950327822949006,0,0,0,0
2024-03-01 11:57:25.750,6.943449,6.939210722367887,0,0,0,0
2024-03-01 11:57:26.000,6.926791,6.928427036538437,0,0,0,0
2024-03-01 11:57:26.250,6.917822,6.923773646078939,0,0,0,0
2024-03-01 11:57:26.500,6.9325,6.927365771545964,0,0,0,0
2024-03-01 11:57:26.750,6.931218,6.928979601937896,0,0,0,0
2024-03-01 11:57:27.000,6.918405,6.922890696124787,0,0,0,0
2024-03-01 11:57:27.250,6.915843,6.915246704705058,0,0,0,0
2024-03-01 11:57:27.500,6.910717,6.909911654263234,0,0,0,0
2024-03-01 11:57:27.750,6.905591,6.903479320027424,0,0,0,0
2024-03-01 11:57:28.000,6.892778,6.895813812068858,0,0,0,0
2024-03-01 11:57:28.250,6.891497,6.891125709538012,0,0,0,0
2024-03-01 11:57:28.500,6.888935,6.888478700605539,0,0,0,0
2024-03-01 11:57:28.750,6.88509,6.882859397336393,0,0,0,0
2024-03-01 11:57:29.000,6.870996,6.874467022729528,0,0,0,0
2024-03-01 11:57:29.250,6.868433,6.867352541447207,0,0,0,0
2024-03-01 11:57:29.500,6.862027,6.86118092899427,0,0,0,0
2024-03-01 11:57:29.750,6.853057,6.852753838838908,0,0,0,0
2024-03-01 11:57:30.000,6.841525,6.8433644680695265,0,0,0,0
2024-03-01 11:57:30.250,6.838963,6.837952776248896,0,0,0,0
2024-03-01 11:57:30.500,6.840244,6.838335027421952,0,0,0,0
2024-03-01 11:57:30.750,6.8364,6.841522988448996,0,0,0,0
2024-03-01 11:57:31.000,6.850494,6.84537943274927,0,0,0,0
2024-03-01 11:57:31.250,6.853057,6.852665957068655,0,0,0,0
2024-03-01 11:57:31.500,6.856901,6.861427928542789,0,0,0,0
2024-03-01 11:57:31.750,6.850494,6.851735936839934,0,0,0,0
2024-03-01 11:57:32.000,6.809492,6.802164972468829,0,0,0,0
2024-03-01 11:57:32.250,6.730049,6.728201320855194,0,0,0,0
2024-03-01 11:57:32.500,6.662139,6.678221128475935,0,0,0,0
2024-03-01 11:57:32.750,6.691609,6.6769921508878465,0,0,0,0
2024-03-01 11:57:33.000,6.696735,6.69916139790833,1,0,0,0
2024-03-01 11:57:33.250,6.706985,6.7102451266898235,0,0,0,0
2024-03-01 11:57:33.500,6.708267,6.706921707581183,0,0,0,0
2024-03-01 11:57:33.750,6.706985,6.705351469750262,0,0,0,0
2024-03-01 11:57:34.000,6.706985,6.710953264348735,0,0,0,0
2024-03-01 11:57:34.250,6.717236,6.714003932990143,0,0,0,0
2024-03-01 11:57:34.500,6.709548,6.707857297643434,0,0,0,0
2024-03-01 11:57:34.750,6.694172,6.698078795554745,0,0,0,0
2024-03-01 11:57:35.000,6.689047,6.689889951390896,0,0,0,0
2024-03-01 11:57:35.250,6.683921,6.68052313545987,0,0,0,0
2024-03-01 11:57:35.500,6.676233,6.673383416668685,0,0,0,0
2024-03-01 11:57:35.750,6.674952,6.679093424817134,0,0,0,0
2024-03-01 11:57:36.000,6.677515,6.687195137549183,0,1,0,0
2024-03-01 11:57:36.250,6.68264,6.669555414406269,0,0,0,0
2024-03-01 11:57:36.500,6.648044,6.631432045226421,0,0,0,0
2024-03-01 11:57:36.750,6.559632,6.598566070993818,0,0,0,0
2024-03-01 11:57:37.000,6.527599,6.519631487103303,0,0,0,1
2024-03-01 11:57:37.250,6.318742,6.2850194733945335,0,0,1,0
2024-03-01 11:57:37.500,5.888711,5.929227927212243,0,0,0,0
2024-03-01 11:57:37.750,5.768885,5.704479247193102,0,0,0,0
2024-03-01 11:57:38.000,5.690723,5.8053475369370044,0,0,0,0
2024-03-01 11:57:38.250,6.180192,6.092184538742661,0,0,0,0
2024-03-01 11:57:38.500,6.276292,6.2596133767880024,0,0,0,0
2024-03-01 11:57:38.750,6.162253,6.222883785647603,0,0,0,0
2024-03-01 11:57:39.000,6.157128,6.1443309152995305,0,0,0,0
2024-03-01 11:57:39.250,6.154565,6.1349793950794655,0,0,0,0
2024-03-01 11:57:39.500,6.148159,6.14766803500462,0,0,0,0
2024-03-01 11:57:39.750,6.126376,6.137437110455142,0,0,0,0
2024-03-01 11:57:40.000,6.126376,6.135128361902344,0,0,0,0
2024-03-01 11:57:40.250,6.175066,6.157190714817806,0,0,0,0
2024-03-01 11:57:40.500,6.16866,6.1714854112359445,0,0,0,0
2024-03-01 11:57:40.750,6.154565,6.162290405368732,0,0,0,0
2024-03-01 11:57:41.000,6.153284,6.151115256800482,0,0,0,0
2024-03-01 11:57:41.250,6.153284,6.150488624605588,0,0,0,0
2024-03-01 11:57:41.500,6.148159,6.148338854800036,0,0,0,0
2024-03-01 11:57:41.750,6.137908,6.138602009878607,0,0,0,0
2024-03-01 11:57:42.000,6.13022,6.132096213056399,0,0,0,0
2024-03-01 11:57:42.250,6.135345,6.134309435865594,1,0,0,0
2024-03-01 11:57:42.500,6.137908,6.135794596768804,0,0,0,0
2024-03-01 11:57:42.750,6.127657,6.129300209935735,0,0,0,0
2024-03-01 11:57:43.000,6.119969,6.120525685324074,0,0,0,0
2024-03-01 11:57:43.250,6.116125,6.116374210001227,0,0,0,0
2024-03-01 11:57:43.500,6.116125,6.114382216730381,0,0,0,0
2024-03-01 11:57:43.750,6.109719,6.10956571034893,0,0,0,0
2024-03-01 11:57:44.000,6.099468,6.102528036281215,0,0,0,0
2024-03-01 11:57:44.250,6.098186,6.095790596077922,0,0,0,0
2024-03-01 11:57:44.500,6.090498,6.089646027156421,0,0,0,0
2024-03-01 11:57:44.750,6.082811,6.084710495422985,0,0,0,0
2024-03-01 11:57:45.000,6.081529,6.0816559461604145,0,0,0,0
2024-03-01 11:57:45.250,6.078967,6.0776903029306055,0,0,0,0
2024-03-01 11:57:45.500,6.069997,6.070353373954593,0,0,0,0
2024-03-01 11:57:45.750,6.064872,6.06367293780337,0,0,0,0
2024-03-01 11:57:46.000,6.058465,6.063000001381412,0,0,0,0
2024-03-01 11:57:46.250,6.071279,6.065871568441688,0,0,0,0
2024-03-01 11:57:46.500,6.063591,6.065958764850951,0,0,0,0
2024-03-01 11:57:46.750,6.063591,6.063032459916941,0,0,0,0
2024-03-01 11:57:47.000,6.058465,6.060568070585528,0,0,0,0
2024-03-01 11:57:47.250,6.059747,6.057568769982579,0,0,0,0
2024-03-01 11:57:47.500,6.05334,6.051836571404489,0,0,0,0
2024-03-01 11:57:47.750,6.043089,6.046542892131331,0,0,0,0
2024-03-01 11:57:48.000,6.044371,6.04462864247929,0,0,0,0
2024-03-01 11:57:48.250,6.046934,6.042364175426207,0,1,0,0
2024-03-01 11:57:48.500,6.032839,6.036300271019996,0,0,0,0
2024-03-01 11:57:48.750,6.028995,6.029908619443897,0,0,0,0
2024-03-01 11:57:49.000,6.030276,6.027068867978676,0,0,0,0
2024-03-01 11:57:49.250,6.022588,6.02567412607651,0,0,0,0
2024-03-01 11:57:49.500,6.025151,6.022002664372676,0,0,0,0
2024-03-01 11:57:49.750,6.012338,6.015935804719692,0,0,0,0
2024-03-01 11:57:50.000,6.012338,6.009354908018484,0,0,0,0
2024-03-01 11:57:50.250,6.002087,6.003219622637477,0,0,0,0
2024-03-01 11:57:50.500,5.996962,5.997684994972201,0,0,0,0
2024-03-01 11:57:50.750,5.994399,5.993181086186003,0,0,0,0
2024-03-01 11:57:51.000,5.990555,5.990508609070884,0,0,0,0
2024-03-01 11:57:51.250,5.987992,5.989556343940693,0,0,0,0
2024-03-01 11:57:51.500,5.989274,5.98818170907098,0,0,0,0
2024-03-01 11:57:51.750,5.98543,5.984540098071323,0,0,0,1
2024-03-01 11:57:52.000,5.979023,5.980200243810542,0,0,0,0
2024-03-01 11:57:52.250,5.97646,5.977394642308889,0,0,0,0
2024-03-01 11:57:52.500,5.97646,5.9743924893793094,0,0,0,0
2024-03-01 11:57:52.750,5.967491,5.968083433833102,0,0,1,0
2024-03-01 11:57:53.000,5.958521,5.958867767582996,0,0,0,0
2024-03-01 11:57:53.250,5.94699,5.9485488011132,0,0,0,0
2024-03-01 11:57:53.500,5.940583,5.937392215358266,0,0,0,0
2024-03-01 11:57:53.750,5.926488,5.927539117793022,0,0,0,0
2024-03-01 11:57:54.000,5.921363,5.923374292727663,0,0,0,0
2024-03-01 11:57:54.250,5.925207,5.924151334235614,0,0,0,0
2024-03-01 11:57:54.500,5.925207,5.923165246843655,0,0,0,0
2024-03-01 11:57:54.750,5.916238,5.9176770308886315,0,0,0,0
2024-03-01 11:57:55.000,5.909831,5.912635799826827,0,0,0,0
2024-03-01 11:57:55.250,5.917519,5.9130851393076025,0,0,0,0
2024-03-01 11:57:55.500,5.9188,5.917898414060234,0,0,0,0
2024-03-01 11:57:55.750,5.911112,5.919457460792704,0,0,0,0
2024-03-01 11:57:56.000,5.917519,5.912433214085562,0,0,0,0
2024-03-01 11:57:56.250,5.922644,5.91268564715483,0,0,0,0
2024-03-01 11:57:56.500,5.939301,5.952363379393077,0,0,0,0
2024-03-01 11:57:56.750,6.02387,6.033434692674028,0,0,0,0
2024-03-01 11:57:57.000,6.140471,6.11216299749125,0,0,0,0
2024-03-01 11:57:57.250,6.146877,6.160469262785841,0,0,0,0
2024-03-01 11:57:57.500,6.191724,6.204976104273704,0,0,0,0
2024-03-01 11:57:57.750,6.290386,6.271857573686522,0,0,0,0
2024-03-01 11:57:58.000,6.328826,6.337694918856995,0,0,0,0
2024-03-01 11:57:58.250,6.373673,6.3686879997408,0,0,0,0
2024-03-01 11:57:58.500,6.365985,6.369964663696726,0,0,0,0
2024-03-01 11:57:58.750,6.365985,6.367493298523435,0,0,0,0
2024-03-01 11:57:59.000,6.373673,6.369859179347017,0,0,0,0
2024-03-01 11:57:59.250,6.374954,6.374506833479317,0,0,0,0
2024-03-01 11:57:59.500,6.392893,6.394536187243084,0,0,0,0
2024-03-01 11:57:59.750,6.449271,6.451537699509739,0,0,0,0
2024-03-01 11:58:00.000,6.547316,6.545124700537048,0,0,0,0
2024-03-01 11:58:00.250,6.652385,6.650020711778113,0,0,0,0
2024-03-01 11:58:00.500,6.739515,6.742584592533569,0,0,0,0
2024-03-01 11:58:00.750,6.813833,6.813840468586757,0,0,0,0
2024-03-01 11:58:01.000,6.859961,6.860134949313386,0,0,0,0
2024-03-01 11:58:01.250,6.885587,6.883340135350924,0,0,0,0
2024-03-01 11:58:01.500,6.904807,6.904561139594934,0,0,0,0
2024-03-01 11:58:01.750,6.953497,6.956492779804188,1,0,0,0
2024-03-01 11:58:02.000,7.049101,7.049987847927699,0,0,0,0
2024-03-01 11:58:02.250,7.166983,7.162655858710688,0,0,0,0
2024-03-01 11:58:02.500,7.270771,7.272569313070592,0,0,0,0
2024-03-01 11:58:02.750,7.389935,7.386388111394898,0,0,0,0
2024-03-01 11:58:03.000,7.502692,7.514544521112779,0,0,0,0
2024-03-01 11:58:03.250,7.645618,7.634552301326299,0,0,0,0
2024-03-01 11:58:03.500,7.709684,7.708177112330054,0,0,0,0
2024-03-01 11:58:03.750,7.718654,7.726829441517196,0,1,0,0
2024-03-01 11:58:04.000,7.71481,7.711573262959635,0,0,0,0
2024-03-01 11:58:04.250,7.67637,7.675996066909656,0,0,0,0
2024-03-01 11:58:04.500,7.619991,7.617919869797938,0,0,0,0
2024-03-01 11:58:04.750,7.540549,7.542724671794633,0,0,0,0
2024-03-01 11:58:05.000,7.466231,7.468213072128857,0,0,0,1
2024-03-01 11:58:05.250,7.408572,7.4051828422665045,0,0,0,0
2024-03-01 11:58:05.500,7.34963,7.349966619336361,0,0,0,0
2024-03-01 11:58:05.750,7.294533,7.296406575925827,0,0,0,0
2024-03-01 11:58:06.000,7.244561,7.244154492259822,0,0,1,0
2024-03-01 11:58:06.250,7.198433,7.196415538262016,0,0,0,0
2024-03-01 11:58:06.500,7.154868,7.156560473773676,0,0,0,0
2024-03-01 11:58:06.750,7.124116,7.124861858598801,0,0,0,0
2024-03-01 11:58:07.000,7.097208,7.096340362602459,0,0,0,0
2024-03-01 11:58:07.250,7.069019,7.066613812702688,0,0,0,0
2024-03-01 11:58:07.500,7.035704,7.0403372803623405,0,0,0,0
2024-03-01 11:58:07.750,7.03186,7.029213995146304,0,0,0,0
2024-03-01 11:58:08.000,7.043392,7.04209950975952,0,0,0,0
2024-03-01 11:58:08.250,7.075426,7.077328167686761,0,0,0,0
2024-03-01 11:58:08.500,7.11771,7.120622474726993,0,0,0,0
2024-03-01 11:58:08.750,7.159994,7.153528030255179,0,0,0,0
2024-03-01 11:58:09.000,7.167681,7.168841311729686,0,0,0,0
2024-03-01 11:58:09.250,7.163837,7.170327737982431,0,0,0,0
2024-03-01 11:58:09.500,7.159994,7.157015487050291,0,0,0,0
2024-03-01 11:58:09.750,7.134367,7.126536028253766,0,0,0,0
2024-03-01 11:58:10.000,7.085676,7.092810739398388,0,0,0,0
2024-03-01 11:58:10.250,7.066456,7.072670535292561,0,0,0,0
2024-03-01 11:58:10.500,7.067738,7.057060000166469,0,0,0,0
2024-03-01 11:58:10.750,7.026735,7.025745840281358,0,0,0,0
2024-03-01 11:58:11.000,6.9742,6.983473788313833,0,0,0,0
2024-03-01 11:58:11.250,6.953699,6.95136647255474,0,0,0,0
2024-03-01 11:58:11.500,6.940886,6.9339637253546185,0,0,0,0
2024-03-01 11:58:11.750,6.915259,6.921438932326704,0,0,0,0
2024-03-01 11:58:12.000,6.911998,6.910944764042825,0,0,0,0
2024-03-01 11:58:12.250,6.90431,6.904618752849831,0,0,0,0
2024-03-01 11:58:12.500,6.900466,6.898647759023741,0,0,0,0
2024-03-01 11:58:12.750,6.888935,6.889384585521295,0,0,0,0
2024-03-01 11:58:13.000,6.879965,6.8816796660942545,0,0,0,0
2024-03-01 11:58:13.250,6.883809,6.882978328213096,0,0,0,0
2024-03-01 11:58:13.500,6.896622,6.896887099145246,0,0,0,0
2024-03-01 11:58:13.750,6.931218,6.925099311420731,0,0,0,0
2024-03-01 11:58:14.000,6.949157,6.964031080627757,0,0,0,0
2024-03-01 11:58:14.250,7.013224,6.998501157856752,0,0,0,0
2024-03-01 11:58:14.500,7.009379,7.01314689259268,0,0,0,0
2024-03-01 11:58:14.750,7.004254,7.009112505071708,0,0,0,0
2024-03-01 11:58:15.000,6.999129,6.995876921300763,0,0,0,0
2024-03-01 11:58:15.250,6.974783,6.974765760025925,0,0,0,0
2024-03-01 11:58:15.500,6.949157,6.94595286536858,0,0,0,0
2024-03-01 11:58:15.750,6.91328,6.920268632844593,0,0,0,0
2024-03-01 11:58:16.000,6.911998,6.908439705403497,0,0,0,0
2024-03-01 11:58:16.250,6.910717,6.9075912786719345,0,0,0,0
2024-03-01 11:58:16.500,6.903029,6.907411983887385,0,0,0,0
2024-03-01 11:58:16.750,6.900466,6.901218112266693,0,0,0,0
2024-03-01 11:58:17.000,6.89406,6.88916842128738,0,0,0,0
2024-03-01 11:58:17.250,6.877402,6.8794713698226815,0,0,0,0
2024-03-01 11:58:17.500,6.879965,6.883420715169877,0,0,0,0
2024-03-01 11:58:17.750,6.905591,6.902464850637556,0,0,0,0
2024-03-01 11:58:18.000,6.928656,6.926334230876521,0,0,0,0
2024-03-01 11:58:18.250,6.941469,6.945690872421258,0,0,0,0
2024-03-01 11:58:18.500,6.956845,6.957343693631914,0,0,0,0
2024-03-01 11:58:18.750,6.964533,6.959086060274034,0,0,0,0
2024-03-01 11:58:19.000,6.945313,6.949438470905912,0,0,0,0
2024-03-01 11:58:19.250,6.928656,6.930062055164722,0,0,0,0
2024-03-01 11:58:19.500,6.908154,6.905129580687976,0,0,0,0
2024-03-01 11:58:19.750,6.886372,6.884479457772632,0,0,0,0
2024-03-01 11:58:20.000,6.878684,6.883988124752619,0,0,0,0
2024-03-01 11:58:20.250,6.91328,6.912327260741491,0,0,0,0
2024-03-01 11:58:20.500,6.967096,6.962995479770755,0,0,0,0
2024-03-01 11:58:20.750,7.026037,7.026960050267732,1,0,0,0
2024-03-01 11:58:21.000,7.095229,7.100630103566239,0,0,0,0
2024-03-01 11:58:21.250,7.178515,7.174206967800632,0,0,0,0
2024-03-01 11:58:21.500,7.23105,7.229044442431043,0,0,0,0
2024-03-01 11:58:21.750,7.251551,7.254781124306535,0,1,0,0
2024-03-01 11:58:22.000,7.254114,7.2550248039601435,0,0,0,0
2024-03-01 11:58:22.250,7.236175,7.234068605134659,0,0,0,0
2024-03-01 11:58:22.500,7.195172,7.194938139317444,0,0,0,0
2024-03-01 11:58:22.750,7.151608,7.15160870608647,0,0,0,1
2024-03-01 11:58:23.000,7.123418,7.123362830266,0,0,0,0
2024-03-01 11:58:23.250,7.102917,7.111022421768941,0,0,1,0
2024-03-01 11:58:23.500,7.113167,7.094804547015762,0,0,0,0
2024-03-01 11:58:23.750,7.043975,7.061035696339721,0,0,0,0
2024-03-01 11:58:24.000,7.022193,7.018611360089968,0,0,0,0
2024-03-01 11:58:24.250,6.999129,6.992067603106015,0,0,0,0
2024-03-01 11:58:24.500,7.008098,7.010424239611985,0,0,0,0
2024-03-01 11:58:24.750,7.078571,7.088374353634152,1,0,0,0
2024-03-01 11:58:25.000,7.214393,7.20367043785921,0,0,0,0
2024-03-01 11:58:25.250,7.309211,7.310374961541513,0,0,0,0
2024-03-01 11:58:25.500,7.380966,7.382652837568198,0,0,0,0
2024-03-01 11:58:25.750,7.421968,7.42646823913882,0,0,0,0
2024-03-01 11:58:26.000,7.457262,7.45096232872014,0,0,0,0
2024-03-01 11:58:26.250,7.4547,7.454429991344913,0,1,0,0
2024-03-01 11:58:26.500,7.431635,7.437102166392367,0,0,0,0
2024-03-01 11:58:26.750,7.408572,7.406011725828503,0,0,0,0
2024-03-01 11:58:27.000,7.371413,7.367149440835099,0,0,0,0
2024-03-01 11:58:27.250,7.316316,7.323542125229339,0,0,0,0
2024-03-01 11:58:27.500,7.28172,7.277835967419252,0,0,0,0
2024-03-01 11:58:27.750,7.234311,7.233147188786653,0,0,0,1
2024-03-01 11:58:28.000,7.192027,7.194286566097468,0,0,0,0
2024-03-01 11:58:28.250,7.165119,7.1648751333768566,0,0,0,0
2024-03-01 11:58:28.500,7.140773,7.141055920148043,0,0,0,0
2024-03-01 11:58:28.750,7.11771,7.1157778181322175,0,0,0,0
2024-03-01 11:58:29.000,7.090802,7.090916580457739,0,0,0,0
2024-03-01 11:58:29.250,7.071581,7.075193844662188,0,0,1,0
2024-03-01 11:58:29.500,7.071581,7.068653018671807,0,0,0,0
2024-03-01 11:58:29.750,7.061331,7.060477156864701,0,0,0,0
2024-03-01 11:58:30.000,7.043392,7.044386014904966,0,0,0,0
2024-03-01 11:58:30.250,7.022891,7.025714440356189,0,0,0,0
2024-03-01 11:58:30.500,7.016484,7.011379602669754,0,0,0,0
2024-03-01 11:58:30.750,6.998546,7.001098220824082,0,0,0,0
2024-03-01 11:58:31.000,6.987014,6.990410978630959,0,0,0,0
2024-03-01 11:58:31.250,6.987014,6.980353255118633,0,0,0,0
2024-03-01 11:58:31.500,6.978045,6.981511975439526,0,0,0,0
2024-03-01 11:58:31.750,7.001108,6.99544341215455,0,0,0,0
2024-03-01 11:58:32.000,6.965231,6.99076479386806,0,0,0,0
2024-03-01 11:58:32.250,6.972919,6.933454977937705,0,0,0,0
2024-03-01 11:58:32.500,6.839661,6.854213986590865,0,0,0,0
2024-03-01 11:58:32.750,6.805648,6.829599402779808,0,0,0,0
2024-03-01 11:58:33.000,6.896622,6.871917513753829,0,0,0,0
2024-03-01 11:58:33.250,6.908154,6.906576471079895,0,0,0,0
2024-03-01 11:58:33.500,6.876121,6.886488349786982,0,0,0,0
2024-03-01 11:58:33.750,6.859464,6.85603782076601,0,0,0,0
2024-03-01 11:58:34.000,6.867152,6.870241324784164,0,0,0,0
2024-03-01 11:58:34.250,6.915843,6.913744787186586,0,0,0,0
2024-03-01 11:58:34.500,6.944032,6.939339549256465,0,0,0,0
2024-03-01 11:58:34.750,6.945313,6.945696412137959,0,0,0,0
2024-03-01 11:58:35.000,6.956845,6.969668078138142,0,0,0,0
2024-03-01 11:58:35.250,7.029881,7.01814640454792,0,0,0,0
2024-03-01 11:58:35.500,7.05807,7.056201420435798,0,0,0,0
2024-03-01 11:58:35.750,7.056789,7.061921461010555,0,0,0,0
2024-03-01 11:58:36.000,7.046538,7.049654054162439,0,0,0,0
2024-03-01 11:58:36.250,7.041413,7.0364974463004675,0,0,0,0
2024-03-01 11:58:36.500,7.026037,7.0240518158212994,0,0,0,0
2024-03-01 11:58:36.750,7.013224,7.01532499336816,0,0,0,0
2024-03-01 11:58:37.000,7.009379,7.018973515292272,0,0,0,0
2024-03-01 11:58:37.250,7.056789,7.038999631815272,0,0,0,0
2024-03-01 11:58:37.500,7.070883,7.0813570273412045,0,0,0,0
2024-03-01 11:58:37.750,7.155451,7.156530815977488,0,0,0,0
2024-03-01 11:58:38.000,7.256677,7.255324766828372,0,0,0,0
2024-03-01 11:58:38.250,7.34637,7.342714164952257,0,0,0,0
2024-03-01 11:58:38.500,7.39506,7.397937870916287,0,0,0,0
2024-03-01 11:58:38.750,7.445032,7.443106578716725,0,0,0,0
2024-03-01 11:58:39.000,7.507234,7.511511155511869,1,0,0,0
2024-03-01 11:58:39.250,7.602053,7.601398770088651,0,0,0,0
2024-03-01 11:58:39.500,7.689183,7.682745182991914,0,0,0,0
2024-03-01 11:58:39.750,7.736592,7.73858199270618,0,1,0,0
2024-03-01 11:58:40.000,7.760938,7.771396337911103,0,0,0,0
2024-03-01 11:58:40.250,7.786564,7.7768179290006705,0,0,0,0
2024-03-01 11:58:40.500,7.75325,7.7469015038064,0,0,0,1
2024-03-01 11:58:40.750,7.681495,7.696031857349468,0,0,1,0
2024-03-01 11:58:41.000,7.654587,7.6510004603579915,0,0,0,0
2024-03-01 11:58:41.250,7.632804,7.624888898306117,0,0,0,0
2024-03-01 11:58:41.500,7.625117,7.628525199025331,0,0,0,0
2024-03-01 11:58:41.750,7.680214,7.686932828240932,0,0,0,0
2024-03-01 11:58:42.000,7.819879,7.812199257740874,0,0,0,0
2024-03-01 11:58:42.250,7.971076,7.973061993039807,1,0,0,0
2024-03-01 11:58:42.500,8.110953,8.115250957652083,0,0,0,0
2024-03-01 11:58:42.750,8.218585,8.209943208099237,0,0,0,0
2024-03-01 11:58:43.000,8.267276,8.272671610813129,0,0,0,0
2024-03-01 11:58:43.250,8.330061,8.333389071382452,0,0,0,0
2024-03-01 11:58:43.500,8.403096,8.39676294581666,0,0,0,0
2024-03-01 11:58:43.750,8.441537,8.445993300988963,0,0,0,0
2024-03-01 11:58:44.000,8.488578,8.4825131882152,0,0,0,0
2024-03-01 11:58:44.250,8.530862,8.53683275571875,0,0,0,0
2024-03-01 11:58:44.500,8.626962,8.627973962388454,0,0,0,0
2024-03-01 11:58:44.750,8.735875,8.732085563839476,0,0,0,0
2024-03-01 11:58:45.000,8.812755,8.810745284379447,0,0,0,0
2024-03-01 11:58:45.250,8.852476,8.855840313108624,0,0,0,0
2024-03-01 11:58:45.500,8.880665,8.882722954341245,0,1,0,0
2024-03-01 11:58:45.750,8.892197,8.891443303081099,0,0,0,0
2024-03-01 11:58:46.000,8.872977,8.865847736791723,0,0,0,0
2024-03-01 11:58:46.250,8.799941,8.806122552901364,0,0,0,0
2024-03-01 11:58:46.500,8.726906,8.731379640931559,0,0,0,0
2024-03-01 11:58:46.750,8.660276,8.651351472203965,0,0,0,1
2024-03-01 11:58:47.000,8.560332,8.562644972561293,0,0,0,0
2024-03-01 11:58:47.250,8.466795,8.470231775813938,0,0,0,0
2024-03-01 11:58:47.500,8.389915,8.388276318565026,0,0,1,0
2024-03-01 11:58:47.750,8.323286,8.321969938612733,0,0,0,0
2024-03-01 11:58:48.000,8.265626,8.265948818013266,0,0,0,0
2024-03-01 11:58:48.250,8.215654,8.217188137255294,0,0,0,0
2024-03-01 11:58:48.500,8.178495,8.177777423428825,0,0,0,0
2024-03-01 11:58:48.750,8.150307,8.14803875896615,0,0,0,0
2024-03-01 11:58:49.000,8.119555,8.124754490682202,0,0,0,0
2024-03-01 11:58:49.250,8.111866,8.107145584106787,0,0,0,0
2024-03-01 11:58:49.500,8.101616,8.100751897944157,0,0,0,0
2024-03-01 11:58:49.750,8.102897,8.107457235618345,0,0,0,0
2024-03-01 11:58:50.000,8.109303,8.11090733578909,0,0,0,0
2024-03-01 11:58:50.250,8.097772,8.089592126903657,0,0,0,0
2024-03-01 11:58:50.500,8.050363,8.051739579283979,0,0,0,0
2024-03-01 11:58:50.750,8.023455,8.02991083945722,0,0,0,0
2024-03-01 11:58:51.000,8.023455,8.026802641693603,0,0,0,0
2024-03-01 11:58:51.250,8.01961,8.002717430521344,0,0,0,0
2024-03-01 11:58:51.500,7.928636,7.9424251826617445,0,0,0,0
2024-03-01 11:58:51.750,7.905572,7.901283894476118,0,0,0,0
2024-03-01 11:58:52.000,7.952068,7.953086911178192,0,0,0,0
2024-03-01 11:58:52.250,8.107109,8.110175686468722,0,0,0,0
2024-03-01 11:58:52.500,8.326217,8.316814153983461,0,0,0,0
2024-03-01 11:58:52.750,8.496634,8.506739771492533,1,0,0,0
2024-03-01 11:58:53.000,8.652588,8.646799649767061,0,0,0,0
2024-03-01 11:58:53.250,8.730749,8.732076369545677,0,0,0,0
2024-03-01 11:58:53.500,8.76022,8.761055332028624,0,1,0,0
2024-03-01 11:58:53.750,8.726906,8.728007532643252,0,0,0,0
2024-03-01 11:58:54.000,8.6449,8.642557996788913,0,0,0,0
2024-03-01 11:58:54.250,8.555207,8.551578929531654,0,0,0,1
2024-03-01 11:58:54.500,8.512923,8.5211045004454,1,0,0,0
2024-03-01 11:58:54.750,8.580833,8.579616069314351,0,0,0,0
2024-03-01 11:58:55.000,8.696154,8.689030265736234,0,0,0,0
2024-03-01 11:58:55.250,8.778158,8.783522208425465,0,0,0,0
2024-03-01 11:58:55.500,8.824286,8.825848286089201,0,1,0,0
2024-03-01 11:58:55.750,8.825568,8.819437752552771,0,0,0,0
2024-03-01 11:58:56.000,8.776877,8.782697878705745,0,0,0,0
2024-03-01 11:58:56.250,8.726906,8.726079968406129,0,0,0,0
2024-03-01 11:58:56.500,8.65515,8.652891928934975,0,0,0,0
2024-03-01 11:58:56.750,8.576989,8.57334730070692,0,0,0,1
2024-03-01 11:58:57.000,8.49114,8.503698204184552,0,0,1,0
2024-03-01 11:58:57.250,8.460388,8.44813951187403,0,0,1,0
2024-03-01 11:58:57.500,8.392478,8.396380367534045,0,0,0,0
2024-03-01 11:58:57.750,8.342506,8.34241375011803,0,0,0,0
2024-03-01 11:58:58.000,8.287409,8.291842527242862,0,0,0,0
2024-03-01 11:58:58.250,8.261783,8.255239277312894,0,0,0,0
2024-03-01 11:58:58.500,8.25025,8.25057786371429,0,0,0,0
2024-03-01 11:58:58.750,8.296378,8.300267593796917,0,0,0,0
2024-03-01 11:58:59.000,8.401447,8.403450913861661,1,0,0,0
2024-03-01 11:58:59.250,8.528299,8.521309946604687,0,0,0,0
2024-03-01 11:58:59.500,8.607741,8.609524321538922,0,0,0,0
2024-03-01 11:58:59.750,8.651307,8.654876914405287,0,0,0,0
2024-03-01 11:59:00.000,8.666683,8.66661331535071,0,1,0,0
2024-03-01 11:59:00.250,8.65515,8.650535730697065,0,0,0,0
2024-03-01 11:59:00.500,8.607741,8.609751710614566,0,0,0,0
2024-03-01 11:59:00.750,8.552645,8.555835933383701,0,0,0,0
2024-03-01 11:59:01.000,8.505235,8.502454111290751,0,0,0,1
2024-03-01 11:59:01.250,8.457826,8.455645666508854,0,0,0,0
2024-03-01 11:59:01.500,8.411698,8.4162664894804,0,0,0,0
2024-03-01 11:59:01.750,8.38479,8.382668126969714,0,0,1,0
2024-03-01 11:59:02.000,8.350194,8.349846791637571,0,0,0,0
2024-03-01 11:59:02.250,8.315598,8.315391923787377,0,0,0,0
2024-03-01 11:59:02.500,8.284846,8.285118243764337,0,0,0,0
2024-03-01 11:59:02.750,8.263063,8.265082650441727,0,0,0,0
2024-03-01 11:59:03.000,8.254094,8.25198844322648,0,0,0,0
2024-03-01 11:59:03.250,8.241281,8.239611400854281,0,0,0,0
2024-03-01 11:59:03.500,8.225904,8.229304870822501,0,0,0,0
2024-03-01 11:59:03.750,8.224624,8.224383252142859,0,0,0,0
2024-03-01 11:59:04.000,8.222061,8.219552474077334,0,0,0,0
2024-03-01 11:59:04.250,8.205403,8.207290244044433,0,0,0,0
2024-03-01 11:59:04.500,8.192591,8.191127614153674,0,0,0,0
2024-03-01 11:59:04.750,8.179777,8.181439642393958,0,0,0,0
2024-03-01 11:59:05.000,8.178495,8.179576292027022,0,0,0,0
2024-03-01 11:59:05.250,8.181058,8.176770969004362,0,0,0,0
2024-03-01 11:59:05.500,8.166964,8.168827687498194,0,0,0,0
2024-03-01 11:59:05.750,8.156713,8.160953314913684,0,0,0,0
2024-03-01 11:59:06.000,8.163119,8.156887637778715,0,0,0,0
2024-03-01 11:59:06.250,8.151587,8.153816121036078,0,0,0,0
2024-03-01 11:59:06.500,8.146462,8.148850726411998,0,0,0,0
2024-03-01 11:59:06.750,8.145181,8.142005792515572,0,0,0,0
2024-03-01 11:59:07.000,8.132368,8.133209973977417,0,0,0,0
2024-03-01 11:59:07.250,8.120835,8.121849050450772,0,0,0,0
2024-03-01 11:59:07.500,8.109303,8.109705834490113,0,0,0,0
2024-03-01 11:59:07.750,8.108023,8.10455540736425,0,0,0,0
2024-03-01 11:59:08.000,8.11571,8.118722978542856,1,0,0,0
2024-03-01 11:59:08.250,8.155432,8.156103250774745,0,0,0,0
2024-03-01 11:59:08.500,8.20156,8.200802188712418,0,0,0,0
2024-03-01 11:59:08.750,8.232311,8.229816257672276,0,0,0,0
2024-03-01 11:59:09.000,8.236156,8.237474878351692,0,0,0,0
2024-03-01 11:59:09.250,8.232311,8.23528177429412,0,0,0,0
2024-03-01 11:59:09.500,8.23103,8.229631462593018,0,1,0,0
2024-03-01 11:59:09.750,8.220779,8.216221853648053,0,0,0,0
2024-03-01 11:59:10.000,8.191309,8.195382800286222,0,0,0,0
2024-03-01 11:59:10.250,8.170808,8.175054431667602,0,0,0,0
2024-03-01 11:59:10.500,8.168245,8.15943892791454,0,0,0,0
2024-03-01 11:59:10.750,8.146462,8.14865372003571,0,0,0,0
2024-03-01 11:59:11.000,8.136211,8.143134667401009,0,0,0,0
2024-03-01 11:59:11.250,8.1439,8.138627445828233,0,0,0,0
2024-03-01 11:59:11.500,8.134931,8.130265988146594,0,0,0,0
2024-03-01 11:59:11.750,8.118273,8.126261173968597,0,0,0,0
2024-03-01 11:59:12.000,8.140056,8.137444331931349,0,0,0,0
2024-03-01 11:59:12.250,8.151587,8.152574828235215,0,0,0,0
2024-03-01 11:59:12.500,8.152869,8.149649920517827,0,0,0,0
2024-03-01 11:59:12.750,8.134931,8.132425928385798,0,0,0,0
2024-03-01 11:59:13.000,8.11571,8.126641154800684,0,0,0,0
2024-03-01 11:59:13.250,8.142618,8.136019711783515,0,0,0,0
2024-03-01 11:59:13.500,8.137493,8.13326494710856,0,0,0,0
2024-03-01 11:59:13.750,8.099053,8.103802718500992,0,0,0,0
2024-03-01 11:59:14.000,8.067019,8.068446038481905,0,0,0,1
2024-03-01 11:59:14.250,8.051644,8.049900734088437,0,0,0,0
2024-03-01 11:59:14.500,8.043956,8.041323869970372,0,0,0,0
2024-03-01 11:59:14.750,8.015767,8.022483292130014,0,0,1,0
2024-03-01 11:59:15.000,8.002954,7.991988273255698,0,0,0,0
2024-03-01 11:59:15.250,7.956825,7.968750104357575,0,0,0,0
2024-03-01 11:59:15.500,7.97092,7.965211926312389,0,0,0,0
2024-03-01 11:59:15.750,7.973483,7.9720583559095735,0,0,0,0
2024-03-01 11:59:16.000,7.97092,7.973080037701903,0,0,0,0
2024-03-01 11:59:16.250,7.963232,7.964214815772709,0,0,0,0
2024-03-01 11:59:16.500,7.954263,7.95209408134949,0,0,0,0
2024-03-01 11:59:16.750,7.942731,7.942754030551763,0,0,0,0
2024-03-01 11:59:17.000,7.933762,7.937204873078313,0,0,0,0
2024-03-01 11:59:17.250,7.938887,7.933289970635288,0,0,0,0
2024-03-01 11:59:17.500,7.923511,7.928637377377066,0,0,0,0
2024-03-01 11:59:17.750,7.92516,7.922021986042898,0,0,0,0
2024-03-01 11:59:18.000,7.911066,7.912469002472426,0,0,0,0
2024-03-01 11:59:18.250,7.899533,7.899620275106456,0,0,0,0
2024-03-01 11:59:18.500,7.888001,7.886401986835113,0,0,0,0
2024-03-01 11:59:18.750,7.87647,7.877508565676351,0,0,0,0
2024-03-01 11:59:19.000,7.870063,7.872085255910813,0,0,0,0
2024-03-01 11:59:19.250,7.866219,7.863635323773731,0,0,0,0
2024-03-01 11:59:19.500,7.855968,7.854884809434218,0,0,0,0
2024-03-01 11:59:19.750,7.864937,7.867176147967216,0,0,0,0
2024-03-01 11:59:20.000,7.921316,7.922666788229307,0,0,0,0
2024-03-01 11:59:20.250,8.02126,8.018630578712425,0,0,0,0
2024-03-01 11:59:20.500,8.128892,8.128524616846162,0,0,0,0
2024-03-01 11:59:20.750,8.222429,8.223438307006068,0,0,0,0
2024-03-01 11:59:21.000,8.28137,8.28370013218691,0,0,0,0
2024-03-01 11:59:21.250,8.304434,8.302745927104265,0,0,0,0
2024-03-01 11:59:21.500,8.305716,8.3005602396803,0,0,0,0
2024-03-01 11:59:21.750,8.318529,8.325528198740505,0,0,0,0
2024-03-01 11:59:22.000,8.417192,8.416983975946026,1,0,0,0
2024-03-01 11:59:22.250,8.566739,8.563437863084866,0,0,0,0
2024-03-01 11:59:22.500,8.714092,8.714159577810493,0,0,0,0
2024-03-01 11:59:22.750,8.828131,8.829930655862839,0,0,0,0
2024-03-01 11:59:23.000,8.908854,8.907174661848915,0,0,0,0
2024-03-01 11:59:23.250,8.952419,8.95551922806142,0,0,0,0
2024-03-01 11:59:23.500,8.974497,8.969949955326816,0,1,0,0
2024-03-01 11:59:23.750,8.92965,8.93465783876472,0,0,0,0
2024-03-01 11:59:24.000,8.856614,8.853717766785158,0,0,0,0
2024-03-01 11:59:24.250,8.777172,8.773944823044104,0,0,0,1
2024-03-01 11:59:24.500,8.759233,8.76410904755833,0,0,0,0
2024-03-01 11:59:24.750,8.85277,8.854957699651983,0,0,0,0
2024-03-01 11:59:25.000,9.007812,9.002744582405851,0,0,0,0
2024-03-01 11:59:25.250,9.128257,9.127298083183451,0,0,0,0
2024-03-01 11:59:25.500,9.178228,9.182956438241588,0,1,0,0
2024-03-01 11:59:25.750,9.183353,9.179587311224692,0,0,0,0
2024-03-01 11:59:26.000,9.141069,9.143899362407435,0,0,0,0
2024-03-01 11:59:26.250,9.08341,9.083265049567274,0,0,0,0
2024-03-01 11:59:26.500,8.99628,8.99278032075834,0,0,0,0
2024-03-01 11:59:26.750,8.879678,8.881763797599199,0,0,0,1
2024-03-01 11:59:27.000,8.773328,8.775871797075588,0,0,0,0
2024-03-01 11:59:27.250,8.696448,8.692449900038275,0,0,0,0
2024-03-01 11:59:27.500,8.623412,8.6266746431498,0,0,1,0
2024-03-01 11:59:27.750,8.569596,8.567092767875813,0,0,0,0
2024-03-01 11:59:28.000,8.51578,8.51448035287332,0,0,0,0
2024-03-01 11:59:28.250,8.469652,8.4762651144529,0,0,0,0
2024-03-01 11:59:28.500,8.455558,8.449537460186182,0,0,0,0
2024-03-01 11:59:28.750,8.423524,8.423503045340748,0,0,0,0
2024-03-01 11:59:29.000,8.39376,8.39682060838432,0,0,0,0
2024-03-01 11:59:29.250,8.379664,8.378017318194747,0,0,0,0
2024-03-01 11:59:29.500,8.366852,8.36846622860326,0,0,0,0
2024-03-01 11:59:29.750,8.361726,8.358642944137628,0,0,0,0
2024-03-01 11:59:30.000,8.341225,8.342592274119696,0,0,0,0
2024-03-01 11:59:30.250,8.322004,8.324270906520189,0,0,0,0
2024-03-01 11:59:30.500,8.310472,8.307922827473048,0,0,0,0
2024-03-01 11:59:30.750,8.292534,8.29229557300694,0,0,0,0
2024-03-01 11:59:31.000,8.274595,8.275647133100193,0,0,0,0
2024-03-01 11:59:31.250,8.256657,8.2579852453439,0,0,0,0
2024-03-01 11:59:31.500,8.241281,8.238894946126344,0,0,0,0
2024-03-01 11:59:31.750,8.220779,8.220591193181864,0,0,0,0
2024-03-01 11:59:32.000,8.207966,8.209653248083708,0,0,0,0
2024-03-01 11:59:32.250,8.206685,8.207933966120265,0,0,0,0
2024-03-01 11:59:32.500,8.210529,8.207293770533562,0,0,0,0
2024-03-01 11:59:32.750,8.20156,8.201094983265788,0,0,0,0
2024-03-01 11:59:33.000,8.188746,8.193021934562742,0,0,0,0
2024-03-01 11:59:33.250,8.188746,8.186814685703093,0,0,0,0
2024-03-01 11:59:33.500,8.179777,8.17760800242355,0,0,0,0
2024-03-01 11:59:33.750,8.160557,8.161771727158802,0,0,0,0
2024-03-01 11:59:34.000,8.142618,8.144783689724974,0,0,0,0
2024-03-01 11:59:34.250,8.133649,8.131917142774643,0,0,0,0
2024-03-01 11:59:34.500,8.122117,8.120522579761642,0,0,0,0
2024-03-01 11:59:34.750,8.104178,8.106798918241319,0,0,0,0
2024-03-01 11:59:35.000,8.092647,8.092769983503468,0,0,0,0
2024-03-01 11:59:35.250,8.087522,8.083422248868263,0,0,0,0
2024-03-01 11:59:35.500,8.074708,8.080828063864981,0,0,0,0
2024-03-01 11:59:35.750,8.08624,8.08151952994722,0,0,0,0
2024-03-01 11:59:36.000,8.077271,8.078794943486677,0,0,0,0
2024-03-01 11:59:36.250,8.068301,8.069197887167654,0,0,0,0
2024-03-01 11:59:36.500,8.05805,8.056662493965531,0,0,0,0
2024-03-01 11:59:36.750,8.049081,8.04822167644736,0,0,0,0
2024-03-01 11:59:37.000,8.040112,8.04488485317453,0,0,0,0
2024-03-01 11:59:37.250,8.045238,8.03964887034746,0,0,0,0
2024-03-01 11:59:37.500,8.026017,8.0278455520338,0,0,0,0
2024-03-01 11:59:37.750,8.014485,8.014685408314252,0,0,0,0
2024-03-01 11:59:38.000,8.002954,8.00608654631472,0,0,0,0
2024-03-01 11:59:38.250,8.004234,7.999132315184951,0,0,0,0
2024-03-01 11:59:38.500,7.99014,7.990067677969319,0,0,0,0
2024-03-01 11:59:38.750,7.976045,7.982268546647403,0,0,0,0
2024-03-01 11:59:39.000,7.982452,7.977620464707657,0,0,0,0
2024-03-01 11:59:39.250,7.972201,7.971215827779552,0,0,0,0
2024-03-01 11:59:39.500,7.959388,7.961463181487253,0,0,0,0
2024-03-01 11:59:39.750,7.9517,7.953469823361402,0,0,0,0
2024-03-01 11:59:40.000,7.9517,7.94877985936515,0,0,0,0
2024-03-01 11:59:40.250,7.944012,7.943553379999636,0,0,0,0
2024-03-01 11:59:40.500,7.935043,7.937056043884137,0,0,0,0
2024-03-01 11:59:40.750,7.929917,7.931213000236977,0,0,0,0
2024-03-01 11:59:41.000,7.928636,7.924737069332609,0,0,0,0
2024-03-01 11:59:41.250,7.915823,7.916898511491053,0,0,0,0
2024-03-01 11:59:41.500,7.908503,7.911398243085765,0,0,0,0
2024-03-01 11:59:41.750,7.911066,7.908959198310771,0,0,0,0
2024-03-01 11:59:42.000,7.904659,7.904020752194803,0,0,0,0
2024-03-01 11:59:42.250,7.895689,7.894846756289627,0,0,0,0
2024-03-01 11:59:42.500,7.882876,7.8878584373446206,0,0,0,0
2024-03-01 11:59:42.750,7.893127,7.887359620149827,0,0,0,0
2024-03-01 11:59:43.000,7.88672,7.889612224980218,0,0,0,0
2024-03-01 11:59:43.250,7.890564,7.889784131338066,0,0,0,0
2024-03-01 11:59:43.500,7.88672,7.88773328189005,0,0,0,0
2024-03-01 11:59:43.750,7.888001,7.8869270376258225,0,0,0,0
2024-03-01 11:59:44.000,7.894408,7.89374086061896,0,0,0,0
2024-03-01 11:59:44.250,7.913628,7.915884132327421,1,0,0,0
2024-03-01 11:59:44.500,7.957193,7.954791933574648,0,0,0,0
2024-03-01 11:59:44.750,7.996915,8.000016363408836,0,0,0,0
2024-03-01 11:59:45.000,8.04048,8.036011498680903,0,0,0,0
2024-03-01 11:59:45.250,8.050731,8.05399087677198,0,0,0,0
2024-03-01 11:59:45.500,8.053293,8.054090807488407,0,1,0,0
2024-03-01 11:59:45.750,8.043042,8.03964776897239,0,0,0,0
2024-03-01 11:59:46.000,8.013572,8.01509948195229,0,0,0,0
2024-03-01 11:59:46.250,7.984101,7.986710286959568,0,0,0,0
2024-03-01 11:59:46.500,7.964881,7.960472084507423,0,0,0,1
2024-03-01 11:59:46.750,7.937973,7.9402332240404565,0,0,0,0
2024-03-01 11:59:47.000,7.926441,7.927000288775319,0,0,0,0
2024-03-01 11:59:47.250,7.917472,7.9170877316984765,0,0,0,0
2024-03-01 11:59:47.500,7.90594,7.904831196618739,0,0,0,0
2024-03-01 11:59:47.750,7.890564,7.890626025770326,0,0,1,0
2024-03-01 11:59:48.000,7.879032,7.880739432242708,0,0,0,0
2024-03-01 11:59:48.250,7.87647,7.876732999445069,0,0,0,0
2024-03-01 11:59:48.500,7.87647,7.872609463676009,0,0,0,0
2024-03-01 11:59:48.750,7.861094,7.864286000017241,0,0,0,0
2024-03-01 11:59:49.000,7.852124,7.853259465982144,0,0,0,0
2024-03-01 11:59:49.250,7.843155,7.840353085094724,0,0,0,0
2024-03-01 11:59:49.500,7.825216,7.825417195764696,0,0,0,0
2024-03-01 11:59:49.750,7.811121,7.812450105908499,0,0,0,0
2024-03-01 11:59:50.000,7.804715,7.805504984667303,0,0,0,0
2024-03-01 11:59:50.250,7.803433,7.80158657800346,0,0,0,0
2024-03-01 11:59:50.500,7.797027,7.795672714610628,0,0,0,0
2024-03-01 11:59:50.750,7.784214,7.788689019638609,0,0,0,0
2024-03-01 11:59:51.000,7.786777,7.783739616797471,0,0,0,0
2024-03-01 11:59:51.250,7.78037,7.780046439343912,0,0,0,0
2024-03-01 11:59:51.500,7.775244,7.775786940477607,0,0,0,0
2024-03-01 11:59:51.750,7.768838,7.77065353366238,0,0,0,0
2024-03-01 11:59:52.000,7.764994,7.763130997039023,0,0,0,0
2024-03-01 11:59:52.250,7.753462,7.752368675494846,0,0,0,0
2024-03-01 11:59:52.500,7.740648,7.742563764534912,0,0,0,0
2024-03-01 11:59:52.750,7.736804,7.737791408509438,0,0,0,0
2024-03-01 11:59:53.000,7.736804,7.735435350120289,0,0,0,0
2024-03-01 11:59:53.250,7.736804,7.732600895205803,0,0,0,0
2024-03-01 11:59:53.500,7.723991,7.7323773216177045,0,0,0,0
2024-03-01 11:59:53.750,7.739367,7.735362391058601,0,0,0,0
2024-03-01 11:59:54.000,7.738086,7.7350100822673875,0,0,0,0
2024-03-01 11:59:54.250,7.726554,7.729000272193733,0,0,0,0
2024-03-01 11:59:54.500,7.718866,7.722673615370684,0,0,0,0
2024-03-01 11:59:54.750,7.721428,7.716817530201337,0,0,0,0
2024-03-01 11:59:55.000,7.708615,7.706866155487571,0,0,0,0
2024-03-01 11:59:55.250,7.689395,7.695041755954511,0,0,0,0
2024-03-01 11:59:55.500,7.690677,7.687936945295489,0,0,0,0
2024-03-01 11:59:55.750,7.68427,7.683838206697012,0,0,0,0
2024-03-01 11:59:56.000,7.676582,7.676064334949714,0,0,0,0
2024-03-01 11:59:56.250,7.663769,7.6654426778366425,0,0,0,0
2024-03-01 11:59:56.500,7.658643,7.658301981701002,0,0,0,0
2024-03-01 11:59:56.750,7.656081,7.65572835485538,0,0,0,0
2024-03-01 11:59:57.000,7.654799,7.653493442130567,0,0,0,0
2024-03-01 11:59:57.250,7.647111,7.649393072013367,0,0,0,0
2024-03-01 11:59:57.500,7.644548,7.644082077386311,0,0,0,0
2024-03-01 11:59:57.750,7.639423,7.637673457626095,0,0,0,0
2024-03-01 11:59:58.000,7.629173,7.630301561465758,0,0,0,0
2024-03-01 11:59:58.250,7.621485,7.623339531746323,0,0,0,0
2024-03-01 11:59:58.500,7.621485,7.617760500560129,0,0,0,0
2024-03-01 11:59:58.750,7.611234,7.613747206046563,0,0,0,0
2024-03-01 11:59:59.000,7.611234,7.611142572766042,0,0,0,0
2024-03-01 11:59:59.250,7.608671,7.607677122909516,0,0,0,0
2024-03-01 11:59:59.500,7.598421,7.599912624914205,0,0,0,0
2024-03-01 11:59:59.750,7.592014,7.589156288750967,0,0,0,0
2024-03-01 12:00:00.000,7.579201,7.5822678316298875,0,0,0,0
2024-03-01 12:00:00.250,7.583045,7.582270010256645,0,0,0,0
2024-03-01 12:00:00.500,7.583045,7.58225043235943,0,0,0,0
2024-03-01 12:00:00.750,7.574075,7.574493352733163,0,0,0,0
2024-03-01 12:00:01.000,7.563825,7.562268109479928,0,0,0,0
2024-03-01 12:00:01.250,7.551012,7.55476669756956,0,0,0,0
2024-03-01 12:00:01.500,7.554855,7.552591758850824,0,0,0,0
2024-03-01 12:00:01.750,7.54973,7.548160200793687,0,0,0,0
2024-03-01 12:00:02.000,7.538198,7.540093650887913,0,0,0,0
2024-03-01 12:00:02.250,7.535635,7.535803661122216,0,0,0,0
2024-03-01 12:00:02.500,7.536917,7.5380411577831845,0,0,0,0
2024-03-01 12:00:02.750,7.544605,7.539722548338944,0,0,0,0
2024-03-01 12:00:03.000,7.529229,7.53440766261384,0,0,0,0
2024-03-01 12:00:03.250,7.524104,7.52328904816154,0,0,0,0
2024-03-01 12:00:03.500,7.515134,7.5116139182770425,0,0,0,0
2024-03-01 12:00:03.750,7.50104,7.504987555534872,0,0,0,0
2024-03-01 12:00:04.000,7.508728,7.506771836456702,0,0,0,0
2024-03-01 12:00:04.250,7.512571,7.513597059103026,0,0,0,0
2024-03-01 12:00:04.500,7.517697,7.517089588848521,0,0,0,0
2024-03-01 12:00:04.750,7.515134,7.513897060811999,0,0,0,0
2024-03-01 12:00:05.000,7.507446,7.509377085901085,0,0,0,0
2024-03-01 12:00:05.250,7.507446,7.508563556914076,0,0,0,0
2024-03-01 12:00:05.500,7.513853,7.509953536308283,0,0,0,0
2024-03-01 12:00:05.750,7.510009,7.51150143914619,0,0,0,0
2024-03-01 12:00:06.000,7.51129,7.514503646076677,0,0,0,0
2024-03-01 12:00:06.250,7.521541,7.517783958082199,0,0,0,0
2024-03-01 12:00:06.500,7.516416,7.517157874194229,0,0,0,0
2024-03-01 12:00:06.750,7.513853,7.51335027905893,0,0,0,0
2024-03-01 12:00:07.000,7.507446,7.511206194661048,0,0,0,0
2024-03-01 12:00:07.250,7.515134,7.510968267588591,0,0,0,0
2024-03-01 12:00:07.500,7.510009,7.509518729439243,0,0,0,0
2024-03-01 12:00:07.750,7.503602,7.507359207946428,0,0,0,0
2024-03-01 12:00:08.000,7.506165,7.505613325912655,0,0,0,0
2024-03-01 12:00:08.250,7.506165,7.501548674566192,0,0,0,0
2024-03-01 12:00:08.500,7.489508,7.494095488994903,0,0,0,0
2024-03-01 12:00:08.750,7.486945,7.486373784356998,0,0,0,0
2024-03-01 12:00:09.000,7.479257,7.47881937529694,0,0,0,0
2024-03-01 12:00:09.250,7.471569,7.468793228281883,0,0,0,0
2024-03-01 12:00:09.500,7.45363,7.457952907048814,0,0,0,0
2024-03-01 12:00:09.750,7.452349,7.4508291073174835,0,0,0,0
2024-03-01 12:00:10.000,7.448505,7.447385314077297,0,0,0,0
2024-03-01 12:00:10.250,7.444661,7.4445763788163895,0,0,0,0
2024-03-01 12:00:10.500,7.439536,7.441837715109277,0,0,0,0
2024-03-01 12:00:10.750,7.440817,7.439507704667419,0,0,0,0
2024-03-01 12:00:11.000,7.438254,7.43664971886558,0,0,0,0
2024-03-01 12:00:11.250,7.431848,7.433281018993496,0,0,0,0
2024-03-01 12:00:11.500,7.426723,7.42916061290113,0,0,0,0
2024-03-01 12:00:11.750,7.425441,7.421272427286223,0,0,0,0
2024-03-01 12:00:12.000,7.408783,7.409369181040581,0,0,0,0
2024-03-01 12:00:12.250,7.39704,7.3996830969368,0,0,0,0
2024-03-01 12:00:12.500,7.395758,7.395380184439017,0,0,0,0
2024-03-01 12:00:12.750,7.393196,7.390516639248556,0,0,0,0
2024-03-01 12:00:13.000,7.380383,7.381466782769538,0,0,0,0
2024-03-01 12:00:13.250,7.373976,7.374610332456493,0,0,0,0
2024-03-01 12:00:13.500,7.371413,7.374017489684256,0,0,0,0
2024-03-01 12:00:13.750,7.37782,7.372793302302546,0,0,0,0
2024-03-01 12:00:14.000,7.365006,7.365770649640058,0,0,0,0
2024-03-01 12:00:14.250,7.354756,7.357541267677685,0,0,0,0
2024-03-01 12:00:14.500,7.347068,7.3491574301942855,0,0,0,0
2024-03-01 12:00:14.750,7.340661,7.336119895816092,0,0,0,0
2024-03-01 12:00:15.000,7.335536,7.328269485827167,0,0,0,0
2024-03-01 12:00:15.250,7.324004,7.337983382783604,0,0,0,0
2024-03-01 12:00:15.500,7.325285,7.334127603633387,0,0,0,0
2024-03-01 12:00:15.750,7.297096,7.26143277765485,0,0,0,0
2024-03-01 12:00:16.000,7.110022,7.135628395283392,0,0,0,0
2024-03-01 12:00:16.250,7.054924,7.057073080283574,0,0,0,0
2024-03-01 12:00:16.500,7.095927,7.090194144372879,0,0,0,0
2024-03-01 12:00:16.750,7.190745,7.185507702463312,0,0,0,0
2024-03-01 12:00:17.000,7.250968,7.253279900159782,0,0,0,0
2024-03-01 12:00:17.250,7.254812,7.265673554057594,0,0,0,0
2024-03-01 12:00:17.500,7.280438,7.263380517856091,0,0,0,0
2024-03-01 12:00:17.750,7.288126,7.2960122883605685,1,0,0,0
2024-03-01 12:00:18.000,7.3586,7.369785051120574,0,0,0,0
2024-03-01 12:00:18.250,7.462388,7.441964392616129,0,0,0,0
2024-03-01 12:00:18.500,7.457262,7.46802346985069,0,1,0,0
2024-03-01 12:00:18.750,7.447011,7.449841605432587,0,0,0,0
2024-03-01 12:00:19.000,7.432917,7.424881365610101,0,0,0,0
2024-03-01 12:00:19.250,7.411134,7.418936936604951,0,0,0,0
2024-03-01 12:00:19.500,7.431635,7.42597342413663,0,0,0,0
2024-03-01 12:00:19.750,7.423948,7.426520113168016,0,0,0,0
2024-03-01 12:00:20.000,7.412416,7.412171324527272,0,0,0,0
2024-03-01 12:00:20.250,7.393196,7.391397924220288,0,0,0,0
2024-03-01 12:00:20.500,7.372694,7.376350516738679,0,0,0,0
2024-03-01 12:00:20.750,7.371413,7.368258369699521,0,0,0,0
2024-03-01 12:00:21.000,7.357318,7.358559072972144,0,0,0,1
2024-03-01 12:00:21.250,7.343224,7.342395847683761,0,0,0,0
2024-03-01 12:00:21.500,7.324004,7.325164774172115,0,0,0,0
2024-03-01 12:00:21.750,7.315034,7.314010394552104,0,0,0,0
2024-03-01 12:00:22.000,7.306065,7.308163921920299,0,0,0,0
2024-03-01 12:00:22.250,7.306065,7.302147838870877,0,0,0,0
2024-03-01 12:00:22.500,7.291971,7.294841934224755,0,0,0,0
2024-03-01 12:00:22.750,7.288126,7.288884288123219,0,0,0,0
2024-03-01 12:00:23.000,7.285564,7.283316557494424,0,0,0,0
2024-03-01 12:00:23.250,7.274032,7.274627316445634,0,0,0,0
2024-03-01 12:00:23.500,7.263781,7.263741906482659,0,0,0,0
2024-03-01 12:00:23.750,7.252249,7.254158587960137,0,0,1,0
2024-03-01 12:00:24.000,7.247124,7.244872013662412,0,0,0,0
2024-03-01 12:00:24.250,7.233029,7.2326964796007145,0,0,0,0
2024-03-01 12:00:24.500,7.217653,7.219211619597658,0,0,0,0
2024-03-01 12:00:24.750,7.207403,7.208489765369358,0,0,0,0
2024-03-01 12:00:25.000,7.20484,7.201085755887851,0,0,0,0
2024-03-01 12:00:25.250,7.193308,7.195518218278481,0,0,0,0
2024-03-01 12:00:25.500,7.189464,7.190924674273844,0,0,0,0
2024-03-01 12:00:25.750,7.186902,7.185100795567209,0,0,0,0
2024-03-01 12:00:26.000,7.177932,7.176506845785819,0,0,0,0
2024-03-01 12:00:26.250,7.1664,7.169109034681602,0,0,0,0
2024-03-01 12:00:26.500,7.167681,7.167275334370364,0,0,0,0
2024-03-01 12:00:26.750,7.167681,7.16708746204362,0,0,0,0
2024-03-01 12:00:27.000,7.162556,7.161594797067014,0,0,0,0
2024-03-01 12:00:27.250,7.152306,7.151791140906147,0,0,0,0
2024-03-01 12:00:27.500,7.13693,7.142919919921299,0,0,0,0
2024-03-01 12:00:27.750,7.142055,7.134853444922325,0,0,0,0
2024-03-01 12:00:28.000,7.126679,7.126165739356519,0,0,0,0
2024-03-01 12:00:28.250,7.111303,7.12007920684148,0,0,0,0
2024-03-01 12:00:28.500,7.124116,7.116817751279723,0,0,0,0
2024-03-01 12:00:28.750,7.111303,7.110484656459905,0,0,0,0
2024-03-01 12:00:29.000,7.095927,7.100259154347951,0,0,0,0
2024-03-01 12:00:29.250,7.093364,7.092337541487641,0,0,0,0
2024-03-01 12:00:29.500,7.08952,7.0883534667728325,0,0,0,0
2024-03-01 12:00:29.750,7.085676,7.084360149668809,0,0,0,0
2024-03-01 12:00:30.000,7.076707,7.079533350815286,0,0,0,0
2024-03-01 12:00:30.250,7.074144,7.074615817419541,0,0,0,0
2024-03-01 12:00:30.500,7.0703,7.066441430051337,0,0,0,0
2024-03-01 12:00:30.750,7.05108,7.053838317322254,0,0,0,0
2024-03-01 12:00:31.000,7.043392,7.042769677505275,0,0,0,0
2024-03-01 12:00:31.250,7.035704,7.037000163394702,0,0,0,0
2024-03-01 12:00:31.500,7.03186,7.030629636657874,0,0,0,0
2024-03-01 12:00:31.750,7.020329,7.018028674974565,0,0,0,0
2024-03-01 12:00:32.000,6.999827,7.003670355957448,0,0,0,0
2024-03-01 12:00:32.250,6.993421,6.9938094606402945,0,0,0,0
2024-03-01 12:00:32.500,6.990858,6.986836066941073,0,0,0,0
2024-03-01 12:00:32.750,6.979326,6.980188961478158,0,0,0,0
2024-03-01 12:00:33.000,6.972919,6.976538204702775,0,0,0,0
2024-03-01 12:00:33.250,6.976763,6.975678271108362,0,0,0,0
2024-03-01 12:00:33.500,6.978045,6.9737164789806965,0,0,0,0
2024-03-01 12:00:33.750,6.9742,6.976582032591925,0,0,0,0
2024-03-01 12:00:34.000,6.993421,6.997591029038579,0,0,0,0
2024-03-01 12:00:34.250,7.039548,7.035785227811885,0,0,0,0
2024-03-01 12:00:34.500,7.076707,7.073969359652105,0,0,0,0
2024-03-01 12:00:34.750,7.097208,7.101263787320056,0,0,0,0
2024-03-01 12:00:35.000,7.118991,7.1199322808780945,0,0,0,0
2024-03-01 12:00:35.250,7.133085,7.1302168245241875,0,0,0,0
2024-03-01 12:00:35.500,7.12796,7.127599167705018,0,0,0,0
2024-03-01 12:00:35.750,7.113865,7.1151378895941395,0,0,0,0
2024-03-01 12:00:36.000,7.099771,7.101705543495313,0,0,0,0
2024-03-01 12:00:36.250,7.090802,7.0885021018974825,0,0,0,0
2024-03-01 12:00:36.500,7.072863,7.070922818541067,0,0,0,0
2024-03-01 12:00:36.750,7.047236,7.050753001283379,0,0,0,0
2024-03-01 12:00:37.000,7.033142,7.033597559559581,0,0,0,0
2024-03-01 12:00:37.250,7.02161,7.018682598081435,0,0,0,0
2024-03-01 12:00:37.500,7.003671,7.003083148883189,0,0,0,0
2024-03-01 12:00:37.750,6.985733,6.989715421159534,0,0,0,0
2024-03-01 12:00:38.000,6.981888,6.9804016994546805,0,0,0,0
2024-03-01 12:00:38.250,6.971638,6.96950420400034,0,0,0,0
2024-03-01 12:00:38.500,6.953699,6.9545635072362435,0,0,0,0
2024-03-01 12:00:38.750,6.942167,6.943781559259466,0,0,0,0
2024-03-01 12:00:39.000,6.943449,6.94322860726855,0,0,0,0
2024-03-01 12:00:39.250,6.947292,6.945404670162687,0,0,0,0
2024-03-01 12:00:39.500,6.938323,6.939642756329237,0,0,0,0
2024-03-01 12:00:39.750,6.928072,6.926882454113012,0,0,0,0
2024-03-01 12:00:40.000,6.912696,6.915827411913324,0,0,0,0
2024-03-01 12:00:40.250,6.91328,6.909797510182153,0,0,0,0
2024-03-01 12:00:40.500,6.90431,6.905194512624731,0,0,0,0
2024-03-01 12:00:40.750,6.897904,6.898917103174155,0,0,0,0
2024-03-01 12:00:41.000,6.890216,6.890103528087624,0,0,0,0
2024-03-01 12:00:41.250,6.878684,6.878158013045784,0,0,0,0
2024-03-01 12:00:41.500,6.867152,6.86520653991296,0,0,0,0
2024-03-01 12:00:41.750,6.851776,6.856345673313688,0,0,0,0
2024-03-01 12:00:42.000,6.85562,6.852570150897552,0,0,0,0
2024-03-01 12:00:42.250,6.849213,6.848514334953215,0,0,0,0
2024-03-01 12:00:42.500,6.838963,6.840493181882984,0,0,0,0
2024-03-01 12:00:42.750,6.829993,6.831058520895637,0,0,0,0
2024-03-01 12:00:43.000,6.827431,6.823927198797211,0,0,0,0
2024-03-01 12:00:43.250,6.815898,6.8196891023679616,0,0,0,0
2024-03-01 12:00:43.500,6.819743,6.816675436824757,0,0,0,0
2024-03-01 12:00:43.750,6.809492,6.812288618998656,0,0,0,0
2024-03-01 12:00:44.000,6.806929,6.8048161094809005,0,0,0,0
2024-03-01 12:00:44.250,6.796679,6.796134582249149,0,0,0,0
2024-03-01 12:00:44.500,6.786428,6.789762108596903,0,0,0,0
2024-03-01 12:00:44.750,6.787709,6.785075979919305,0,0,0,0
2024-03-01 12:00:45.000,6.77874,6.777904365733324,0,0,0,0
2024-03-01 12:00:45.250,6.764645,6.767459870488717,0,0,0,0
2024-03-01 12:00:45.500,6.75952,6.757193155393801,0,0,0,0
2024-03-01 12:00:45.750,6.746706,6.748698109989748,0,0,0,0
2024-03-01 12:00:46.000,6.742863,6.740650897446689,0,0,0,0
2024-03-01 12:00:46.250,6.732612,6.733474466087191,0,0,0,0
2024-03-01 12:00:46.500,6.727487,6.7288811447965955,0,0,0,0
2024-03-01 12:00:46.750,6.726205,6.72479189667288,0,0,0,0
2024-03-01 12:00:47.000,6.717236,6.717047407667281,0,0,0,0
2024-03-01 12:00:47.250,6.706985,6.706420316854279,0,0,0,0
2024-03-01 12:00:47.500,6.694172,6.697491165653375,0,0,0,0
2024-03-01 12:00:47.750,6.694172,6.691171200547498,0,0,0,0
2024-03-01 12:00:48.000,6.686484,6.685221373244454,0,0,0,0
2024-03-01 12:00:48.250,6.676233,6.679620131942673,0,0,0,0
2024-03-01 12:00:48.500,6.673671,6.674038393938442,0,0,0,0
2024-03-01 12:00:48.750,6.669827,6.665175498687487,0,0,0,0
2024-03-01 12:00:49.000,6.650607,6.653880296649896,0,0,0,0
2024-03-01 12:00:49.250,6.646763,6.646933868578924,0,0,0,0
2024-03-01 12:00:49.500,6.6442,6.6453395016137735,0,0,0,0
2024-03-01 12:00:49.750,6.645482,6.641267876723558,0,0,0,0
2024-03-01 12:00:50.000,6.630105,6.631690285800733,0,0,0,0
2024-03-01 12:00:50.250,6.618574,6.622729056023318,0,0,0,0
2024-03-01 12:00:50.500,6.621136,6.617055684479709,0,0,0,0
2024-03-01 12:00:50.750,6.612167,6.610608241800688,0,0,0,0
2024-03-01 12:00:51.000,6.599354,6.603381986681247,0,0,0,0
2024-03-01 12:00:51.250,6.600635,6.599339891109913,0,0,0,0
2024-03-01 12:00:51.500,6.59551,6.595995955311104,0,0,0,0
2024-03-01 12:00:51.750,6.591666,6.587749677497795,0,0,0,0
2024-03-01 12:00:52.000,6.572446,6.577250232369135,0,0,0,0
2024-03-01 12:00:52.250,6.571164,6.570732825925221,0,0,0,0
2024-03-01 12:00:52.500,6.568602,6.566196310332175,0,0,0,0
2024-03-01 12:00:52.750,6.558351,6.558225256369881,0,0,0,0
2024-03-01 12:00:53.000,6.546819,6.549166809467417,0,0,0,0
2024-03-01 12:00:53.250,6.544256,6.544147645829594,0,0,0,0
2024-03-01 12:00:53.500,6.542975,6.540715650013115,0,0,0,0
2024-03-01 12:00:53.750,6.532724,6.533661167475672,0,0,0,0
2024-03-01 12:00:54.000,6.523755,6.5249297152435295,0,0,0,0
2024-03-01 12:00:54.250,6.521193,6.519960598327717,0,0,0,0
2024-03-01 12:00:54.500,6.517348,6.5177574968433,0,0,0,0
2024-03-01 12:00:54.750,6.510942,6.511842683928454,0,0,0,0
2024-03-01 12:00:55.000,6.503254,6.499956511505964,0,0,0,0
2024-03-01 12:00:55.250,6.482752,6.4868856319146975,0,0,0,0
2024-03-01 12:00:55.500,6.477627,6.476736221969996,0,0,0,0
2024-03-01 12:00:55.750,6.47122,6.468212510744906,0,0,0,0
2024-03-01 12:00:56.000,6.457126,6.4593548525666815,0,0,0,0
2024-03-01 12:00:56.250,6.448156,6.450326216789302,0,0,0,0
2024-03-01 12:00:56.500,6.444313,6.440692271222823,0,0,0,0
2024-03-01 12:00:56.750,6.431499,6.431334300216054,0,0,0,0
2024-03-01 12:00:57.000,6.423811,6.426840499427288,0,0,0,0
2024-03-01 12:00:57.250,6.428152,6.427990485927236,0,0,0,0
2024-03-01 12:00:57.500,6.430715,6.427406936601155,0,0,0,0
2024-03-01 12:00:57.750,6.419183,6.420333298068119,0,0,0,0
2024-03-01 12:00:58.000,6.408932,6.411422368451678,0,0,0,0
2024-03-01 12:00:58.250,6.405088,6.4048450163473145,0,0,0,0
2024-03-01 12:00:58.500,6.403807,6.398676866085227,0,0,0,0
2024-03-01 12:00:58.750,6.388431,6.3932587713281634,0,0,0,0
2024-03-01 12:00:59.000,6.390993,6.392497233736503,0,0,0,0
2024-03-01 12:00:59.250,6.399962,6.394537426664766,0,0,0,0
2024-03-01 12:00:59.500,6.389712,6.392984076163884,0,0,0,0
2024-03-01 12:00:59.750,6.387149,6.386771304622088,0,0,0,0
2024-03-01 12:01:00.000,6.37818,6.37879388701798,0,0,0,0
2024-03-01 12:01:00.250,6.369211,6.368320490511969,0,0,0,0
2024-03-01 12:01:00.500,6.355116,6.35376592131736,0,0,0,0
2024-03-01 12:01:00.750,6.335896,6.338940724177129,0,0,0,0
2024-03-01 12:01:01.000,6.33077,6.329216245530066,0,0,0,0
2024-03-01 12:01:01.250,6.325645,6.325125931119339,0,0,0,0
2024-03-01 12:01:01.500,6.324364,6.324687720275504,0,0,0,0
2024-03-01 12:01:01.750,6.326927,6.327244197302191,0,0,0,0
2024-03-01 12:01:02.000,6.329489,6.330571461277032,0,0,0,0
2024-03-01 12:01:02.250,6.332052,6.329587029713223,0,0,0,0
2024-03-01 12:01:02.500,6.321801,6.322670368798629,0,0,0,0
2024-03-01 12:01:02.750,6.312832,6.314737561357651,0,0,0,0
2024-03-01 12:01:03.000,6.312832,6.310300971002031,0,0,0,0
2024-03-01 12:01:03.250,6.306426,6.307678246479406,0,0,0,0
2024-03-01 12:01:03.500,6.302581,6.3031238600067265,0,0,0,0
2024-03-01 12:01:03.750,6.300019,6.296987774268601,0,0,0,0
2024-03-01 12:01:04.000,6.287206,6.2924456620308575,0,0,0,0
2024-03-01 12:01:04.250,6.294893,6.290514819193324,0,0,0,0
2024-03-01 12:01:04.500,6.289768,6.289765205809601,0,0,0,0
